[02-Jul-2025 21:21:14 UTC] PHP Fatal error:  Uncaught Error: Call to undefined function asset_path() in /var/www/html/wp-content/cache/acorn/framework/views/027b0c36f4d7b8601abe9b556f9efdec.php:20
Stack trace:
#0 /var/www/html/wp-content/themes/reyjesuspf/vendor/illuminate/filesystem/Filesystem.php(123): require()
#1 /var/www/html/wp-content/themes/reyjesuspf/vendor/illuminate/filesystem/Filesystem.php(124): Illuminate\Filesystem\Filesystem::Illuminate\Filesystem\{closure}()
#2 /var/www/html/wp-content/themes/reyjesuspf/vendor/illuminate/view/Engines/PhpEngine.php(57): Illuminate\Filesystem\Filesystem->getRequire('/var/www/html/w...', Array)
#3 /var/www/html/wp-content/themes/reyjesuspf/vendor/illuminate/view/Engines/CompilerEngine.php(74): Illuminate\View\Engines\PhpEngine->evaluatePath('/var/www/html/w...', Array)
#4 /var/www/html/wp-content/themes/reyjesuspf/vendor/illuminate/view/View.php(208): Illuminate\View\Engines\CompilerEngine->get('/var/www/html/w...', Array)
#5 /var/www/html/wp-content/themes/reyjesuspf/vendor/illuminate/view/View.php(191): Illuminate\View\View->getContents()
#6 /var/www/html/wp-content/themes/reyjesuspf/vendor/illuminate/view/View.php(160): Illuminate\View\View->renderContents()
#7 /var/www/html/wp-content/cache/acorn/framework/views/872aeea5bc83526cef78522aea6c4ac7.php(19): Illuminate\View\View->render()
#8 /var/www/html/wp-content/themes/reyjesuspf/vendor/illuminate/filesystem/Filesystem.php(123): require('/var/www/html/w...')
#9 /var/www/html/wp-content/themes/reyjesuspf/vendor/illuminate/filesystem/Filesystem.php(124): Illuminate\Filesystem\Filesystem::Illuminate\Filesystem\{closure}()
#10 /var/www/html/wp-content/themes/reyjesuspf/vendor/illuminate/view/Engines/PhpEngine.php(57): Illuminate\Filesystem\Filesystem->getRequire('/var/www/html/w...', Array)
#11 /var/www/html/wp-content/themes/reyjesuspf/vendor/illuminate/view/Engines/CompilerEngine.php(74): Illuminate\View\Engines\PhpEngine->evaluatePath('/var/www/html/w...', Array)
#12 /var/www/html/wp-content/themes/reyjesuspf/vendor/illuminate/view/View.php(208): Illuminate\View\Engines\CompilerEngine->get('/var/www/html/w...', Array)
#13 /var/www/html/wp-content/themes/reyjesuspf/vendor/illuminate/view/View.php(191): Illuminate\View\View->getContents()
#14 /var/www/html/wp-content/themes/reyjesuspf/vendor/illuminate/view/View.php(160): Illuminate\View\View->renderContents()
#15 /var/www/html/wp-content/cache/acorn/framework/views/4e85496a1c8783340d210e65441ad863.php(14): Illuminate\View\View->render()
#16 /var/www/html/wp-content/themes/reyjesuspf/vendor/illuminate/filesystem/Filesystem.php(123): require('/var/www/html/w...')
#17 /var/www/html/wp-content/themes/reyjesuspf/vendor/illuminate/filesystem/Filesystem.php(124): Illuminate\Filesystem\Filesystem::Illuminate\Filesystem\{closure}()
#18 /var/www/html/wp-content/themes/reyjesuspf/vendor/illuminate/view/Engines/PhpEngine.php(57): Illuminate\Filesystem\Filesystem->getRequire('/var/www/html/w...', Array)
#19 /var/www/html/wp-content/themes/reyjesuspf/vendor/illuminate/view/Engines/CompilerEngine.php(74): Illuminate\View\Engines\PhpEngine->evaluatePath('/var/www/html/w...', Array)
#20 /var/www/html/wp-content/themes/reyjesuspf/vendor/illuminate/view/View.php(208): Illuminate\View\Engines\CompilerEngine->get('/var/www/html/w...', Array)
#21 /var/www/html/wp-content/themes/reyjesuspf/vendor/illuminate/view/View.php(191): Illuminate\View\View->getContents()
#22 /var/www/html/wp-content/themes/reyjesuspf/vendor/illuminate/view/View.php(160): Illuminate\View\View->renderContents()
#23 /var/www/html/wp-content/themes/reyjesuspf/index.php(3): Illuminate\View\View->render()
#24 /var/www/html/wp-includes/template-loader.php(106): include('/var/www/html/w...')
#25 /var/www/html/wp-blog-header.php(19): require_once('/var/www/html/w...')
#26 /var/www/html/index.php(17): require('/var/www/html/w...')
#27 {main}

Next Illuminate\View\ViewException: Call to undefined function asset_path() (View: /var/www/html/wp-content/themes/reyjesuspf/resources/views/sections/header.blade.php) in /var/www/html/wp-content/cache/acorn/framework/views/027b0c36f4d7b8601abe9b556f9efdec.php:20
Stack trace:
#0 /var/www/html/wp-content/themes/reyjesuspf/vendor/illuminate/view/Engines/PhpEngine.php(59): Illuminate\View\Engines\CompilerEngine->handleViewException(Object(Error), 2)
#1 /var/www/html/wp-content/themes/reyjesuspf/vendor/illuminate/view/Engines/CompilerEngine.php(74): Illuminate\View\Engines\PhpEngine->evaluatePath('/var/www/html/w...', Array)
#2 /var/www/html/wp-content/themes/reyjesuspf/vendor/illuminate/view/View.php(208): Illuminate\View\Engines\CompilerEngine->get('/var/www/html/w...', Array)
#3 /var/www/html/wp-content/themes/reyjesuspf/vendor/illuminate/view/View.php(191): Illuminate\View\View->getContents()
#4 /var/www/html/wp-content/themes/reyjesuspf/vendor/illuminate/view/View.php(160): Illuminate\View\View->renderContents()
#5 /var/www/html/wp-content/cache/acorn/framework/views/872aeea5bc83526cef78522aea6c4ac7.php(19): Illuminate\View\View->render()
#6 /var/www/html/wp-content/themes/reyjesuspf/vendor/illuminate/filesystem/Filesystem.php(123): require('/var/www/html/w...')
#7 /var/www/html/wp-content/themes/reyjesuspf/vendor/illuminate/filesystem/Filesystem.php(124): Illuminate\Filesystem\Filesystem::Illuminate\Filesystem\{closure}()
#8 /var/www/html/wp-content/themes/reyjesuspf/vendor/illuminate/view/Engines/PhpEngine.php(57): Illuminate\Filesystem\Filesystem->getRequire('/var/www/html/w...', Array)
#9 /var/www/html/wp-content/themes/reyjesuspf/vendor/illuminate/view/Engines/CompilerEngine.php(74): Illuminate\View\Engines\PhpEngine->evaluatePath('/var/www/html/w...', Array)
#10 /var/www/html/wp-content/themes/reyjesuspf/vendor/illuminate/view/View.php(208): Illuminate\View\Engines\CompilerEngine->get('/var/www/html/w...', Array)
#11 /var/www/html/wp-content/themes/reyjesuspf/vendor/illuminate/view/View.php(191): Illuminate\View\View->getContents()
#12 /var/www/html/wp-content/themes/reyjesuspf/vendor/illuminate/view/View.php(160): Illuminate\View\View->renderContents()
#13 /var/www/html/wp-content/cache/acorn/framework/views/4e85496a1c8783340d210e65441ad863.php(14): Illuminate\View\View->render()
#14 /var/www/html/wp-content/themes/reyjesuspf/vendor/illuminate/filesystem/Filesystem.php(123): require('/var/www/html/w...')
#15 /var/www/html/wp-content/themes/reyjesuspf/vendor/illuminate/filesystem/Filesystem.php(124): Illuminate\Filesystem\Filesystem::Illuminate\Filesystem\{closure}()
#16 /var/www/html/wp-content/themes/reyjesuspf/vendor/illuminate/view/Engines/PhpEngine.php(57): Illuminate\Filesystem\Filesystem->getRequire('/var/www/html/w...', Array)
#17 /var/www/html/wp-content/themes/reyjesuspf/vendor/illuminate/view/Engines/CompilerEngine.php(74): Illuminate\View\Engines\PhpEngine->evaluatePath('/var/www/html/w...', Array)
#18 /var/www/html/wp-content/themes/reyjesuspf/vendor/illuminate/view/View.php(208): Illuminate\View\Engines\CompilerEngine->get('/var/www/html/w...', Array)
#19 /var/www/html/wp-content/themes/reyjesuspf/vendor/illuminate/view/View.php(191): Illuminate\View\View->getContents()
#20 /var/www/html/wp-content/themes/reyjesuspf/vendor/illuminate/view/View.php(160): Illuminate\View\View->renderContents()
#21 /var/www/html/wp-content/themes/reyjesuspf/index.php(3): Illuminate\View\View->render()
#22 /var/www/html/wp-includes/template-loader.php(106): include('/var/www/html/w...')
#23 /var/www/html/wp-blog-header.php(19): require_once('/var/www/html/w...')
#24 /var/www/html/index.php(17): require('/var/www/html/w...')
#25 {main}

Next Illuminate\View\ViewException: Call to undefined function asset_path() (View: /var/www/html/wp-content/themes/reyjesuspf/resources/views/sections/header.blade.php) (View: /var/www/html/wp-content/themes/reyjesuspf/resources/views/sections/header.blade.php) in /var/www/html/wp-content/cache/acorn/framework/views/027b0c36f4d7b8601abe9b556f9efdec.php:20
Stack trace:
#0 /var/www/html/wp-content/themes/reyjesuspf/vendor/illuminate/view/Engines/PhpEngine.php(59): Illuminate\View\Engines\CompilerEngine->handleViewException(Object(Illuminate\View\ViewException), 1)
#1 /var/www/html/wp-content/themes/reyjesuspf/vendor/illuminate/view/Engines/CompilerEngine.php(74): Illuminate\View\Engines\PhpEngine->evaluatePath('/var/www/html/w...', Array)
#2 /var/www/html/wp-content/themes/reyjesuspf/vendor/illuminate/view/View.php(208): Illuminate\View\Engines\CompilerEngine->get('/var/www/html/w...', Array)
#3 /var/www/html/wp-content/themes/reyjesuspf/vendor/illuminate/view/View.php(191): Illuminate\View\View->getContents()
#4 /var/www/html/wp-content/themes/reyjesuspf/vendor/illuminate/view/View.php(160): Illuminate\View\View->renderContents()
#5 /var/www/html/wp-content/cache/acorn/framework/views/4e85496a1c8783340d210e65441ad863.php(14): Illuminate\View\View->render()
#6 /var/www/html/wp-content/themes/reyjesuspf/vendor/illuminate/filesystem/Filesystem.php(123): require('/var/www/html/w...')
#7 /var/www/html/wp-content/themes/reyjesuspf/vendor/illuminate/filesystem/Filesystem.php(124): Illuminate\Filesystem\Filesystem::Illuminate\Filesystem\{closure}()
#8 /var/www/html/wp-content/themes/reyjesuspf/vendor/illuminate/view/Engines/PhpEngine.php(57): Illuminate\Filesystem\Filesystem->getRequire('/var/www/html/w...', Array)
#9 /var/www/html/wp-content/themes/reyjesuspf/vendor/illuminate/view/Engines/CompilerEngine.php(74): Illuminate\View\Engines\PhpEngine->evaluatePath('/var/www/html/w...', Array)
#10 /var/www/html/wp-content/themes/reyjesuspf/vendor/illuminate/view/View.php(208): Illuminate\View\Engines\CompilerEngine->get('/var/www/html/w...', Array)
#11 /var/www/html/wp-content/themes/reyjesuspf/vendor/illuminate/view/View.php(191): Illuminate\View\View->getContents()
#12 /var/www/html/wp-content/themes/reyjesuspf/vendor/illuminate/view/View.php(160): Illuminate\View\View->renderContents()
#13 /var/www/html/wp-content/themes/reyjesuspf/index.php(3): Illuminate\View\View->render()
#14 /var/www/html/wp-includes/template-loader.php(106): include('/var/www/html/w...')
#15 /var/www/html/wp-blog-header.php(19): require_once('/var/www/html/w...')
#16 /var/www/html/index.php(17): require('/var/www/html/w...')
#17 {main}

Next Illuminate\View\ViewException: Call to undefined function asset_path() (View: /var/www/html/wp-content/themes/reyjesuspf/resources/views/sections/header.blade.php) (View: /var/www/html/wp-content/themes/reyjesuspf/resources/views/sections/header.blade.php) (View: /var/www/html/wp-content/themes/reyjesuspf/resources/views/sections/header.blade.php) in /var/www/html/wp-content/cache/acorn/framework/views/027b0c36f4d7b8601abe9b556f9efdec.php:20
Stack trace:
#0 /var/www/html/wp-content/themes/reyjesuspf/vendor/illuminate/view/Engines/PhpEngine.php(59): Illuminate\View\Engines\CompilerEngine->handleViewException(Object(Illuminate\View\ViewException), 0)
#1 /var/www/html/wp-content/themes/reyjesuspf/vendor/illuminate/view/Engines/CompilerEngine.php(74): Illuminate\View\Engines\PhpEngine->evaluatePath('/var/www/html/w...', Array)
#2 /var/www/html/wp-content/themes/reyjesuspf/vendor/illuminate/view/View.php(208): Illuminate\View\Engines\CompilerEngine->get('/var/www/html/w...', Array)
#3 /var/www/html/wp-content/themes/reyjesuspf/vendor/illuminate/view/View.php(191): Illuminate\View\View->getContents()
#4 /var/www/html/wp-content/themes/reyjesuspf/vendor/illuminate/view/View.php(160): Illuminate\View\View->renderContents()
#5 /var/www/html/wp-content/themes/reyjesuspf/index.php(3): Illuminate\View\View->render()
#6 /var/www/html/wp-includes/template-loader.php(106): include('/var/www/html/w...')
#7 /var/www/html/wp-blog-header.php(19): require_once('/var/www/html/w...')
#8 /var/www/html/index.php(17): require('/var/www/html/w...')
#9 {main}
  thrown in /var/www/html/wp-content/cache/acorn/framework/views/027b0c36f4d7b8601abe9b556f9efdec.php on line 20
[04-Jul-2025 00:03:45 UTC] PHP Warning:  filemtime(): stat failed for /var/www/html/wp-content/themes/reyjesuspf/resources/views/partials/history/new-history.blade.php in /var/www/html/wp-content/themes/reyjesuspf/vendor/illuminate/filesystem/Filesystem.php on line 493
[04-Jul-2025 00:42:30 UTC] PHP Warning:  filemtime(): stat failed for /var/www/html/wp-content/themes/reyjesuspf/resources/views/partials/history/new-history.blade.php in /var/www/html/wp-content/themes/reyjesuspf/vendor/illuminate/filesystem/Filesystem.php on line 493
[04-Jul-2025 00:42:47 UTC] PHP Warning:  filemtime(): stat failed for /var/www/html/wp-content/themes/reyjesuspf/resources/views/partials/history/new-history.blade.php in /var/www/html/wp-content/themes/reyjesuspf/vendor/illuminate/filesystem/Filesystem.php on line 493
[04-Jul-2025 00:44:00 UTC] PHP Warning:  filemtime(): stat failed for /var/www/html/wp-content/themes/reyjesuspf/resources/views/partials/history/new-history.blade.php in /var/www/html/wp-content/themes/reyjesuspf/vendor/illuminate/filesystem/Filesystem.php on line 493
[04-Jul-2025 19:11:02 UTC] PHP Warning:  filemtime(): stat failed for /var/www/html/wp-content/themes/reyjesuspf/resources/views/partials/history/new-history.blade.php in /var/www/html/wp-content/themes/reyjesuspf/vendor/illuminate/filesystem/Filesystem.php on line 493
[04-Jul-2025 19:13:31 UTC] PHP Fatal error:  Uncaught InvalidArgumentException: View [partials.nuestrahistoriapage-nuestrahistoria] not found. in /var/www/html/wp-content/themes/reyjesuspf/vendor/illuminate/view/FileViewFinder.php:138
Stack trace:
#0 /var/www/html/wp-content/themes/reyjesuspf/vendor/illuminate/view/FileViewFinder.php(78): Illuminate\View\FileViewFinder->findInPaths('partials.nuestr...', Array)
#1 /var/www/html/wp-content/themes/reyjesuspf/vendor/illuminate/view/Factory.php(150): Illuminate\View\FileViewFinder->find('partials.nuestr...')
#2 /var/www/html/wp-content/cache/acorn/framework/views/4e85496a1c8783340d210e65441ad863.php(6): Illuminate\View\Factory->make('partials.nuestr...', Array)
#3 /var/www/html/wp-content/themes/reyjesuspf/vendor/illuminate/filesystem/Filesystem.php(123): require('/var/www/html/w...')
#4 /var/www/html/wp-content/themes/reyjesuspf/vendor/illuminate/filesystem/Filesystem.php(124): Illuminate\Filesystem\Filesystem::Illuminate\Filesystem\{closure}()
#5 /var/www/html/wp-content/themes/reyjesuspf/vendor/illuminate/view/Engines/PhpEngine.php(57): Illuminate\Filesystem\Filesystem->getRequire('/var/www/html/w...', Array)
#6 /var/www/html/wp-content/themes/reyjesuspf/vendor/illuminate/view/Engines/CompilerEngine.php(74): Illuminate\View\Engines\PhpEngine->evaluatePath('/var/www/html/w...', Array)
#7 /var/www/html/wp-content/themes/reyjesuspf/vendor/illuminate/view/View.php(208): Illuminate\View\Engines\CompilerEngine->get('/var/www/html/w...', Array)
#8 /var/www/html/wp-content/themes/reyjesuspf/vendor/illuminate/view/View.php(191): Illuminate\View\View->getContents()
#9 /var/www/html/wp-content/themes/reyjesuspf/vendor/illuminate/view/View.php(160): Illuminate\View\View->renderContents()
#10 /var/www/html/wp-content/themes/reyjesuspf/index.php(3): Illuminate\View\View->render()
#11 /var/www/html/wp-includes/template-loader.php(106): include('/var/www/html/w...')
#12 /var/www/html/wp-blog-header.php(19): require_once('/var/www/html/w...')
#13 /var/www/html/index.php(17): require('/var/www/html/w...')
#14 {main}

Next Illuminate\View\ViewException: View [partials.nuestrahistoriapage-nuestrahistoria] not found. (View: /var/www/html/wp-content/themes/reyjesuspf/resources/views/front-page.blade.php) in /var/www/html/wp-content/themes/reyjesuspf/vendor/illuminate/view/FileViewFinder.php:138
Stack trace:
#0 /var/www/html/wp-content/themes/reyjesuspf/vendor/illuminate/view/Engines/PhpEngine.php(59): Illuminate\View\Engines\CompilerEngine->handleViewException(Object(InvalidArgumentException), 0)
#1 /var/www/html/wp-content/themes/reyjesuspf/vendor/illuminate/view/Engines/CompilerEngine.php(74): Illuminate\View\Engines\PhpEngine->evaluatePath('/var/www/html/w...', Array)
#2 /var/www/html/wp-content/themes/reyjesuspf/vendor/illuminate/view/View.php(208): Illuminate\View\Engines\CompilerEngine->get('/var/www/html/w...', Array)
#3 /var/www/html/wp-content/themes/reyjesuspf/vendor/illuminate/view/View.php(191): Illuminate\View\View->getContents()
#4 /var/www/html/wp-content/themes/reyjesuspf/vendor/illuminate/view/View.php(160): Illuminate\View\View->renderContents()
#5 /var/www/html/wp-content/themes/reyjesuspf/index.php(3): Illuminate\View\View->render()
#6 /var/www/html/wp-includes/template-loader.php(106): include('/var/www/html/w...')
#7 /var/www/html/wp-blog-header.php(19): require_once('/var/www/html/w...')
#8 /var/www/html/index.php(17): require('/var/www/html/w...')
#9 {main}
  thrown in /var/www/html/wp-content/themes/reyjesuspf/vendor/illuminate/view/FileViewFinder.php on line 138
[04-Jul-2025 19:13:40 UTC] PHP Fatal error:  Uncaught InvalidArgumentException: View [partials.nuestrahistoriapage-nuestrahistoria] not found. in /var/www/html/wp-content/themes/reyjesuspf/vendor/illuminate/view/FileViewFinder.php:138
Stack trace:
#0 /var/www/html/wp-content/themes/reyjesuspf/vendor/illuminate/view/FileViewFinder.php(78): Illuminate\View\FileViewFinder->findInPaths('partials.nuestr...', Array)
#1 /var/www/html/wp-content/themes/reyjesuspf/vendor/illuminate/view/Factory.php(150): Illuminate\View\FileViewFinder->find('partials.nuestr...')
#2 /var/www/html/wp-content/cache/acorn/framework/views/4e85496a1c8783340d210e65441ad863.php(6): Illuminate\View\Factory->make('partials.nuestr...', Array)
#3 /var/www/html/wp-content/themes/reyjesuspf/vendor/illuminate/filesystem/Filesystem.php(123): require('/var/www/html/w...')
#4 /var/www/html/wp-content/themes/reyjesuspf/vendor/illuminate/filesystem/Filesystem.php(124): Illuminate\Filesystem\Filesystem::Illuminate\Filesystem\{closure}()
#5 /var/www/html/wp-content/themes/reyjesuspf/vendor/illuminate/view/Engines/PhpEngine.php(57): Illuminate\Filesystem\Filesystem->getRequire('/var/www/html/w...', Array)
#6 /var/www/html/wp-content/themes/reyjesuspf/vendor/illuminate/view/Engines/CompilerEngine.php(74): Illuminate\View\Engines\PhpEngine->evaluatePath('/var/www/html/w...', Array)
#7 /var/www/html/wp-content/themes/reyjesuspf/vendor/illuminate/view/View.php(208): Illuminate\View\Engines\CompilerEngine->get('/var/www/html/w...', Array)
#8 /var/www/html/wp-content/themes/reyjesuspf/vendor/illuminate/view/View.php(191): Illuminate\View\View->getContents()
#9 /var/www/html/wp-content/themes/reyjesuspf/vendor/illuminate/view/View.php(160): Illuminate\View\View->renderContents()
#10 /var/www/html/wp-content/themes/reyjesuspf/index.php(3): Illuminate\View\View->render()
#11 /var/www/html/wp-includes/template-loader.php(106): include('/var/www/html/w...')
#12 /var/www/html/wp-blog-header.php(19): require_once('/var/www/html/w...')
#13 /var/www/html/index.php(17): require('/var/www/html/w...')
#14 {main}

Next Illuminate\View\ViewException: View [partials.nuestrahistoriapage-nuestrahistoria] not found. (View: /var/www/html/wp-content/themes/reyjesuspf/resources/views/front-page.blade.php) in /var/www/html/wp-content/themes/reyjesuspf/vendor/illuminate/view/FileViewFinder.php:138
Stack trace:
#0 /var/www/html/wp-content/themes/reyjesuspf/vendor/illuminate/view/Engines/PhpEngine.php(59): Illuminate\View\Engines\CompilerEngine->handleViewException(Object(InvalidArgumentException), 0)
#1 /var/www/html/wp-content/themes/reyjesuspf/vendor/illuminate/view/Engines/CompilerEngine.php(74): Illuminate\View\Engines\PhpEngine->evaluatePath('/var/www/html/w...', Array)
#2 /var/www/html/wp-content/themes/reyjesuspf/vendor/illuminate/view/View.php(208): Illuminate\View\Engines\CompilerEngine->get('/var/www/html/w...', Array)
#3 /var/www/html/wp-content/themes/reyjesuspf/vendor/illuminate/view/View.php(191): Illuminate\View\View->getContents()
#4 /var/www/html/wp-content/themes/reyjesuspf/vendor/illuminate/view/View.php(160): Illuminate\View\View->renderContents()
#5 /var/www/html/wp-content/themes/reyjesuspf/index.php(3): Illuminate\View\View->render()
#6 /var/www/html/wp-includes/template-loader.php(106): include('/var/www/html/w...')
#7 /var/www/html/wp-blog-header.php(19): require_once('/var/www/html/w...')
#8 /var/www/html/index.php(17): require('/var/www/html/w...')
#9 {main}
  thrown in /var/www/html/wp-content/themes/reyjesuspf/vendor/illuminate/view/FileViewFinder.php on line 138
[04-Jul-2025 21:34:26 UTC] PHP Fatal error:  Uncaught ArgumentCountError: Too few arguments to function Roots\asset(), 0 passed in /var/www/html/wp-content/cache/acorn/framework/views/deab8d9ff5acf62027666488ac67351d.php on line 7 and at least 1 expected in /var/www/html/wp-content/themes/reyjesuspf/vendor/roots/acorn/src/Roots/helpers.php:14
Stack trace:
#0 /var/www/html/wp-content/cache/acorn/framework/views/deab8d9ff5acf62027666488ac67351d.php(7): Roots\asset()
#1 /var/www/html/wp-content/themes/reyjesuspf/vendor/illuminate/filesystem/Filesystem.php(123): require('/var/www/html/w...')
#2 /var/www/html/wp-content/themes/reyjesuspf/vendor/illuminate/filesystem/Filesystem.php(124): Illuminate\Filesystem\Filesystem::Illuminate\Filesystem\{closure}()
#3 /var/www/html/wp-content/themes/reyjesuspf/vendor/illuminate/view/Engines/PhpEngine.php(57): Illuminate\Filesystem\Filesystem->getRequire('/var/www/html/w...', Array)
#4 /var/www/html/wp-content/themes/reyjesuspf/vendor/illuminate/view/Engines/CompilerEngine.php(74): Illuminate\View\Engines\PhpEngine->evaluatePath('/var/www/html/w...', Array)
#5 /var/www/html/wp-content/themes/reyjesuspf/vendor/illuminate/view/View.php(208): Illuminate\View\Engines\CompilerEngine->get('/var/www/html/w...', Array)
#6 /var/www/html/wp-content/themes/reyjesuspf/vendor/illuminate/view/View.php(191): Illuminate\View\View->getContents()
#7 /var/www/html/wp-content/themes/reyjesuspf/vendor/illuminate/view/View.php(160): Illuminate\View\View->renderContents()
#8 /var/www/html/wp-content/cache/acorn/framework/views/4e85496a1c8783340d210e65441ad863.php(3): Illuminate\View\View->render()
#9 /var/www/html/wp-content/themes/reyjesuspf/vendor/illuminate/filesystem/Filesystem.php(123): require('/var/www/html/w...')
#10 /var/www/html/wp-content/themes/reyjesuspf/vendor/illuminate/filesystem/Filesystem.php(124): Illuminate\Filesystem\Filesystem::Illuminate\Filesystem\{closure}()
#11 /var/www/html/wp-content/themes/reyjesuspf/vendor/illuminate/view/Engines/PhpEngine.php(57): Illuminate\Filesystem\Filesystem->getRequire('/var/www/html/w...', Array)
#12 /var/www/html/wp-content/themes/reyjesuspf/vendor/illuminate/view/Engines/CompilerEngine.php(74): Illuminate\View\Engines\PhpEngine->evaluatePath('/var/www/html/w...', Array)
#13 /var/www/html/wp-content/themes/reyjesuspf/vendor/illuminate/view/View.php(208): Illuminate\View\Engines\CompilerEngine->get('/var/www/html/w...', Array)
#14 /var/www/html/wp-content/themes/reyjesuspf/vendor/illuminate/view/View.php(191): Illuminate\View\View->getContents()
#15 /var/www/html/wp-content/themes/reyjesuspf/vendor/illuminate/view/View.php(160): Illuminate\View\View->renderContents()
#16 /var/www/html/wp-content/themes/reyjesuspf/index.php(3): Illuminate\View\View->render()
#17 /var/www/html/wp-includes/template-loader.php(106): include('/var/www/html/w...')
#18 /var/www/html/wp-blog-header.php(19): require_once('/var/www/html/w...')
#19 /var/www/html/index.php(17): require('/var/www/html/w...')
#20 {main}

Next Illuminate\View\ViewException: Too few arguments to function Roots\asset(), 0 passed in /var/www/html/wp-content/cache/acorn/framework/views/deab8d9ff5acf62027666488ac67351d.php on line 7 and at least 1 expected (View: /var/www/html/wp-content/themes/reyjesuspf/resources/views/partials/pasodefe/pasodefe.blade.php) in /var/www/html/wp-content/themes/reyjesuspf/vendor/roots/acorn/src/Roots/helpers.php:14
Stack trace:
#0 /var/www/html/wp-content/themes/reyjesuspf/vendor/illuminate/view/Engines/PhpEngine.php(59): Illuminate\View\Engines\CompilerEngine->handleViewException(Object(ArgumentCountError), 2)
#1 /var/www/html/wp-content/themes/reyjesuspf/vendor/illuminate/view/Engines/CompilerEngine.php(74): Illuminate\View\Engines\PhpEngine->evaluatePath('/var/www/html/w...', Array)
#2 /var/www/html/wp-content/themes/reyjesuspf/vendor/illuminate/view/View.php(208): Illuminate\View\Engines\CompilerEngine->get('/var/www/html/w...', Array)
#3 /var/www/html/wp-content/themes/reyjesuspf/vendor/illuminate/view/View.php(191): Illuminate\View\View->getContents()
#4 /var/www/html/wp-content/themes/reyjesuspf/vendor/illuminate/view/View.php(160): Illuminate\View\View->renderContents()
#5 /var/www/html/wp-content/cache/acorn/framework/views/4e85496a1c8783340d210e65441ad863.php(3): Illuminate\View\View->render()
#6 /var/www/html/wp-content/themes/reyjesuspf/vendor/illuminate/filesystem/Filesystem.php(123): require('/var/www/html/w...')
#7 /var/www/html/wp-content/themes/reyjesuspf/vendor/illuminate/filesystem/Filesystem.php(124): Illuminate\Filesystem\Filesystem::Illuminate\Filesystem\{closure}()
#8 /var/www/html/wp-content/themes/reyjesuspf/vendor/illuminate/view/Engines/PhpEngine.php(57): Illuminate\Filesystem\Filesystem->getRequire('/var/www/html/w...', Array)
#9 /var/www/html/wp-content/themes/reyjesuspf/vendor/illuminate/view/Engines/CompilerEngine.php(74): Illuminate\View\Engines\PhpEngine->evaluatePath('/var/www/html/w...', Array)
#10 /var/www/html/wp-content/themes/reyjesuspf/vendor/illuminate/view/View.php(208): Illuminate\View\Engines\CompilerEngine->get('/var/www/html/w...', Array)
#11 /var/www/html/wp-content/themes/reyjesuspf/vendor/illuminate/view/View.php(191): Illuminate\View\View->getContents()
#12 /var/www/html/wp-content/themes/reyjesuspf/vendor/illuminate/view/View.php(160): Illuminate\View\View->renderContents()
#13 /var/www/html/wp-content/themes/reyjesuspf/index.php(3): Illuminate\View\View->render()
#14 /var/www/html/wp-includes/template-loader.php(106): include('/var/www/html/w...')
#15 /var/www/html/wp-blog-header.php(19): require_once('/var/www/html/w...')
#16 /var/www/html/index.php(17): require('/var/www/html/w...')
#17 {main}

Next Illuminate\View\ViewException: Too few arguments to function Roots\asset(), 0 passed in /var/www/html/wp-content/cache/acorn/framework/views/deab8d9ff5acf62027666488ac67351d.php on line 7 and at least 1 expected (View: /var/www/html/wp-content/themes/reyjesuspf/resources/views/partials/pasodefe/pasodefe.blade.php) (View: /var/www/html/wp-content/themes/reyjesuspf/resources/views/partials/pasodefe/pasodefe.blade.php) in /var/www/html/wp-content/themes/reyjesuspf/vendor/roots/acorn/src/Roots/helpers.php:14
Stack trace:
#0 /var/www/html/wp-content/themes/reyjesuspf/vendor/illuminate/view/Engines/PhpEngine.php(59): Illuminate\View\Engines\CompilerEngine->handleViewException(Object(Illuminate\View\ViewException), 0)
#1 /var/www/html/wp-content/themes/reyjesuspf/vendor/illuminate/view/Engines/CompilerEngine.php(74): Illuminate\View\Engines\PhpEngine->evaluatePath('/var/www/html/w...', Array)
#2 /var/www/html/wp-content/themes/reyjesuspf/vendor/illuminate/view/View.php(208): Illuminate\View\Engines\CompilerEngine->get('/var/www/html/w...', Array)
#3 /var/www/html/wp-content/themes/reyjesuspf/vendor/illuminate/view/View.php(191): Illuminate\View\View->getContents()
#4 /var/www/html/wp-content/themes/reyjesuspf/vendor/illuminate/view/View.php(160): Illuminate\View\View->renderContents()
#5 /var/www/html/wp-content/themes/reyjesuspf/index.php(3): Illuminate\View\View->render()
#6 /var/www/html/wp-includes/template-loader.php(106): include('/var/www/html/w...')
#7 /var/www/html/wp-blog-header.php(19): require_once('/var/www/html/w...')
#8 /var/www/html/index.php(17): require('/var/www/html/w...')
#9 {main}
  thrown in /var/www/html/wp-content/themes/reyjesuspf/vendor/roots/acorn/src/Roots/helpers.php on line 14
[07-Jul-2025 20:20:43 UTC] PHP Fatal error:  Uncaught InvalidArgumentException: View [partials.history.new-history] not found. in /var/www/html/wp-content/themes/reyjesuspf/vendor/illuminate/view/FileViewFinder.php:138
Stack trace:
#0 /var/www/html/wp-content/themes/reyjesuspf/vendor/illuminate/view/FileViewFinder.php(78): Illuminate\View\FileViewFinder->findInPaths('partials.histor...', Array)
#1 /var/www/html/wp-content/themes/reyjesuspf/vendor/illuminate/view/Factory.php(150): Illuminate\View\FileViewFinder->find('partials.histor...')
#2 /var/www/html/wp-content/cache/acorn/framework/views/cdef59d8ff7488b1dad1eac76bb173de.php(10): Illuminate\View\Factory->make('partials.histor...', Array)
#3 /var/www/html/wp-content/themes/reyjesuspf/vendor/illuminate/filesystem/Filesystem.php(123): require('/var/www/html/w...')
#4 /var/www/html/wp-content/themes/reyjesuspf/vendor/illuminate/filesystem/Filesystem.php(124): Illuminate\Filesystem\Filesystem::Illuminate\Filesystem\{closure}()
#5 /var/www/html/wp-content/themes/reyjesuspf/vendor/illuminate/view/Engines/PhpEngine.php(57): Illuminate\Filesystem\Filesystem->getRequire('/var/www/html/w...', Array)
#6 /var/www/html/wp-content/themes/reyjesuspf/vendor/illuminate/view/Engines/CompilerEngine.php(74): Illuminate\View\Engines\PhpEngine->evaluatePath('/var/www/html/w...', Array)
#7 /var/www/html/wp-content/themes/reyjesuspf/vendor/illuminate/view/View.php(208): Illuminate\View\Engines\CompilerEngine->get('/var/www/html/w...', Array)
#8 /var/www/html/wp-content/themes/reyjesuspf/vendor/illuminate/view/View.php(191): Illuminate\View\View->getContents()
#9 /var/www/html/wp-content/themes/reyjesuspf/vendor/illuminate/view/View.php(160): Illuminate\View\View->renderContents()
#10 /var/www/html/wp-content/themes/reyjesuspf/index.php(3): Illuminate\View\View->render()
#11 /var/www/html/wp-includes/template-loader.php(106): include('/var/www/html/w...')
#12 /var/www/html/wp-blog-header.php(19): require_once('/var/www/html/w...')
#13 /var/www/html/index.php(17): require('/var/www/html/w...')
#14 {main}

Next Illuminate\View\ViewException: View [partials.history.new-history] not found. (View: /var/www/html/wp-content/themes/reyjesuspf/resources/views/about.blade.php) in /var/www/html/wp-content/themes/reyjesuspf/vendor/illuminate/view/FileViewFinder.php:138
Stack trace:
#0 /var/www/html/wp-content/themes/reyjesuspf/vendor/illuminate/view/Engines/PhpEngine.php(59): Illuminate\View\Engines\CompilerEngine->handleViewException(Object(InvalidArgumentException), 0)
#1 /var/www/html/wp-content/themes/reyjesuspf/vendor/illuminate/view/Engines/CompilerEngine.php(74): Illuminate\View\Engines\PhpEngine->evaluatePath('/var/www/html/w...', Array)
#2 /var/www/html/wp-content/themes/reyjesuspf/vendor/illuminate/view/View.php(208): Illuminate\View\Engines\CompilerEngine->get('/var/www/html/w...', Array)
#3 /var/www/html/wp-content/themes/reyjesuspf/vendor/illuminate/view/View.php(191): Illuminate\View\View->getContents()
#4 /var/www/html/wp-content/themes/reyjesuspf/vendor/illuminate/view/View.php(160): Illuminate\View\View->renderContents()
#5 /var/www/html/wp-content/themes/reyjesuspf/index.php(3): Illuminate\View\View->render()
#6 /var/www/html/wp-includes/template-loader.php(106): include('/var/www/html/w...')
#7 /var/www/html/wp-blog-header.php(19): require_once('/var/www/html/w...')
#8 /var/www/html/index.php(17): require('/var/www/html/w...')
#9 {main}
  thrown in /var/www/html/wp-content/themes/reyjesuspf/vendor/illuminate/view/FileViewFinder.php on line 138
[07-Jul-2025 20:21:12 UTC] PHP Fatal error:  Uncaught InvalidArgumentException: View [partials.history.new-history] not found. in /var/www/html/wp-content/themes/reyjesuspf/vendor/illuminate/view/FileViewFinder.php:138
Stack trace:
#0 /var/www/html/wp-content/themes/reyjesuspf/vendor/illuminate/view/FileViewFinder.php(78): Illuminate\View\FileViewFinder->findInPaths('partials.histor...', Array)
#1 /var/www/html/wp-content/themes/reyjesuspf/vendor/illuminate/view/Factory.php(150): Illuminate\View\FileViewFinder->find('partials.histor...')
#2 /var/www/html/wp-content/cache/acorn/framework/views/cdef59d8ff7488b1dad1eac76bb173de.php(10): Illuminate\View\Factory->make('partials.histor...', Array)
#3 /var/www/html/wp-content/themes/reyjesuspf/vendor/illuminate/filesystem/Filesystem.php(123): require('/var/www/html/w...')
#4 /var/www/html/wp-content/themes/reyjesuspf/vendor/illuminate/filesystem/Filesystem.php(124): Illuminate\Filesystem\Filesystem::Illuminate\Filesystem\{closure}()
#5 /var/www/html/wp-content/themes/reyjesuspf/vendor/illuminate/view/Engines/PhpEngine.php(57): Illuminate\Filesystem\Filesystem->getRequire('/var/www/html/w...', Array)
#6 /var/www/html/wp-content/themes/reyjesuspf/vendor/illuminate/view/Engines/CompilerEngine.php(74): Illuminate\View\Engines\PhpEngine->evaluatePath('/var/www/html/w...', Array)
#7 /var/www/html/wp-content/themes/reyjesuspf/vendor/illuminate/view/View.php(208): Illuminate\View\Engines\CompilerEngine->get('/var/www/html/w...', Array)
#8 /var/www/html/wp-content/themes/reyjesuspf/vendor/illuminate/view/View.php(191): Illuminate\View\View->getContents()
#9 /var/www/html/wp-content/themes/reyjesuspf/vendor/illuminate/view/View.php(160): Illuminate\View\View->renderContents()
#10 /var/www/html/wp-content/themes/reyjesuspf/index.php(3): Illuminate\View\View->render()
#11 /var/www/html/wp-includes/template-loader.php(106): include('/var/www/html/w...')
#12 /var/www/html/wp-blog-header.php(19): require_once('/var/www/html/w...')
#13 /var/www/html/index.php(17): require('/var/www/html/w...')
#14 {main}

Next Illuminate\View\ViewException: View [partials.history.new-history] not found. (View: /var/www/html/wp-content/themes/reyjesuspf/resources/views/about.blade.php) in /var/www/html/wp-content/themes/reyjesuspf/vendor/illuminate/view/FileViewFinder.php:138
Stack trace:
#0 /var/www/html/wp-content/themes/reyjesuspf/vendor/illuminate/view/Engines/PhpEngine.php(59): Illuminate\View\Engines\CompilerEngine->handleViewException(Object(InvalidArgumentException), 0)
#1 /var/www/html/wp-content/themes/reyjesuspf/vendor/illuminate/view/Engines/CompilerEngine.php(74): Illuminate\View\Engines\PhpEngine->evaluatePath('/var/www/html/w...', Array)
#2 /var/www/html/wp-content/themes/reyjesuspf/vendor/illuminate/view/View.php(208): Illuminate\View\Engines\CompilerEngine->get('/var/www/html/w...', Array)
#3 /var/www/html/wp-content/themes/reyjesuspf/vendor/illuminate/view/View.php(191): Illuminate\View\View->getContents()
#4 /var/www/html/wp-content/themes/reyjesuspf/vendor/illuminate/view/View.php(160): Illuminate\View\View->renderContents()
#5 /var/www/html/wp-content/themes/reyjesuspf/index.php(3): Illuminate\View\View->render()
#6 /var/www/html/wp-includes/template-loader.php(106): include('/var/www/html/w...')
#7 /var/www/html/wp-blog-header.php(19): require_once('/var/www/html/w...')
#8 /var/www/html/index.php(17): require('/var/www/html/w...')
#9 {main}
  thrown in /var/www/html/wp-content/themes/reyjesuspf/vendor/illuminate/view/FileViewFinder.php on line 138
[07-Jul-2025 20:21:16 UTC] PHP Fatal error:  Uncaught InvalidArgumentException: View [partials.history.new-history] not found. in /var/www/html/wp-content/themes/reyjesuspf/vendor/illuminate/view/FileViewFinder.php:138
Stack trace:
#0 /var/www/html/wp-content/themes/reyjesuspf/vendor/illuminate/view/FileViewFinder.php(78): Illuminate\View\FileViewFinder->findInPaths('partials.histor...', Array)
#1 /var/www/html/wp-content/themes/reyjesuspf/vendor/illuminate/view/Factory.php(150): Illuminate\View\FileViewFinder->find('partials.histor...')
#2 /var/www/html/wp-content/cache/acorn/framework/views/cdef59d8ff7488b1dad1eac76bb173de.php(10): Illuminate\View\Factory->make('partials.histor...', Array)
#3 /var/www/html/wp-content/themes/reyjesuspf/vendor/illuminate/filesystem/Filesystem.php(123): require('/var/www/html/w...')
#4 /var/www/html/wp-content/themes/reyjesuspf/vendor/illuminate/filesystem/Filesystem.php(124): Illuminate\Filesystem\Filesystem::Illuminate\Filesystem\{closure}()
#5 /var/www/html/wp-content/themes/reyjesuspf/vendor/illuminate/view/Engines/PhpEngine.php(57): Illuminate\Filesystem\Filesystem->getRequire('/var/www/html/w...', Array)
#6 /var/www/html/wp-content/themes/reyjesuspf/vendor/illuminate/view/Engines/CompilerEngine.php(74): Illuminate\View\Engines\PhpEngine->evaluatePath('/var/www/html/w...', Array)
#7 /var/www/html/wp-content/themes/reyjesuspf/vendor/illuminate/view/View.php(208): Illuminate\View\Engines\CompilerEngine->get('/var/www/html/w...', Array)
#8 /var/www/html/wp-content/themes/reyjesuspf/vendor/illuminate/view/View.php(191): Illuminate\View\View->getContents()
#9 /var/www/html/wp-content/themes/reyjesuspf/vendor/illuminate/view/View.php(160): Illuminate\View\View->renderContents()
#10 /var/www/html/wp-content/themes/reyjesuspf/index.php(3): Illuminate\View\View->render()
#11 /var/www/html/wp-includes/template-loader.php(106): include('/var/www/html/w...')
#12 /var/www/html/wp-blog-header.php(19): require_once('/var/www/html/w...')
#13 /var/www/html/index.php(17): require('/var/www/html/w...')
#14 {main}

Next Illuminate\View\ViewException: View [partials.history.new-history] not found. (View: /var/www/html/wp-content/themes/reyjesuspf/resources/views/about.blade.php) in /var/www/html/wp-content/themes/reyjesuspf/vendor/illuminate/view/FileViewFinder.php:138
Stack trace:
#0 /var/www/html/wp-content/themes/reyjesuspf/vendor/illuminate/view/Engines/PhpEngine.php(59): Illuminate\View\Engines\CompilerEngine->handleViewException(Object(InvalidArgumentException), 0)
#1 /var/www/html/wp-content/themes/reyjesuspf/vendor/illuminate/view/Engines/CompilerEngine.php(74): Illuminate\View\Engines\PhpEngine->evaluatePath('/var/www/html/w...', Array)
#2 /var/www/html/wp-content/themes/reyjesuspf/vendor/illuminate/view/View.php(208): Illuminate\View\Engines\CompilerEngine->get('/var/www/html/w...', Array)
#3 /var/www/html/wp-content/themes/reyjesuspf/vendor/illuminate/view/View.php(191): Illuminate\View\View->getContents()
#4 /var/www/html/wp-content/themes/reyjesuspf/vendor/illuminate/view/View.php(160): Illuminate\View\View->renderContents()
#5 /var/www/html/wp-content/themes/reyjesuspf/index.php(3): Illuminate\View\View->render()
#6 /var/www/html/wp-includes/template-loader.php(106): include('/var/www/html/w...')
#7 /var/www/html/wp-blog-header.php(19): require_once('/var/www/html/w...')
#8 /var/www/html/index.php(17): require('/var/www/html/w...')
#9 {main}
  thrown in /var/www/html/wp-content/themes/reyjesuspf/vendor/illuminate/view/FileViewFinder.php on line 138
[07-Jul-2025 20:21:27 UTC] PHP Fatal error:  Uncaught InvalidArgumentException: View [partials.history.new-history] not found. in /var/www/html/wp-content/themes/reyjesuspf/vendor/illuminate/view/FileViewFinder.php:138
Stack trace:
#0 /var/www/html/wp-content/themes/reyjesuspf/vendor/illuminate/view/FileViewFinder.php(78): Illuminate\View\FileViewFinder->findInPaths('partials.histor...', Array)
#1 /var/www/html/wp-content/themes/reyjesuspf/vendor/illuminate/view/Factory.php(150): Illuminate\View\FileViewFinder->find('partials.histor...')
#2 /var/www/html/wp-content/cache/acorn/framework/views/cdef59d8ff7488b1dad1eac76bb173de.php(10): Illuminate\View\Factory->make('partials.histor...', Array)
#3 /var/www/html/wp-content/themes/reyjesuspf/vendor/illuminate/filesystem/Filesystem.php(123): require('/var/www/html/w...')
#4 /var/www/html/wp-content/themes/reyjesuspf/vendor/illuminate/filesystem/Filesystem.php(124): Illuminate\Filesystem\Filesystem::Illuminate\Filesystem\{closure}()
#5 /var/www/html/wp-content/themes/reyjesuspf/vendor/illuminate/view/Engines/PhpEngine.php(57): Illuminate\Filesystem\Filesystem->getRequire('/var/www/html/w...', Array)
#6 /var/www/html/wp-content/themes/reyjesuspf/vendor/illuminate/view/Engines/CompilerEngine.php(74): Illuminate\View\Engines\PhpEngine->evaluatePath('/var/www/html/w...', Array)
#7 /var/www/html/wp-content/themes/reyjesuspf/vendor/illuminate/view/View.php(208): Illuminate\View\Engines\CompilerEngine->get('/var/www/html/w...', Array)
#8 /var/www/html/wp-content/themes/reyjesuspf/vendor/illuminate/view/View.php(191): Illuminate\View\View->getContents()
#9 /var/www/html/wp-content/themes/reyjesuspf/vendor/illuminate/view/View.php(160): Illuminate\View\View->renderContents()
#10 /var/www/html/wp-content/themes/reyjesuspf/index.php(3): Illuminate\View\View->render()
#11 /var/www/html/wp-includes/template-loader.php(106): include('/var/www/html/w...')
#12 /var/www/html/wp-blog-header.php(19): require_once('/var/www/html/w...')
#13 /var/www/html/index.php(17): require('/var/www/html/w...')
#14 {main}

Next Illuminate\View\ViewException: View [partials.history.new-history] not found. (View: /var/www/html/wp-content/themes/reyjesuspf/resources/views/about.blade.php) in /var/www/html/wp-content/themes/reyjesuspf/vendor/illuminate/view/FileViewFinder.php:138
Stack trace:
#0 /var/www/html/wp-content/themes/reyjesuspf/vendor/illuminate/view/Engines/PhpEngine.php(59): Illuminate\View\Engines\CompilerEngine->handleViewException(Object(InvalidArgumentException), 0)
#1 /var/www/html/wp-content/themes/reyjesuspf/vendor/illuminate/view/Engines/CompilerEngine.php(74): Illuminate\View\Engines\PhpEngine->evaluatePath('/var/www/html/w...', Array)
#2 /var/www/html/wp-content/themes/reyjesuspf/vendor/illuminate/view/View.php(208): Illuminate\View\Engines\CompilerEngine->get('/var/www/html/w...', Array)
#3 /var/www/html/wp-content/themes/reyjesuspf/vendor/illuminate/view/View.php(191): Illuminate\View\View->getContents()
#4 /var/www/html/wp-content/themes/reyjesuspf/vendor/illuminate/view/View.php(160): Illuminate\View\View->renderContents()
#5 /var/www/html/wp-content/themes/reyjesuspf/index.php(3): Illuminate\View\View->render()
#6 /var/www/html/wp-includes/template-loader.php(106): include('/var/www/html/w...')
#7 /var/www/html/wp-blog-header.php(19): require_once('/var/www/html/w...')
#8 /var/www/html/index.php(17): require('/var/www/html/w...')
#9 {main}
  thrown in /var/www/html/wp-content/themes/reyjesuspf/vendor/illuminate/view/FileViewFinder.php on line 138
[07-Jul-2025 20:27:55 UTC] PHP Fatal error:  Uncaught InvalidArgumentException: View [partials.history.new-history] not found. in /var/www/html/wp-content/themes/reyjesuspf/vendor/illuminate/view/FileViewFinder.php:138
Stack trace:
#0 /var/www/html/wp-content/themes/reyjesuspf/vendor/illuminate/view/FileViewFinder.php(78): Illuminate\View\FileViewFinder->findInPaths('partials.histor...', Array)
#1 /var/www/html/wp-content/themes/reyjesuspf/vendor/illuminate/view/Factory.php(150): Illuminate\View\FileViewFinder->find('partials.histor...')
#2 /var/www/html/wp-content/cache/acorn/framework/views/cdef59d8ff7488b1dad1eac76bb173de.php(11): Illuminate\View\Factory->make('partials.histor...', Array)
#3 /var/www/html/wp-content/themes/reyjesuspf/vendor/illuminate/filesystem/Filesystem.php(123): require('/var/www/html/w...')
#4 /var/www/html/wp-content/themes/reyjesuspf/vendor/illuminate/filesystem/Filesystem.php(124): Illuminate\Filesystem\Filesystem::Illuminate\Filesystem\{closure}()
#5 /var/www/html/wp-content/themes/reyjesuspf/vendor/illuminate/view/Engines/PhpEngine.php(57): Illuminate\Filesystem\Filesystem->getRequire('/var/www/html/w...', Array)
#6 /var/www/html/wp-content/themes/reyjesuspf/vendor/illuminate/view/Engines/CompilerEngine.php(74): Illuminate\View\Engines\PhpEngine->evaluatePath('/var/www/html/w...', Array)
#7 /var/www/html/wp-content/themes/reyjesuspf/vendor/illuminate/view/View.php(208): Illuminate\View\Engines\CompilerEngine->get('/var/www/html/w...', Array)
#8 /var/www/html/wp-content/themes/reyjesuspf/vendor/illuminate/view/View.php(191): Illuminate\View\View->getContents()
#9 /var/www/html/wp-content/themes/reyjesuspf/vendor/illuminate/view/View.php(160): Illuminate\View\View->renderContents()
#10 /var/www/html/wp-content/themes/reyjesuspf/index.php(3): Illuminate\View\View->render()
#11 /var/www/html/wp-includes/template-loader.php(106): include('/var/www/html/w...')
#12 /var/www/html/wp-blog-header.php(19): require_once('/var/www/html/w...')
#13 /var/www/html/index.php(17): require('/var/www/html/w...')
#14 {main}

Next Illuminate\View\ViewException: View [partials.history.new-history] not found. (View: /var/www/html/wp-content/themes/reyjesuspf/resources/views/about.blade.php) in /var/www/html/wp-content/themes/reyjesuspf/vendor/illuminate/view/FileViewFinder.php:138
Stack trace:
#0 /var/www/html/wp-content/themes/reyjesuspf/vendor/illuminate/view/Engines/PhpEngine.php(59): Illuminate\View\Engines\CompilerEngine->handleViewException(Object(InvalidArgumentException), 0)
#1 /var/www/html/wp-content/themes/reyjesuspf/vendor/illuminate/view/Engines/CompilerEngine.php(74): Illuminate\View\Engines\PhpEngine->evaluatePath('/var/www/html/w...', Array)
#2 /var/www/html/wp-content/themes/reyjesuspf/vendor/illuminate/view/View.php(208): Illuminate\View\Engines\CompilerEngine->get('/var/www/html/w...', Array)
#3 /var/www/html/wp-content/themes/reyjesuspf/vendor/illuminate/view/View.php(191): Illuminate\View\View->getContents()
#4 /var/www/html/wp-content/themes/reyjesuspf/vendor/illuminate/view/View.php(160): Illuminate\View\View->renderContents()
#5 /var/www/html/wp-content/themes/reyjesuspf/index.php(3): Illuminate\View\View->render()
#6 /var/www/html/wp-includes/template-loader.php(106): include('/var/www/html/w...')
#7 /var/www/html/wp-blog-header.php(19): require_once('/var/www/html/w...')
#8 /var/www/html/index.php(17): require('/var/www/html/w...')
#9 {main}
  thrown in /var/www/html/wp-content/themes/reyjesuspf/vendor/illuminate/view/FileViewFinder.php on line 138
[07-Jul-2025 20:35:43 UTC] PHP Fatal error:  Uncaught InvalidArgumentException: View [partials.aboutpage.about] not found. in /var/www/html/wp-content/themes/reyjesuspf/vendor/illuminate/view/FileViewFinder.php:138
Stack trace:
#0 /var/www/html/wp-content/themes/reyjesuspf/vendor/illuminate/view/FileViewFinder.php(78): Illuminate\View\FileViewFinder->findInPaths('partials.aboutp...', Array)
#1 /var/www/html/wp-content/themes/reyjesuspf/vendor/illuminate/view/Factory.php(150): Illuminate\View\FileViewFinder->find('partials.aboutp...')
#2 /var/www/html/wp-content/cache/acorn/framework/views/cdef59d8ff7488b1dad1eac76bb173de.php(7): Illuminate\View\Factory->make('partials.aboutp...', Array)
#3 /var/www/html/wp-content/themes/reyjesuspf/vendor/illuminate/filesystem/Filesystem.php(123): require('/var/www/html/w...')
#4 /var/www/html/wp-content/themes/reyjesuspf/vendor/illuminate/filesystem/Filesystem.php(124): Illuminate\Filesystem\Filesystem::Illuminate\Filesystem\{closure}()
#5 /var/www/html/wp-content/themes/reyjesuspf/vendor/illuminate/view/Engines/PhpEngine.php(57): Illuminate\Filesystem\Filesystem->getRequire('/var/www/html/w...', Array)
#6 /var/www/html/wp-content/themes/reyjesuspf/vendor/illuminate/view/Engines/CompilerEngine.php(74): Illuminate\View\Engines\PhpEngine->evaluatePath('/var/www/html/w...', Array)
#7 /var/www/html/wp-content/themes/reyjesuspf/vendor/illuminate/view/View.php(208): Illuminate\View\Engines\CompilerEngine->get('/var/www/html/w...', Array)
#8 /var/www/html/wp-content/themes/reyjesuspf/vendor/illuminate/view/View.php(191): Illuminate\View\View->getContents()
#9 /var/www/html/wp-content/themes/reyjesuspf/vendor/illuminate/view/View.php(160): Illuminate\View\View->renderContents()
#10 /var/www/html/wp-content/themes/reyjesuspf/index.php(3): Illuminate\View\View->render()
#11 /var/www/html/wp-includes/template-loader.php(106): include('/var/www/html/w...')
#12 /var/www/html/wp-blog-header.php(19): require_once('/var/www/html/w...')
#13 /var/www/html/index.php(17): require('/var/www/html/w...')
#14 {main}

Next Illuminate\View\ViewException: View [partials.aboutpage.about] not found. (View: /var/www/html/wp-content/themes/reyjesuspf/resources/views/about.blade.php) in /var/www/html/wp-content/themes/reyjesuspf/vendor/illuminate/view/FileViewFinder.php:138
Stack trace:
#0 /var/www/html/wp-content/themes/reyjesuspf/vendor/illuminate/view/Engines/PhpEngine.php(59): Illuminate\View\Engines\CompilerEngine->handleViewException(Object(InvalidArgumentException), 0)
#1 /var/www/html/wp-content/themes/reyjesuspf/vendor/illuminate/view/Engines/CompilerEngine.php(74): Illuminate\View\Engines\PhpEngine->evaluatePath('/var/www/html/w...', Array)
#2 /var/www/html/wp-content/themes/reyjesuspf/vendor/illuminate/view/View.php(208): Illuminate\View\Engines\CompilerEngine->get('/var/www/html/w...', Array)
#3 /var/www/html/wp-content/themes/reyjesuspf/vendor/illuminate/view/View.php(191): Illuminate\View\View->getContents()
#4 /var/www/html/wp-content/themes/reyjesuspf/vendor/illuminate/view/View.php(160): Illuminate\View\View->renderContents()
#5 /var/www/html/wp-content/themes/reyjesuspf/index.php(3): Illuminate\View\View->render()
#6 /var/www/html/wp-includes/template-loader.php(106): include('/var/www/html/w...')
#7 /var/www/html/wp-blog-header.php(19): require_once('/var/www/html/w...')
#8 /var/www/html/index.php(17): require('/var/www/html/w...')
#9 {main}
  thrown in /var/www/html/wp-content/themes/reyjesuspf/vendor/illuminate/view/FileViewFinder.php on line 138
[07-Jul-2025 23:58:09 UTC] PHP Fatal error:  Uncaught InvalidArgumentException: Unrecognized extension in file: . in /var/www/html/wp-content/themes/reyjesuspf/vendor/illuminate/view/Factory.php:322
Stack trace:
#0 /var/www/html/wp-content/themes/reyjesuspf/vendor/illuminate/view/Factory.php(287): Illuminate\View\Factory->getEngineFromPath(false)
#1 /var/www/html/wp-content/themes/reyjesuspf/vendor/illuminate/view/Factory.php(135): Illuminate\View\Factory->viewInstance(false, false, Array)
#2 /var/www/html/wp-content/themes/reyjesuspf/vendor/roots/acorn/src/Roots/helpers.php(68): Illuminate\View\Factory->file(false, Array, Array)
#3 /var/www/html/wp-content/themes/reyjesuspf/vendor/roots/acorn/src/Roots/globals.php(13): Roots\view(false, Array)
#4 /var/www/html/wp-content/themes/reyjesuspf/index.php(3): view(false, Array)
#5 /var/www/html/wp-includes/template-loader.php(106): include('/var/www/html/w...')
#6 /var/www/html/wp-blog-header.php(19): require_once('/var/www/html/w...')
#7 /var/www/html/index.php(17): require('/var/www/html/w...')
#8 {main}
  thrown in /var/www/html/wp-content/themes/reyjesuspf/vendor/illuminate/view/Factory.php on line 322
[07-Jul-2025 23:58:09 UTC] PHP Fatal error:  Uncaught InvalidArgumentException: Unrecognized extension in file: . in /var/www/html/wp-content/themes/reyjesuspf/vendor/illuminate/view/Factory.php:322
Stack trace:
#0 /var/www/html/wp-content/themes/reyjesuspf/vendor/illuminate/view/Factory.php(287): Illuminate\View\Factory->getEngineFromPath(false)
#1 /var/www/html/wp-content/themes/reyjesuspf/vendor/illuminate/view/Factory.php(135): Illuminate\View\Factory->viewInstance(false, false, Array)
#2 /var/www/html/wp-content/themes/reyjesuspf/vendor/roots/acorn/src/Roots/helpers.php(68): Illuminate\View\Factory->file(false, Array, Array)
#3 /var/www/html/wp-content/themes/reyjesuspf/vendor/roots/acorn/src/Roots/globals.php(13): Roots\view(false, Array)
#4 /var/www/html/wp-content/themes/reyjesuspf/index.php(3): view(false, Array)
#5 /var/www/html/wp-includes/template-loader.php(106): include('/var/www/html/w...')
#6 /var/www/html/wp-blog-header.php(19): require_once('/var/www/html/w...')
#7 /var/www/html/index.php(17): require('/var/www/html/w...')
#8 {main}
  thrown in /var/www/html/wp-content/themes/reyjesuspf/vendor/illuminate/view/Factory.php on line 322
[07-Jul-2025 23:58:39 UTC] PHP Fatal error:  Uncaught InvalidArgumentException: Unrecognized extension in file: . in /var/www/html/wp-content/themes/reyjesuspf/vendor/illuminate/view/Factory.php:322
Stack trace:
#0 /var/www/html/wp-content/themes/reyjesuspf/vendor/illuminate/view/Factory.php(287): Illuminate\View\Factory->getEngineFromPath(false)
#1 /var/www/html/wp-content/themes/reyjesuspf/vendor/illuminate/view/Factory.php(135): Illuminate\View\Factory->viewInstance(false, false, Array)
#2 /var/www/html/wp-content/themes/reyjesuspf/vendor/roots/acorn/src/Roots/helpers.php(68): Illuminate\View\Factory->file(false, Array, Array)
#3 /var/www/html/wp-content/themes/reyjesuspf/vendor/roots/acorn/src/Roots/globals.php(13): Roots\view(false, Array)
#4 /var/www/html/wp-content/themes/reyjesuspf/index.php(3): view(false, Array)
#5 /var/www/html/wp-includes/template-loader.php(106): include('/var/www/html/w...')
#6 /var/www/html/wp-blog-header.php(19): require_once('/var/www/html/w...')
#7 /var/www/html/index.php(17): require('/var/www/html/w...')
#8 {main}
  thrown in /var/www/html/wp-content/themes/reyjesuspf/vendor/illuminate/view/Factory.php on line 322
[07-Jul-2025 23:59:06 UTC] PHP Fatal error:  Uncaught InvalidArgumentException: Unrecognized extension in file: . in /var/www/html/wp-content/themes/reyjesuspf/vendor/illuminate/view/Factory.php:322
Stack trace:
#0 /var/www/html/wp-content/themes/reyjesuspf/vendor/illuminate/view/Factory.php(287): Illuminate\View\Factory->getEngineFromPath(false)
#1 /var/www/html/wp-content/themes/reyjesuspf/vendor/illuminate/view/Factory.php(135): Illuminate\View\Factory->viewInstance(false, false, Array)
#2 /var/www/html/wp-content/themes/reyjesuspf/vendor/roots/acorn/src/Roots/helpers.php(68): Illuminate\View\Factory->file(false, Array, Array)
#3 /var/www/html/wp-content/themes/reyjesuspf/vendor/roots/acorn/src/Roots/globals.php(13): Roots\view(false, Array)
#4 /var/www/html/wp-content/themes/reyjesuspf/index.php(3): view(false, Array)
#5 /var/www/html/wp-includes/template-loader.php(106): include('/var/www/html/w...')
#6 /var/www/html/wp-blog-header.php(19): require_once('/var/www/html/w...')
#7 /var/www/html/index.php(17): require('/var/www/html/w...')
#8 {main}
  thrown in /var/www/html/wp-content/themes/reyjesuspf/vendor/illuminate/view/Factory.php on line 322
[17-Jul-2025 20:43:00 UTC] PHP Fatal error:  Uncaught TypeError: in_array(): Argument #2 ($haystack) must be of type array, string given in /var/www/html/wp-content/themes/reyjesuspf/app/Walkers/TailwindNavWalker.php:78
Stack trace:
#0 /var/www/html/wp-content/themes/reyjesuspf/app/Walkers/TailwindNavWalker.php(78): in_array('current-menu-it...', '')
#1 /var/www/html/wp-includes/class-wp-walker.php(150): App\Walkers\TailwindNavWalker->start_el('', Object(WP_Post), 0, Array, 0)
#2 /var/www/html/wp-includes/class-wp-walker.php(252): Walker->display_element(Object(WP_Post), Array, 2, 0, Array, '')
#3 /var/www/html/wp-includes/post-template.php(1578): Walker->walk(Array, 2, Array, 0)
#4 /var/www/html/wp-includes/post-template.php(1361): walk_page_tree(Array, 2, 0, Array)
#5 /var/www/html/wp-includes/post-template.php(1493): wp_list_pages(Array)
#6 /var/www/html/wp-includes/nav-menu-template.php(169): wp_page_menu(Array)
#7 /var/www/html/wp-content/cache/acorn/framework/views/027b0c36f4d7b8601abe9b556f9efdec.php(37): wp_nav_menu(Object(stdClass))
#8 /var/www/html/wp-content/themes/reyjesuspf/vendor/illuminate/filesystem/Filesystem.php(123): require('/var/www/html/w...')
#9 /var/www/html/wp-content/themes/reyjesuspf/vendor/illuminate/filesystem/Filesystem.php(124): Illuminate\Filesystem\Filesystem::Illuminate\Filesystem\{closure}()
#10 /var/www/html/wp-content/themes/reyjesuspf/vendor/illuminate/view/Engines/PhpEngine.php(57): Illuminate\Filesystem\Filesystem->getRequire('/var/www/html/w...', Array)
#11 /var/www/html/wp-content/themes/reyjesuspf/vendor/illuminate/view/Engines/CompilerEngine.php(74): Illuminate\View\Engines\PhpEngine->evaluatePath('/var/www/html/w...', Array)
#12 /var/www/html/wp-content/themes/reyjesuspf/vendor/illuminate/view/View.php(208): Illuminate\View\Engines\CompilerEngine->get('/var/www/html/w...', Array)
#13 /var/www/html/wp-content/themes/reyjesuspf/vendor/illuminate/view/View.php(191): Illuminate\View\View->getContents()
#14 /var/www/html/wp-content/themes/reyjesuspf/vendor/illuminate/view/View.php(160): Illuminate\View\View->renderContents()
#15 /var/www/html/wp-content/cache/acorn/framework/views/872aeea5bc83526cef78522aea6c4ac7.php(19): Illuminate\View\View->render()
#16 /var/www/html/wp-content/themes/reyjesuspf/vendor/illuminate/filesystem/Filesystem.php(123): require('/var/www/html/w...')
#17 /var/www/html/wp-content/themes/reyjesuspf/vendor/illuminate/filesystem/Filesystem.php(124): Illuminate\Filesystem\Filesystem::Illuminate\Filesystem\{closure}()
#18 /var/www/html/wp-content/themes/reyjesuspf/vendor/illuminate/view/Engines/PhpEngine.php(57): Illuminate\Filesystem\Filesystem->getRequire('/var/www/html/w...', Array)
#19 /var/www/html/wp-content/themes/reyjesuspf/vendor/illuminate/view/Engines/CompilerEngine.php(74): Illuminate\View\Engines\PhpEngine->evaluatePath('/var/www/html/w...', Array)
#20 /var/www/html/wp-content/themes/reyjesuspf/vendor/illuminate/view/View.php(208): Illuminate\View\Engines\CompilerEngine->get('/var/www/html/w...', Array)
#21 /var/www/html/wp-content/themes/reyjesuspf/vendor/illuminate/view/View.php(191): Illuminate\View\View->getContents()
#22 /var/www/html/wp-content/themes/reyjesuspf/vendor/illuminate/view/View.php(160): Illuminate\View\View->renderContents()
#23 /var/www/html/wp-content/cache/acorn/framework/views/4e85496a1c8783340d210e65441ad863.php(12): Illuminate\View\View->render()
#24 /var/www/html/wp-content/themes/reyjesuspf/vendor/illuminate/filesystem/Filesystem.php(123): require('/var/www/html/w...')
#25 /var/www/html/wp-content/themes/reyjesuspf/vendor/illuminate/filesystem/Filesystem.php(124): Illuminate\Filesystem\Filesystem::Illuminate\Filesystem\{closure}()
#26 /var/www/html/wp-content/themes/reyjesuspf/vendor/illuminate/view/Engines/PhpEngine.php(57): Illuminate\Filesystem\Filesystem->getRequire('/var/www/html/w...', Array)
#27 /var/www/html/wp-content/themes/reyjesuspf/vendor/illuminate/view/Engines/CompilerEngine.php(74): Illuminate\View\Engines\PhpEngine->evaluatePath('/var/www/html/w...', Array)
#28 /var/www/html/wp-content/themes/reyjesuspf/vendor/illuminate/view/View.php(208): Illuminate\View\Engines\CompilerEngine->get('/var/www/html/w...', Array)
#29 /var/www/html/wp-content/themes/reyjesuspf/vendor/illuminate/view/View.php(191): Illuminate\View\View->getContents()
#30 /var/www/html/wp-content/themes/reyjesuspf/vendor/illuminate/view/View.php(160): Illuminate\View\View->renderContents()
#31 /var/www/html/wp-content/themes/reyjesuspf/index.php(3): Illuminate\View\View->render()
#32 /var/www/html/wp-includes/template-loader.php(106): include('/var/www/html/w...')
#33 /var/www/html/wp-blog-header.php(19): require_once('/var/www/html/w...')
#34 /var/www/html/index.php(17): require('/var/www/html/w...')
#35 {main}

Next Illuminate\View\ViewException: in_array(): Argument #2 ($haystack) must be of type array, string given (View: /var/www/html/wp-content/themes/reyjesuspf/resources/views/sections/header.blade.php) in /var/www/html/wp-content/themes/reyjesuspf/app/Walkers/TailwindNavWalker.php:78
Stack trace:
#0 /var/www/html/wp-content/themes/reyjesuspf/vendor/illuminate/view/Engines/PhpEngine.php(59): Illuminate\View\Engines\CompilerEngine->handleViewException(Object(TypeError), 2)
#1 /var/www/html/wp-content/themes/reyjesuspf/vendor/illuminate/view/Engines/CompilerEngine.php(74): Illuminate\View\Engines\PhpEngine->evaluatePath('/var/www/html/w...', Array)
#2 /var/www/html/wp-content/themes/reyjesuspf/vendor/illuminate/view/View.php(208): Illuminate\View\Engines\CompilerEngine->get('/var/www/html/w...', Array)
#3 /var/www/html/wp-content/themes/reyjesuspf/vendor/illuminate/view/View.php(191): Illuminate\View\View->getContents()
#4 /var/www/html/wp-content/themes/reyjesuspf/vendor/illuminate/view/View.php(160): Illuminate\View\View->renderContents()
#5 /var/www/html/wp-content/cache/acorn/framework/views/872aeea5bc83526cef78522aea6c4ac7.php(19): Illuminate\View\View->render()
#6 /var/www/html/wp-content/themes/reyjesuspf/vendor/illuminate/filesystem/Filesystem.php(123): require('/var/www/html/w...')
#7 /var/www/html/wp-content/themes/reyjesuspf/vendor/illuminate/filesystem/Filesystem.php(124): Illuminate\Filesystem\Filesystem::Illuminate\Filesystem\{closure}()
#8 /var/www/html/wp-content/themes/reyjesuspf/vendor/illuminate/view/Engines/PhpEngine.php(57): Illuminate\Filesystem\Filesystem->getRequire('/var/www/html/w...', Array)
#9 /var/www/html/wp-content/themes/reyjesuspf/vendor/illuminate/view/Engines/CompilerEngine.php(74): Illuminate\View\Engines\PhpEngine->evaluatePath('/var/www/html/w...', Array)
#10 /var/www/html/wp-content/themes/reyjesuspf/vendor/illuminate/view/View.php(208): Illuminate\View\Engines\CompilerEngine->get('/var/www/html/w...', Array)
#11 /var/www/html/wp-content/themes/reyjesuspf/vendor/illuminate/view/View.php(191): Illuminate\View\View->getContents()
#12 /var/www/html/wp-content/themes/reyjesuspf/vendor/illuminate/view/View.php(160): Illuminate\View\View->renderContents()
#13 /var/www/html/wp-content/cache/acorn/framework/views/4e85496a1c8783340d210e65441ad863.php(12): Illuminate\View\View->render()
#14 /var/www/html/wp-content/themes/reyjesuspf/vendor/illuminate/filesystem/Filesystem.php(123): require('/var/www/html/w...')
#15 /var/www/html/wp-content/themes/reyjesuspf/vendor/illuminate/filesystem/Filesystem.php(124): Illuminate\Filesystem\Filesystem::Illuminate\Filesystem\{closure}()
#16 /var/www/html/wp-content/themes/reyjesuspf/vendor/illuminate/view/Engines/PhpEngine.php(57): Illuminate\Filesystem\Filesystem->getRequire('/var/www/html/w...', Array)
#17 /var/www/html/wp-content/themes/reyjesuspf/vendor/illuminate/view/Engines/CompilerEngine.php(74): Illuminate\View\Engines\PhpEngine->evaluatePath('/var/www/html/w...', Array)
#18 /var/www/html/wp-content/themes/reyjesuspf/vendor/illuminate/view/View.php(208): Illuminate\View\Engines\CompilerEngine->get('/var/www/html/w...', Array)
#19 /var/www/html/wp-content/themes/reyjesuspf/vendor/illuminate/view/View.php(191): Illuminate\View\View->getContents()
#20 /var/www/html/wp-content/themes/reyjesuspf/vendor/illuminate/view/View.php(160): Illuminate\View\View->renderContents()
#21 /var/www/html/wp-content/themes/reyjesuspf/index.php(3): Illuminate\View\View->render()
#22 /var/www/html/wp-includes/template-loader.php(106): include('/var/www/html/w...')
#23 /var/www/html/wp-blog-header.php(19): require_once('/var/www/html/w...')
#24 /var/www/html/index.php(17): require('/var/www/html/w...')
#25 {main}

Next Illuminate\View\ViewException: in_array(): Argument #2 ($haystack) must be of type array, string given (View: /var/www/html/wp-content/themes/reyjesuspf/resources/views/sections/header.blade.php) (View: /var/www/html/wp-content/themes/reyjesuspf/resources/views/sections/header.blade.php) in /var/www/html/wp-content/themes/reyjesuspf/app/Walkers/TailwindNavWalker.php:78
Stack trace:
#0 /var/www/html/wp-content/themes/reyjesuspf/vendor/illuminate/view/Engines/PhpEngine.php(59): Illuminate\View\Engines\CompilerEngine->handleViewException(Object(Illuminate\View\ViewException), 1)
#1 /var/www/html/wp-content/themes/reyjesuspf/vendor/illuminate/view/Engines/CompilerEngine.php(74): Illuminate\View\Engines\PhpEngine->evaluatePath('/var/www/html/w...', Array)
#2 /var/www/html/wp-content/themes/reyjesuspf/vendor/illuminate/view/View.php(208): Illuminate\View\Engines\CompilerEngine->get('/var/www/html/w...', Array)
#3 /var/www/html/wp-content/themes/reyjesuspf/vendor/illuminate/view/View.php(191): Illuminate\View\View->getContents()
#4 /var/www/html/wp-content/themes/reyjesuspf/vendor/illuminate/view/View.php(160): Illuminate\View\View->renderContents()
#5 /var/www/html/wp-content/cache/acorn/framework/views/4e85496a1c8783340d210e65441ad863.php(12): Illuminate\View\View->render()
#6 /var/www/html/wp-content/themes/reyjesuspf/vendor/illuminate/filesystem/Filesystem.php(123): require('/var/www/html/w...')
#7 /var/www/html/wp-content/themes/reyjesuspf/vendor/illuminate/filesystem/Filesystem.php(124): Illuminate\Filesystem\Filesystem::Illuminate\Filesystem\{closure}()
#8 /var/www/html/wp-content/themes/reyjesuspf/vendor/illuminate/view/Engines/PhpEngine.php(57): Illuminate\Filesystem\Filesystem->getRequire('/var/www/html/w...', Array)
#9 /var/www/html/wp-content/themes/reyjesuspf/vendor/illuminate/view/Engines/CompilerEngine.php(74): Illuminate\View\Engines\PhpEngine->evaluatePath('/var/www/html/w...', Array)
#10 /var/www/html/wp-content/themes/reyjesuspf/vendor/illuminate/view/View.php(208): Illuminate\View\Engines\CompilerEngine->get('/var/www/html/w...', Array)
#11 /var/www/html/wp-content/themes/reyjesuspf/vendor/illuminate/view/View.php(191): Illuminate\View\View->getContents()
#12 /var/www/html/wp-content/themes/reyjesuspf/vendor/illuminate/view/View.php(160): Illuminate\View\View->renderContents()
#13 /var/www/html/wp-content/themes/reyjesuspf/index.php(3): Illuminate\View\View->render()
#14 /var/www/html/wp-includes/template-loader.php(106): include('/var/www/html/w...')
#15 /var/www/html/wp-blog-header.php(19): require_once('/var/www/html/w...')
#16 /var/www/html/index.php(17): require('/var/www/html/w...')
#17 {main}

Next Illuminate\View\ViewException: in_array(): Argument #2 ($haystack) must be of type array, string given (View: /var/www/html/wp-content/themes/reyjesuspf/resources/views/sections/header.blade.php) (View: /var/www/html/wp-content/themes/reyjesuspf/resources/views/sections/header.blade.php) (View: /var/www/html/wp-content/themes/reyjesuspf/resources/views/sections/header.blade.php) in /var/www/html/wp-content/themes/reyjesuspf/app/Walkers/TailwindNavWalker.php:78
Stack trace:
#0 /var/www/html/wp-content/themes/reyjesuspf/vendor/illuminate/view/Engines/PhpEngine.php(59): Illuminate\View\Engines\CompilerEngine->handleViewException(Object(Illuminate\View\ViewException), 0)
#1 /var/www/html/wp-content/themes/reyjesuspf/vendor/illuminate/view/Engines/CompilerEngine.php(74): Illuminate\View\Engines\PhpEngine->evaluatePath('/var/www/html/w...', Array)
#2 /var/www/html/wp-content/themes/reyjesuspf/vendor/illuminate/view/View.php(208): Illuminate\View\Engines\CompilerEngine->get('/var/www/html/w...', Array)
#3 /var/www/html/wp-content/themes/reyjesuspf/vendor/illuminate/view/View.php(191): Illuminate\View\View->getContents()
#4 /var/www/html/wp-content/themes/reyjesuspf/vendor/illuminate/view/View.php(160): Illuminate\View\View->renderContents()
#5 /var/www/html/wp-content/themes/reyjesuspf/index.php(3): Illuminate\View\View->render()
#6 /var/www/html/wp-includes/template-loader.php(106): include('/var/www/html/w...')
#7 /var/www/html/wp-blog-header.php(19): require_once('/var/www/html/w...')
#8 /var/www/html/index.php(17): require('/var/www/html/w...')
#9 {main}
  thrown in /var/www/html/wp-content/themes/reyjesuspf/app/Walkers/TailwindNavWalker.php on line 78
[17-Jul-2025 20:44:05 UTC] PHP Fatal error:  Uncaught TypeError: in_array(): Argument #2 ($haystack) must be of type array, string given in /var/www/html/wp-content/themes/reyjesuspf/app/Walkers/TailwindNavWalker.php:78
Stack trace:
#0 /var/www/html/wp-content/themes/reyjesuspf/app/Walkers/TailwindNavWalker.php(78): in_array('current-menu-it...', '')
#1 /var/www/html/wp-includes/class-wp-walker.php(150): App\Walkers\TailwindNavWalker->start_el('', Object(WP_Post), 0, Array, 0)
#2 /var/www/html/wp-includes/class-wp-walker.php(252): Walker->display_element(Object(WP_Post), Array, 2, 0, Array, '')
#3 /var/www/html/wp-includes/post-template.php(1578): Walker->walk(Array, 2, Array, 0)
#4 /var/www/html/wp-includes/post-template.php(1361): walk_page_tree(Array, 2, 0, Array)
#5 /var/www/html/wp-includes/post-template.php(1493): wp_list_pages(Array)
#6 /var/www/html/wp-includes/nav-menu-template.php(169): wp_page_menu(Array)
#7 /var/www/html/wp-content/cache/acorn/framework/views/027b0c36f4d7b8601abe9b556f9efdec.php(12): wp_nav_menu(Object(stdClass))
#8 /var/www/html/wp-content/themes/reyjesuspf/vendor/illuminate/filesystem/Filesystem.php(123): require('/var/www/html/w...')
#9 /var/www/html/wp-content/themes/reyjesuspf/vendor/illuminate/filesystem/Filesystem.php(124): Illuminate\Filesystem\Filesystem::Illuminate\Filesystem\{closure}()
#10 /var/www/html/wp-content/themes/reyjesuspf/vendor/illuminate/view/Engines/PhpEngine.php(57): Illuminate\Filesystem\Filesystem->getRequire('/var/www/html/w...', Array)
#11 /var/www/html/wp-content/themes/reyjesuspf/vendor/illuminate/view/Engines/CompilerEngine.php(74): Illuminate\View\Engines\PhpEngine->evaluatePath('/var/www/html/w...', Array)
#12 /var/www/html/wp-content/themes/reyjesuspf/vendor/illuminate/view/View.php(208): Illuminate\View\Engines\CompilerEngine->get('/var/www/html/w...', Array)
#13 /var/www/html/wp-content/themes/reyjesuspf/vendor/illuminate/view/View.php(191): Illuminate\View\View->getContents()
#14 /var/www/html/wp-content/themes/reyjesuspf/vendor/illuminate/view/View.php(160): Illuminate\View\View->renderContents()
#15 /var/www/html/wp-content/cache/acorn/framework/views/872aeea5bc83526cef78522aea6c4ac7.php(19): Illuminate\View\View->render()
#16 /var/www/html/wp-content/themes/reyjesuspf/vendor/illuminate/filesystem/Filesystem.php(123): require('/var/www/html/w...')
#17 /var/www/html/wp-content/themes/reyjesuspf/vendor/illuminate/filesystem/Filesystem.php(124): Illuminate\Filesystem\Filesystem::Illuminate\Filesystem\{closure}()
#18 /var/www/html/wp-content/themes/reyjesuspf/vendor/illuminate/view/Engines/PhpEngine.php(57): Illuminate\Filesystem\Filesystem->getRequire('/var/www/html/w...', Array)
#19 /var/www/html/wp-content/themes/reyjesuspf/vendor/illuminate/view/Engines/CompilerEngine.php(74): Illuminate\View\Engines\PhpEngine->evaluatePath('/var/www/html/w...', Array)
#20 /var/www/html/wp-content/themes/reyjesuspf/vendor/illuminate/view/View.php(208): Illuminate\View\Engines\CompilerEngine->get('/var/www/html/w...', Array)
#21 /var/www/html/wp-content/themes/reyjesuspf/vendor/illuminate/view/View.php(191): Illuminate\View\View->getContents()
#22 /var/www/html/wp-content/themes/reyjesuspf/vendor/illuminate/view/View.php(160): Illuminate\View\View->renderContents()
#23 /var/www/html/wp-content/cache/acorn/framework/views/4e85496a1c8783340d210e65441ad863.php(12): Illuminate\View\View->render()
#24 /var/www/html/wp-content/themes/reyjesuspf/vendor/illuminate/filesystem/Filesystem.php(123): require('/var/www/html/w...')
#25 /var/www/html/wp-content/themes/reyjesuspf/vendor/illuminate/filesystem/Filesystem.php(124): Illuminate\Filesystem\Filesystem::Illuminate\Filesystem\{closure}()
#26 /var/www/html/wp-content/themes/reyjesuspf/vendor/illuminate/view/Engines/PhpEngine.php(57): Illuminate\Filesystem\Filesystem->getRequire('/var/www/html/w...', Array)
#27 /var/www/html/wp-content/themes/reyjesuspf/vendor/illuminate/view/Engines/CompilerEngine.php(74): Illuminate\View\Engines\PhpEngine->evaluatePath('/var/www/html/w...', Array)
#28 /var/www/html/wp-content/themes/reyjesuspf/vendor/illuminate/view/View.php(208): Illuminate\View\Engines\CompilerEngine->get('/var/www/html/w...', Array)
#29 /var/www/html/wp-content/themes/reyjesuspf/vendor/illuminate/view/View.php(191): Illuminate\View\View->getContents()
#30 /var/www/html/wp-content/themes/reyjesuspf/vendor/illuminate/view/View.php(160): Illuminate\View\View->renderContents()
#31 /var/www/html/wp-content/themes/reyjesuspf/index.php(3): Illuminate\View\View->render()
#32 /var/www/html/wp-includes/template-loader.php(106): include('/var/www/html/w...')
#33 /var/www/html/wp-blog-header.php(19): require_once('/var/www/html/w...')
#34 /var/www/html/index.php(17): require('/var/www/html/w...')
#35 {main}

Next Illuminate\View\ViewException: in_array(): Argument #2 ($haystack) must be of type array, string given (View: /var/www/html/wp-content/themes/reyjesuspf/resources/views/sections/header.blade.php) in /var/www/html/wp-content/themes/reyjesuspf/app/Walkers/TailwindNavWalker.php:78
Stack trace:
#0 /var/www/html/wp-content/themes/reyjesuspf/vendor/illuminate/view/Engines/PhpEngine.php(59): Illuminate\View\Engines\CompilerEngine->handleViewException(Object(TypeError), 2)
#1 /var/www/html/wp-content/themes/reyjesuspf/vendor/illuminate/view/Engines/CompilerEngine.php(74): Illuminate\View\Engines\PhpEngine->evaluatePath('/var/www/html/w...', Array)
#2 /var/www/html/wp-content/themes/reyjesuspf/vendor/illuminate/view/View.php(208): Illuminate\View\Engines\CompilerEngine->get('/var/www/html/w...', Array)
#3 /var/www/html/wp-content/themes/reyjesuspf/vendor/illuminate/view/View.php(191): Illuminate\View\View->getContents()
#4 /var/www/html/wp-content/themes/reyjesuspf/vendor/illuminate/view/View.php(160): Illuminate\View\View->renderContents()
#5 /var/www/html/wp-content/cache/acorn/framework/views/872aeea5bc83526cef78522aea6c4ac7.php(19): Illuminate\View\View->render()
#6 /var/www/html/wp-content/themes/reyjesuspf/vendor/illuminate/filesystem/Filesystem.php(123): require('/var/www/html/w...')
#7 /var/www/html/wp-content/themes/reyjesuspf/vendor/illuminate/filesystem/Filesystem.php(124): Illuminate\Filesystem\Filesystem::Illuminate\Filesystem\{closure}()
#8 /var/www/html/wp-content/themes/reyjesuspf/vendor/illuminate/view/Engines/PhpEngine.php(57): Illuminate\Filesystem\Filesystem->getRequire('/var/www/html/w...', Array)
#9 /var/www/html/wp-content/themes/reyjesuspf/vendor/illuminate/view/Engines/CompilerEngine.php(74): Illuminate\View\Engines\PhpEngine->evaluatePath('/var/www/html/w...', Array)
#10 /var/www/html/wp-content/themes/reyjesuspf/vendor/illuminate/view/View.php(208): Illuminate\View\Engines\CompilerEngine->get('/var/www/html/w...', Array)
#11 /var/www/html/wp-content/themes/reyjesuspf/vendor/illuminate/view/View.php(191): Illuminate\View\View->getContents()
#12 /var/www/html/wp-content/themes/reyjesuspf/vendor/illuminate/view/View.php(160): Illuminate\View\View->renderContents()
#13 /var/www/html/wp-content/cache/acorn/framework/views/4e85496a1c8783340d210e65441ad863.php(12): Illuminate\View\View->render()
#14 /var/www/html/wp-content/themes/reyjesuspf/vendor/illuminate/filesystem/Filesystem.php(123): require('/var/www/html/w...')
#15 /var/www/html/wp-content/themes/reyjesuspf/vendor/illuminate/filesystem/Filesystem.php(124): Illuminate\Filesystem\Filesystem::Illuminate\Filesystem\{closure}()
#16 /var/www/html/wp-content/themes/reyjesuspf/vendor/illuminate/view/Engines/PhpEngine.php(57): Illuminate\Filesystem\Filesystem->getRequire('/var/www/html/w...', Array)
#17 /var/www/html/wp-content/themes/reyjesuspf/vendor/illuminate/view/Engines/CompilerEngine.php(74): Illuminate\View\Engines\PhpEngine->evaluatePath('/var/www/html/w...', Array)
#18 /var/www/html/wp-content/themes/reyjesuspf/vendor/illuminate/view/View.php(208): Illuminate\View\Engines\CompilerEngine->get('/var/www/html/w...', Array)
#19 /var/www/html/wp-content/themes/reyjesuspf/vendor/illuminate/view/View.php(191): Illuminate\View\View->getContents()
#20 /var/www/html/wp-content/themes/reyjesuspf/vendor/illuminate/view/View.php(160): Illuminate\View\View->renderContents()
#21 /var/www/html/wp-content/themes/reyjesuspf/index.php(3): Illuminate\View\View->render()
#22 /var/www/html/wp-includes/template-loader.php(106): include('/var/www/html/w...')
#23 /var/www/html/wp-blog-header.php(19): require_once('/var/www/html/w...')
#24 /var/www/html/index.php(17): require('/var/www/html/w...')
#25 {main}

Next Illuminate\View\ViewException: in_array(): Argument #2 ($haystack) must be of type array, string given (View: /var/www/html/wp-content/themes/reyjesuspf/resources/views/sections/header.blade.php) (View: /var/www/html/wp-content/themes/reyjesuspf/resources/views/sections/header.blade.php) in /var/www/html/wp-content/themes/reyjesuspf/app/Walkers/TailwindNavWalker.php:78
Stack trace:
#0 /var/www/html/wp-content/themes/reyjesuspf/vendor/illuminate/view/Engines/PhpEngine.php(59): Illuminate\View\Engines\CompilerEngine->handleViewException(Object(Illuminate\View\ViewException), 1)
#1 /var/www/html/wp-content/themes/reyjesuspf/vendor/illuminate/view/Engines/CompilerEngine.php(74): Illuminate\View\Engines\PhpEngine->evaluatePath('/var/www/html/w...', Array)
#2 /var/www/html/wp-content/themes/reyjesuspf/vendor/illuminate/view/View.php(208): Illuminate\View\Engines\CompilerEngine->get('/var/www/html/w...', Array)
#3 /var/www/html/wp-content/themes/reyjesuspf/vendor/illuminate/view/View.php(191): Illuminate\View\View->getContents()
#4 /var/www/html/wp-content/themes/reyjesuspf/vendor/illuminate/view/View.php(160): Illuminate\View\View->renderContents()
#5 /var/www/html/wp-content/cache/acorn/framework/views/4e85496a1c8783340d210e65441ad863.php(12): Illuminate\View\View->render()
#6 /var/www/html/wp-content/themes/reyjesuspf/vendor/illuminate/filesystem/Filesystem.php(123): require('/var/www/html/w...')
#7 /var/www/html/wp-content/themes/reyjesuspf/vendor/illuminate/filesystem/Filesystem.php(124): Illuminate\Filesystem\Filesystem::Illuminate\Filesystem\{closure}()
#8 /var/www/html/wp-content/themes/reyjesuspf/vendor/illuminate/view/Engines/PhpEngine.php(57): Illuminate\Filesystem\Filesystem->getRequire('/var/www/html/w...', Array)
#9 /var/www/html/wp-content/themes/reyjesuspf/vendor/illuminate/view/Engines/CompilerEngine.php(74): Illuminate\View\Engines\PhpEngine->evaluatePath('/var/www/html/w...', Array)
#10 /var/www/html/wp-content/themes/reyjesuspf/vendor/illuminate/view/View.php(208): Illuminate\View\Engines\CompilerEngine->get('/var/www/html/w...', Array)
#11 /var/www/html/wp-content/themes/reyjesuspf/vendor/illuminate/view/View.php(191): Illuminate\View\View->getContents()
#12 /var/www/html/wp-content/themes/reyjesuspf/vendor/illuminate/view/View.php(160): Illuminate\View\View->renderContents()
#13 /var/www/html/wp-content/themes/reyjesuspf/index.php(3): Illuminate\View\View->render()
#14 /var/www/html/wp-includes/template-loader.php(106): include('/var/www/html/w...')
#15 /var/www/html/wp-blog-header.php(19): require_once('/var/www/html/w...')
#16 /var/www/html/index.php(17): require('/var/www/html/w...')
#17 {main}

Next Illuminate\View\ViewException: in_array(): Argument #2 ($haystack) must be of type array, string given (View: /var/www/html/wp-content/themes/reyjesuspf/resources/views/sections/header.blade.php) (View: /var/www/html/wp-content/themes/reyjesuspf/resources/views/sections/header.blade.php) (View: /var/www/html/wp-content/themes/reyjesuspf/resources/views/sections/header.blade.php) in /var/www/html/wp-content/themes/reyjesuspf/app/Walkers/TailwindNavWalker.php:78
Stack trace:
#0 /var/www/html/wp-content/themes/reyjesuspf/vendor/illuminate/view/Engines/PhpEngine.php(59): Illuminate\View\Engines\CompilerEngine->handleViewException(Object(Illuminate\View\ViewException), 0)
#1 /var/www/html/wp-content/themes/reyjesuspf/vendor/illuminate/view/Engines/CompilerEngine.php(74): Illuminate\View\Engines\PhpEngine->evaluatePath('/var/www/html/w...', Array)
#2 /var/www/html/wp-content/themes/reyjesuspf/vendor/illuminate/view/View.php(208): Illuminate\View\Engines\CompilerEngine->get('/var/www/html/w...', Array)
#3 /var/www/html/wp-content/themes/reyjesuspf/vendor/illuminate/view/View.php(191): Illuminate\View\View->getContents()
#4 /var/www/html/wp-content/themes/reyjesuspf/vendor/illuminate/view/View.php(160): Illuminate\View\View->renderContents()
#5 /var/www/html/wp-content/themes/reyjesuspf/index.php(3): Illuminate\View\View->render()
#6 /var/www/html/wp-includes/template-loader.php(106): include('/var/www/html/w...')
#7 /var/www/html/wp-blog-header.php(19): require_once('/var/www/html/w...')
#8 /var/www/html/index.php(17): require('/var/www/html/w...')
#9 {main}
  thrown in /var/www/html/wp-content/themes/reyjesuspf/app/Walkers/TailwindNavWalker.php on line 78
[17-Jul-2025 20:52:06 UTC] PHP Fatal error:  Uncaught TypeError: in_array(): Argument #2 ($haystack) must be of type array, string given in /var/www/html/wp-content/themes/reyjesuspf/app/Walkers/TailwindNavWalker.php:78
Stack trace:
#0 /var/www/html/wp-content/themes/reyjesuspf/app/Walkers/TailwindNavWalker.php(78): in_array('current-menu-it...', '')
#1 /var/www/html/wp-includes/class-wp-walker.php(150): App\Walkers\TailwindNavWalker->start_el('', Object(WP_Post), 0, Array, 0)
#2 /var/www/html/wp-includes/class-wp-walker.php(252): Walker->display_element(Object(WP_Post), Array, 2, 0, Array, '')
#3 /var/www/html/wp-includes/post-template.php(1578): Walker->walk(Array, 2, Array, 0)
#4 /var/www/html/wp-includes/post-template.php(1361): walk_page_tree(Array, 2, 0, Array)
#5 /var/www/html/wp-includes/post-template.php(1493): wp_list_pages(Array)
#6 /var/www/html/wp-includes/nav-menu-template.php(169): wp_page_menu(Array)
#7 /var/www/html/wp-content/cache/acorn/framework/views/027b0c36f4d7b8601abe9b556f9efdec.php(12): wp_nav_menu(Object(stdClass))
#8 /var/www/html/wp-content/themes/reyjesuspf/vendor/illuminate/filesystem/Filesystem.php(123): require('/var/www/html/w...')
#9 /var/www/html/wp-content/themes/reyjesuspf/vendor/illuminate/filesystem/Filesystem.php(124): Illuminate\Filesystem\Filesystem::Illuminate\Filesystem\{closure}()
#10 /var/www/html/wp-content/themes/reyjesuspf/vendor/illuminate/view/Engines/PhpEngine.php(57): Illuminate\Filesystem\Filesystem->getRequire('/var/www/html/w...', Array)
#11 /var/www/html/wp-content/themes/reyjesuspf/vendor/illuminate/view/Engines/CompilerEngine.php(74): Illuminate\View\Engines\PhpEngine->evaluatePath('/var/www/html/w...', Array)
#12 /var/www/html/wp-content/themes/reyjesuspf/vendor/illuminate/view/View.php(208): Illuminate\View\Engines\CompilerEngine->get('/var/www/html/w...', Array)
#13 /var/www/html/wp-content/themes/reyjesuspf/vendor/illuminate/view/View.php(191): Illuminate\View\View->getContents()
#14 /var/www/html/wp-content/themes/reyjesuspf/vendor/illuminate/view/View.php(160): Illuminate\View\View->renderContents()
#15 /var/www/html/wp-content/cache/acorn/framework/views/872aeea5bc83526cef78522aea6c4ac7.php(19): Illuminate\View\View->render()
#16 /var/www/html/wp-content/themes/reyjesuspf/vendor/illuminate/filesystem/Filesystem.php(123): require('/var/www/html/w...')
#17 /var/www/html/wp-content/themes/reyjesuspf/vendor/illuminate/filesystem/Filesystem.php(124): Illuminate\Filesystem\Filesystem::Illuminate\Filesystem\{closure}()
#18 /var/www/html/wp-content/themes/reyjesuspf/vendor/illuminate/view/Engines/PhpEngine.php(57): Illuminate\Filesystem\Filesystem->getRequire('/var/www/html/w...', Array)
#19 /var/www/html/wp-content/themes/reyjesuspf/vendor/illuminate/view/Engines/CompilerEngine.php(74): Illuminate\View\Engines\PhpEngine->evaluatePath('/var/www/html/w...', Array)
#20 /var/www/html/wp-content/themes/reyjesuspf/vendor/illuminate/view/View.php(208): Illuminate\View\Engines\CompilerEngine->get('/var/www/html/w...', Array)
#21 /var/www/html/wp-content/themes/reyjesuspf/vendor/illuminate/view/View.php(191): Illuminate\View\View->getContents()
#22 /var/www/html/wp-content/themes/reyjesuspf/vendor/illuminate/view/View.php(160): Illuminate\View\View->renderContents()
#23 /var/www/html/wp-content/cache/acorn/framework/views/4e85496a1c8783340d210e65441ad863.php(12): Illuminate\View\View->render()
#24 /var/www/html/wp-content/themes/reyjesuspf/vendor/illuminate/filesystem/Filesystem.php(123): require('/var/www/html/w...')
#25 /var/www/html/wp-content/themes/reyjesuspf/vendor/illuminate/filesystem/Filesystem.php(124): Illuminate\Filesystem\Filesystem::Illuminate\Filesystem\{closure}()
#26 /var/www/html/wp-content/themes/reyjesuspf/vendor/illuminate/view/Engines/PhpEngine.php(57): Illuminate\Filesystem\Filesystem->getRequire('/var/www/html/w...', Array)
#27 /var/www/html/wp-content/themes/reyjesuspf/vendor/illuminate/view/Engines/CompilerEngine.php(74): Illuminate\View\Engines\PhpEngine->evaluatePath('/var/www/html/w...', Array)
#28 /var/www/html/wp-content/themes/reyjesuspf/vendor/illuminate/view/View.php(208): Illuminate\View\Engines\CompilerEngine->get('/var/www/html/w...', Array)
#29 /var/www/html/wp-content/themes/reyjesuspf/vendor/illuminate/view/View.php(191): Illuminate\View\View->getContents()
#30 /var/www/html/wp-content/themes/reyjesuspf/vendor/illuminate/view/View.php(160): Illuminate\View\View->renderContents()
#31 /var/www/html/wp-content/themes/reyjesuspf/index.php(3): Illuminate\View\View->render()
#32 /var/www/html/wp-includes/template-loader.php(106): include('/var/www/html/w...')
#33 /var/www/html/wp-blog-header.php(19): require_once('/var/www/html/w...')
#34 /var/www/html/index.php(17): require('/var/www/html/w...')
#35 {main}

Next Illuminate\View\ViewException: in_array(): Argument #2 ($haystack) must be of type array, string given (View: /var/www/html/wp-content/themes/reyjesuspf/resources/views/sections/header.blade.php) in /var/www/html/wp-content/themes/reyjesuspf/app/Walkers/TailwindNavWalker.php:78
Stack trace:
#0 /var/www/html/wp-content/themes/reyjesuspf/vendor/illuminate/view/Engines/PhpEngine.php(59): Illuminate\View\Engines\CompilerEngine->handleViewException(Object(TypeError), 2)
#1 /var/www/html/wp-content/themes/reyjesuspf/vendor/illuminate/view/Engines/CompilerEngine.php(74): Illuminate\View\Engines\PhpEngine->evaluatePath('/var/www/html/w...', Array)
#2 /var/www/html/wp-content/themes/reyjesuspf/vendor/illuminate/view/View.php(208): Illuminate\View\Engines\CompilerEngine->get('/var/www/html/w...', Array)
#3 /var/www/html/wp-content/themes/reyjesuspf/vendor/illuminate/view/View.php(191): Illuminate\View\View->getContents()
#4 /var/www/html/wp-content/themes/reyjesuspf/vendor/illuminate/view/View.php(160): Illuminate\View\View->renderContents()
#5 /var/www/html/wp-content/cache/acorn/framework/views/872aeea5bc83526cef78522aea6c4ac7.php(19): Illuminate\View\View->render()
#6 /var/www/html/wp-content/themes/reyjesuspf/vendor/illuminate/filesystem/Filesystem.php(123): require('/var/www/html/w...')
#7 /var/www/html/wp-content/themes/reyjesuspf/vendor/illuminate/filesystem/Filesystem.php(124): Illuminate\Filesystem\Filesystem::Illuminate\Filesystem\{closure}()
#8 /var/www/html/wp-content/themes/reyjesuspf/vendor/illuminate/view/Engines/PhpEngine.php(57): Illuminate\Filesystem\Filesystem->getRequire('/var/www/html/w...', Array)
#9 /var/www/html/wp-content/themes/reyjesuspf/vendor/illuminate/view/Engines/CompilerEngine.php(74): Illuminate\View\Engines\PhpEngine->evaluatePath('/var/www/html/w...', Array)
#10 /var/www/html/wp-content/themes/reyjesuspf/vendor/illuminate/view/View.php(208): Illuminate\View\Engines\CompilerEngine->get('/var/www/html/w...', Array)
#11 /var/www/html/wp-content/themes/reyjesuspf/vendor/illuminate/view/View.php(191): Illuminate\View\View->getContents()
#12 /var/www/html/wp-content/themes/reyjesuspf/vendor/illuminate/view/View.php(160): Illuminate\View\View->renderContents()
#13 /var/www/html/wp-content/cache/acorn/framework/views/4e85496a1c8783340d210e65441ad863.php(12): Illuminate\View\View->render()
#14 /var/www/html/wp-content/themes/reyjesuspf/vendor/illuminate/filesystem/Filesystem.php(123): require('/var/www/html/w...')
#15 /var/www/html/wp-content/themes/reyjesuspf/vendor/illuminate/filesystem/Filesystem.php(124): Illuminate\Filesystem\Filesystem::Illuminate\Filesystem\{closure}()
#16 /var/www/html/wp-content/themes/reyjesuspf/vendor/illuminate/view/Engines/PhpEngine.php(57): Illuminate\Filesystem\Filesystem->getRequire('/var/www/html/w...', Array)
#17 /var/www/html/wp-content/themes/reyjesuspf/vendor/illuminate/view/Engines/CompilerEngine.php(74): Illuminate\View\Engines\PhpEngine->evaluatePath('/var/www/html/w...', Array)
#18 /var/www/html/wp-content/themes/reyjesuspf/vendor/illuminate/view/View.php(208): Illuminate\View\Engines\CompilerEngine->get('/var/www/html/w...', Array)
#19 /var/www/html/wp-content/themes/reyjesuspf/vendor/illuminate/view/View.php(191): Illuminate\View\View->getContents()
#20 /var/www/html/wp-content/themes/reyjesuspf/vendor/illuminate/view/View.php(160): Illuminate\View\View->renderContents()
#21 /var/www/html/wp-content/themes/reyjesuspf/index.php(3): Illuminate\View\View->render()
#22 /var/www/html/wp-includes/template-loader.php(106): include('/var/www/html/w...')
#23 /var/www/html/wp-blog-header.php(19): require_once('/var/www/html/w...')
#24 /var/www/html/index.php(17): require('/var/www/html/w...')
#25 {main}

Next Illuminate\View\ViewException: in_array(): Argument #2 ($haystack) must be of type array, string given (View: /var/www/html/wp-content/themes/reyjesuspf/resources/views/sections/header.blade.php) (View: /var/www/html/wp-content/themes/reyjesuspf/resources/views/sections/header.blade.php) in /var/www/html/wp-content/themes/reyjesuspf/app/Walkers/TailwindNavWalker.php:78
Stack trace:
#0 /var/www/html/wp-content/themes/reyjesuspf/vendor/illuminate/view/Engines/PhpEngine.php(59): Illuminate\View\Engines\CompilerEngine->handleViewException(Object(Illuminate\View\ViewException), 1)
#1 /var/www/html/wp-content/themes/reyjesuspf/vendor/illuminate/view/Engines/CompilerEngine.php(74): Illuminate\View\Engines\PhpEngine->evaluatePath('/var/www/html/w...', Array)
#2 /var/www/html/wp-content/themes/reyjesuspf/vendor/illuminate/view/View.php(208): Illuminate\View\Engines\CompilerEngine->get('/var/www/html/w...', Array)
#3 /var/www/html/wp-content/themes/reyjesuspf/vendor/illuminate/view/View.php(191): Illuminate\View\View->getContents()
#4 /var/www/html/wp-content/themes/reyjesuspf/vendor/illuminate/view/View.php(160): Illuminate\View\View->renderContents()
#5 /var/www/html/wp-content/cache/acorn/framework/views/4e85496a1c8783340d210e65441ad863.php(12): Illuminate\View\View->render()
#6 /var/www/html/wp-content/themes/reyjesuspf/vendor/illuminate/filesystem/Filesystem.php(123): require('/var/www/html/w...')
#7 /var/www/html/wp-content/themes/reyjesuspf/vendor/illuminate/filesystem/Filesystem.php(124): Illuminate\Filesystem\Filesystem::Illuminate\Filesystem\{closure}()
#8 /var/www/html/wp-content/themes/reyjesuspf/vendor/illuminate/view/Engines/PhpEngine.php(57): Illuminate\Filesystem\Filesystem->getRequire('/var/www/html/w...', Array)
#9 /var/www/html/wp-content/themes/reyjesuspf/vendor/illuminate/view/Engines/CompilerEngine.php(74): Illuminate\View\Engines\PhpEngine->evaluatePath('/var/www/html/w...', Array)
#10 /var/www/html/wp-content/themes/reyjesuspf/vendor/illuminate/view/View.php(208): Illuminate\View\Engines\CompilerEngine->get('/var/www/html/w...', Array)
#11 /var/www/html/wp-content/themes/reyjesuspf/vendor/illuminate/view/View.php(191): Illuminate\View\View->getContents()
#12 /var/www/html/wp-content/themes/reyjesuspf/vendor/illuminate/view/View.php(160): Illuminate\View\View->renderContents()
#13 /var/www/html/wp-content/themes/reyjesuspf/index.php(3): Illuminate\View\View->render()
#14 /var/www/html/wp-includes/template-loader.php(106): include('/var/www/html/w...')
#15 /var/www/html/wp-blog-header.php(19): require_once('/var/www/html/w...')
#16 /var/www/html/index.php(17): require('/var/www/html/w...')
#17 {main}

Next Illuminate\View\ViewException: in_array(): Argument #2 ($haystack) must be of type array, string given (View: /var/www/html/wp-content/themes/reyjesuspf/resources/views/sections/header.blade.php) (View: /var/www/html/wp-content/themes/reyjesuspf/resources/views/sections/header.blade.php) (View: /var/www/html/wp-content/themes/reyjesuspf/resources/views/sections/header.blade.php) in /var/www/html/wp-content/themes/reyjesuspf/app/Walkers/TailwindNavWalker.php:78
Stack trace:
#0 /var/www/html/wp-content/themes/reyjesuspf/vendor/illuminate/view/Engines/PhpEngine.php(59): Illuminate\View\Engines\CompilerEngine->handleViewException(Object(Illuminate\View\ViewException), 0)
#1 /var/www/html/wp-content/themes/reyjesuspf/vendor/illuminate/view/Engines/CompilerEngine.php(74): Illuminate\View\Engines\PhpEngine->evaluatePath('/var/www/html/w...', Array)
#2 /var/www/html/wp-content/themes/reyjesuspf/vendor/illuminate/view/View.php(208): Illuminate\View\Engines\CompilerEngine->get('/var/www/html/w...', Array)
#3 /var/www/html/wp-content/themes/reyjesuspf/vendor/illuminate/view/View.php(191): Illuminate\View\View->getContents()
#4 /var/www/html/wp-content/themes/reyjesuspf/vendor/illuminate/view/View.php(160): Illuminate\View\View->renderContents()
#5 /var/www/html/wp-content/themes/reyjesuspf/index.php(3): Illuminate\View\View->render()
#6 /var/www/html/wp-includes/template-loader.php(106): include('/var/www/html/w...')
#7 /var/www/html/wp-blog-header.php(19): require_once('/var/www/html/w...')
#8 /var/www/html/index.php(17): require('/var/www/html/w...')
#9 {main}
  thrown in /var/www/html/wp-content/themes/reyjesuspf/app/Walkers/TailwindNavWalker.php on line 78
[17-Jul-2025 20:52:11 UTC] PHP Fatal error:  Uncaught TypeError: in_array(): Argument #2 ($haystack) must be of type array, string given in /var/www/html/wp-content/themes/reyjesuspf/app/Walkers/TailwindNavWalker.php:78
Stack trace:
#0 /var/www/html/wp-content/themes/reyjesuspf/app/Walkers/TailwindNavWalker.php(78): in_array('current-menu-it...', '')
#1 /var/www/html/wp-includes/class-wp-walker.php(150): App\Walkers\TailwindNavWalker->start_el('', Object(WP_Post), 0, Array, 6)
#2 /var/www/html/wp-includes/class-wp-walker.php(252): Walker->display_element(Object(WP_Post), Array, 2, 0, Array, '')
#3 /var/www/html/wp-includes/post-template.php(1578): Walker->walk(Array, 2, Array, 6)
#4 /var/www/html/wp-includes/post-template.php(1361): walk_page_tree(Array, 2, 6, Array)
#5 /var/www/html/wp-includes/post-template.php(1493): wp_list_pages(Array)
#6 /var/www/html/wp-includes/nav-menu-template.php(169): wp_page_menu(Array)
#7 /var/www/html/wp-content/cache/acorn/framework/views/027b0c36f4d7b8601abe9b556f9efdec.php(12): wp_nav_menu(Object(stdClass))
#8 /var/www/html/wp-content/themes/reyjesuspf/vendor/illuminate/filesystem/Filesystem.php(123): require('/var/www/html/w...')
#9 /var/www/html/wp-content/themes/reyjesuspf/vendor/illuminate/filesystem/Filesystem.php(124): Illuminate\Filesystem\Filesystem::Illuminate\Filesystem\{closure}()
#10 /var/www/html/wp-content/themes/reyjesuspf/vendor/illuminate/view/Engines/PhpEngine.php(57): Illuminate\Filesystem\Filesystem->getRequire('/var/www/html/w...', Array)
#11 /var/www/html/wp-content/themes/reyjesuspf/vendor/illuminate/view/Engines/CompilerEngine.php(74): Illuminate\View\Engines\PhpEngine->evaluatePath('/var/www/html/w...', Array)
#12 /var/www/html/wp-content/themes/reyjesuspf/vendor/illuminate/view/View.php(208): Illuminate\View\Engines\CompilerEngine->get('/var/www/html/w...', Array)
#13 /var/www/html/wp-content/themes/reyjesuspf/vendor/illuminate/view/View.php(191): Illuminate\View\View->getContents()
#14 /var/www/html/wp-content/themes/reyjesuspf/vendor/illuminate/view/View.php(160): Illuminate\View\View->renderContents()
#15 /var/www/html/wp-content/cache/acorn/framework/views/872aeea5bc83526cef78522aea6c4ac7.php(19): Illuminate\View\View->render()
#16 /var/www/html/wp-content/themes/reyjesuspf/vendor/illuminate/filesystem/Filesystem.php(123): require('/var/www/html/w...')
#17 /var/www/html/wp-content/themes/reyjesuspf/vendor/illuminate/filesystem/Filesystem.php(124): Illuminate\Filesystem\Filesystem::Illuminate\Filesystem\{closure}()
#18 /var/www/html/wp-content/themes/reyjesuspf/vendor/illuminate/view/Engines/PhpEngine.php(57): Illuminate\Filesystem\Filesystem->getRequire('/var/www/html/w...', Array)
#19 /var/www/html/wp-content/themes/reyjesuspf/vendor/illuminate/view/Engines/CompilerEngine.php(74): Illuminate\View\Engines\PhpEngine->evaluatePath('/var/www/html/w...', Array)
#20 /var/www/html/wp-content/themes/reyjesuspf/vendor/illuminate/view/View.php(208): Illuminate\View\Engines\CompilerEngine->get('/var/www/html/w...', Array)
#21 /var/www/html/wp-content/themes/reyjesuspf/vendor/illuminate/view/View.php(191): Illuminate\View\View->getContents()
#22 /var/www/html/wp-content/themes/reyjesuspf/vendor/illuminate/view/View.php(160): Illuminate\View\View->renderContents()
#23 /var/www/html/wp-content/cache/acorn/framework/views/cdef59d8ff7488b1dad1eac76bb173de.php(15): Illuminate\View\View->render()
#24 /var/www/html/wp-content/themes/reyjesuspf/vendor/illuminate/filesystem/Filesystem.php(123): require('/var/www/html/w...')
#25 /var/www/html/wp-content/themes/reyjesuspf/vendor/illuminate/filesystem/Filesystem.php(124): Illuminate\Filesystem\Filesystem::Illuminate\Filesystem\{closure}()
#26 /var/www/html/wp-content/themes/reyjesuspf/vendor/illuminate/view/Engines/PhpEngine.php(57): Illuminate\Filesystem\Filesystem->getRequire('/var/www/html/w...', Array)
#27 /var/www/html/wp-content/themes/reyjesuspf/vendor/illuminate/view/Engines/CompilerEngine.php(74): Illuminate\View\Engines\PhpEngine->evaluatePath('/var/www/html/w...', Array)
#28 /var/www/html/wp-content/themes/reyjesuspf/vendor/illuminate/view/View.php(208): Illuminate\View\Engines\CompilerEngine->get('/var/www/html/w...', Array)
#29 /var/www/html/wp-content/themes/reyjesuspf/vendor/illuminate/view/View.php(191): Illuminate\View\View->getContents()
#30 /var/www/html/wp-content/themes/reyjesuspf/vendor/illuminate/view/View.php(160): Illuminate\View\View->renderContents()
#31 /var/www/html/wp-content/themes/reyjesuspf/index.php(3): Illuminate\View\View->render()
#32 /var/www/html/wp-includes/template-loader.php(106): include('/var/www/html/w...')
#33 /var/www/html/wp-blog-header.php(19): require_once('/var/www/html/w...')
#34 /var/www/html/index.php(17): require('/var/www/html/w...')
#35 {main}

Next Illuminate\View\ViewException: in_array(): Argument #2 ($haystack) must be of type array, string given (View: /var/www/html/wp-content/themes/reyjesuspf/resources/views/sections/header.blade.php) in /var/www/html/wp-content/themes/reyjesuspf/app/Walkers/TailwindNavWalker.php:78
Stack trace:
#0 /var/www/html/wp-content/themes/reyjesuspf/vendor/illuminate/view/Engines/PhpEngine.php(59): Illuminate\View\Engines\CompilerEngine->handleViewException(Object(TypeError), 2)
#1 /var/www/html/wp-content/themes/reyjesuspf/vendor/illuminate/view/Engines/CompilerEngine.php(74): Illuminate\View\Engines\PhpEngine->evaluatePath('/var/www/html/w...', Array)
#2 /var/www/html/wp-content/themes/reyjesuspf/vendor/illuminate/view/View.php(208): Illuminate\View\Engines\CompilerEngine->get('/var/www/html/w...', Array)
#3 /var/www/html/wp-content/themes/reyjesuspf/vendor/illuminate/view/View.php(191): Illuminate\View\View->getContents()
#4 /var/www/html/wp-content/themes/reyjesuspf/vendor/illuminate/view/View.php(160): Illuminate\View\View->renderContents()
#5 /var/www/html/wp-content/cache/acorn/framework/views/872aeea5bc83526cef78522aea6c4ac7.php(19): Illuminate\View\View->render()
#6 /var/www/html/wp-content/themes/reyjesuspf/vendor/illuminate/filesystem/Filesystem.php(123): require('/var/www/html/w...')
#7 /var/www/html/wp-content/themes/reyjesuspf/vendor/illuminate/filesystem/Filesystem.php(124): Illuminate\Filesystem\Filesystem::Illuminate\Filesystem\{closure}()
#8 /var/www/html/wp-content/themes/reyjesuspf/vendor/illuminate/view/Engines/PhpEngine.php(57): Illuminate\Filesystem\Filesystem->getRequire('/var/www/html/w...', Array)
#9 /var/www/html/wp-content/themes/reyjesuspf/vendor/illuminate/view/Engines/CompilerEngine.php(74): Illuminate\View\Engines\PhpEngine->evaluatePath('/var/www/html/w...', Array)
#10 /var/www/html/wp-content/themes/reyjesuspf/vendor/illuminate/view/View.php(208): Illuminate\View\Engines\CompilerEngine->get('/var/www/html/w...', Array)
#11 /var/www/html/wp-content/themes/reyjesuspf/vendor/illuminate/view/View.php(191): Illuminate\View\View->getContents()
#12 /var/www/html/wp-content/themes/reyjesuspf/vendor/illuminate/view/View.php(160): Illuminate\View\View->renderContents()
#13 /var/www/html/wp-content/cache/acorn/framework/views/cdef59d8ff7488b1dad1eac76bb173de.php(15): Illuminate\View\View->render()
#14 /var/www/html/wp-content/themes/reyjesuspf/vendor/illuminate/filesystem/Filesystem.php(123): require('/var/www/html/w...')
#15 /var/www/html/wp-content/themes/reyjesuspf/vendor/illuminate/filesystem/Filesystem.php(124): Illuminate\Filesystem\Filesystem::Illuminate\Filesystem\{closure}()
#16 /var/www/html/wp-content/themes/reyjesuspf/vendor/illuminate/view/Engines/PhpEngine.php(57): Illuminate\Filesystem\Filesystem->getRequire('/var/www/html/w...', Array)
#17 /var/www/html/wp-content/themes/reyjesuspf/vendor/illuminate/view/Engines/CompilerEngine.php(74): Illuminate\View\Engines\PhpEngine->evaluatePath('/var/www/html/w...', Array)
#18 /var/www/html/wp-content/themes/reyjesuspf/vendor/illuminate/view/View.php(208): Illuminate\View\Engines\CompilerEngine->get('/var/www/html/w...', Array)
#19 /var/www/html/wp-content/themes/reyjesuspf/vendor/illuminate/view/View.php(191): Illuminate\View\View->getContents()
#20 /var/www/html/wp-content/themes/reyjesuspf/vendor/illuminate/view/View.php(160): Illuminate\View\View->renderContents()
#21 /var/www/html/wp-content/themes/reyjesuspf/index.php(3): Illuminate\View\View->render()
#22 /var/www/html/wp-includes/template-loader.php(106): include('/var/www/html/w...')
#23 /var/www/html/wp-blog-header.php(19): require_once('/var/www/html/w...')
#24 /var/www/html/index.php(17): require('/var/www/html/w...')
#25 {main}

Next Illuminate\View\ViewException: in_array(): Argument #2 ($haystack) must be of type array, string given (View: /var/www/html/wp-content/themes/reyjesuspf/resources/views/sections/header.blade.php) (View: /var/www/html/wp-content/themes/reyjesuspf/resources/views/sections/header.blade.php) in /var/www/html/wp-content/themes/reyjesuspf/app/Walkers/TailwindNavWalker.php:78
Stack trace:
#0 /var/www/html/wp-content/themes/reyjesuspf/vendor/illuminate/view/Engines/PhpEngine.php(59): Illuminate\View\Engines\CompilerEngine->handleViewException(Object(Illuminate\View\ViewException), 1)
#1 /var/www/html/wp-content/themes/reyjesuspf/vendor/illuminate/view/Engines/CompilerEngine.php(74): Illuminate\View\Engines\PhpEngine->evaluatePath('/var/www/html/w...', Array)
#2 /var/www/html/wp-content/themes/reyjesuspf/vendor/illuminate/view/View.php(208): Illuminate\View\Engines\CompilerEngine->get('/var/www/html/w...', Array)
#3 /var/www/html/wp-content/themes/reyjesuspf/vendor/illuminate/view/View.php(191): Illuminate\View\View->getContents()
#4 /var/www/html/wp-content/themes/reyjesuspf/vendor/illuminate/view/View.php(160): Illuminate\View\View->renderContents()
#5 /var/www/html/wp-content/cache/acorn/framework/views/cdef59d8ff7488b1dad1eac76bb173de.php(15): Illuminate\View\View->render()
#6 /var/www/html/wp-content/themes/reyjesuspf/vendor/illuminate/filesystem/Filesystem.php(123): require('/var/www/html/w...')
#7 /var/www/html/wp-content/themes/reyjesuspf/vendor/illuminate/filesystem/Filesystem.php(124): Illuminate\Filesystem\Filesystem::Illuminate\Filesystem\{closure}()
#8 /var/www/html/wp-content/themes/reyjesuspf/vendor/illuminate/view/Engines/PhpEngine.php(57): Illuminate\Filesystem\Filesystem->getRequire('/var/www/html/w...', Array)
#9 /var/www/html/wp-content/themes/reyjesuspf/vendor/illuminate/view/Engines/CompilerEngine.php(74): Illuminate\View\Engines\PhpEngine->evaluatePath('/var/www/html/w...', Array)
#10 /var/www/html/wp-content/themes/reyjesuspf/vendor/illuminate/view/View.php(208): Illuminate\View\Engines\CompilerEngine->get('/var/www/html/w...', Array)
#11 /var/www/html/wp-content/themes/reyjesuspf/vendor/illuminate/view/View.php(191): Illuminate\View\View->getContents()
#12 /var/www/html/wp-content/themes/reyjesuspf/vendor/illuminate/view/View.php(160): Illuminate\View\View->renderContents()
#13 /var/www/html/wp-content/themes/reyjesuspf/index.php(3): Illuminate\View\View->render()
#14 /var/www/html/wp-includes/template-loader.php(106): include('/var/www/html/w...')
#15 /var/www/html/wp-blog-header.php(19): require_once('/var/www/html/w...')
#16 /var/www/html/index.php(17): require('/var/www/html/w...')
#17 {main}

Next Illuminate\View\ViewException: in_array(): Argument #2 ($haystack) must be of type array, string given (View: /var/www/html/wp-content/themes/reyjesuspf/resources/views/sections/header.blade.php) (View: /var/www/html/wp-content/themes/reyjesuspf/resources/views/sections/header.blade.php) (View: /var/www/html/wp-content/themes/reyjesuspf/resources/views/sections/header.blade.php) in /var/www/html/wp-content/themes/reyjesuspf/app/Walkers/TailwindNavWalker.php:78
Stack trace:
#0 /var/www/html/wp-content/themes/reyjesuspf/vendor/illuminate/view/Engines/PhpEngine.php(59): Illuminate\View\Engines\CompilerEngine->handleViewException(Object(Illuminate\View\ViewException), 0)
#1 /var/www/html/wp-content/themes/reyjesuspf/vendor/illuminate/view/Engines/CompilerEngine.php(74): Illuminate\View\Engines\PhpEngine->evaluatePath('/var/www/html/w...', Array)
#2 /var/www/html/wp-content/themes/reyjesuspf/vendor/illuminate/view/View.php(208): Illuminate\View\Engines\CompilerEngine->get('/var/www/html/w...', Array)
#3 /var/www/html/wp-content/themes/reyjesuspf/vendor/illuminate/view/View.php(191): Illuminate\View\View->getContents()
#4 /var/www/html/wp-content/themes/reyjesuspf/vendor/illuminate/view/View.php(160): Illuminate\View\View->renderContents()
#5 /var/www/html/wp-content/themes/reyjesuspf/index.php(3): Illuminate\View\View->render()
#6 /var/www/html/wp-includes/template-loader.php(106): include('/var/www/html/w...')
#7 /var/www/html/wp-blog-header.php(19): require_once('/var/www/html/w...')
#8 /var/www/html/index.php(17): require('/var/www/html/w...')
#9 {main}
  thrown in /var/www/html/wp-content/themes/reyjesuspf/app/Walkers/TailwindNavWalker.php on line 78
[17-Jul-2025 20:53:29 UTC] PHP Warning:  Attempt to read property "before" on array in /var/www/html/wp-content/themes/reyjesuspf/app/Walkers/TailwindNavWalker.php on line 78
[17-Jul-2025 20:53:29 UTC] PHP Warning:  Attempt to read property "link_before" on array in /var/www/html/wp-content/themes/reyjesuspf/app/Walkers/TailwindNavWalker.php on line 80
[17-Jul-2025 20:53:29 UTC] PHP Warning:  Attempt to read property "link_after" on array in /var/www/html/wp-content/themes/reyjesuspf/app/Walkers/TailwindNavWalker.php on line 80
[17-Jul-2025 20:53:29 UTC] PHP Warning:  Attempt to read property "after" on array in /var/www/html/wp-content/themes/reyjesuspf/app/Walkers/TailwindNavWalker.php on line 85
[17-Jul-2025 20:53:29 UTC] PHP Warning:  Attempt to read property "before" on array in /var/www/html/wp-content/themes/reyjesuspf/app/Walkers/TailwindNavWalker.php on line 78
[17-Jul-2025 20:53:29 UTC] PHP Warning:  Attempt to read property "link_before" on array in /var/www/html/wp-content/themes/reyjesuspf/app/Walkers/TailwindNavWalker.php on line 80
[17-Jul-2025 20:53:29 UTC] PHP Warning:  Attempt to read property "link_after" on array in /var/www/html/wp-content/themes/reyjesuspf/app/Walkers/TailwindNavWalker.php on line 80
[17-Jul-2025 20:53:29 UTC] PHP Warning:  Attempt to read property "after" on array in /var/www/html/wp-content/themes/reyjesuspf/app/Walkers/TailwindNavWalker.php on line 85
[17-Jul-2025 20:53:29 UTC] PHP Warning:  Attempt to read property "before" on array in /var/www/html/wp-content/themes/reyjesuspf/app/Walkers/TailwindNavWalker.php on line 78
[17-Jul-2025 20:53:29 UTC] PHP Warning:  Attempt to read property "link_before" on array in /var/www/html/wp-content/themes/reyjesuspf/app/Walkers/TailwindNavWalker.php on line 80
[17-Jul-2025 20:53:29 UTC] PHP Warning:  Attempt to read property "link_after" on array in /var/www/html/wp-content/themes/reyjesuspf/app/Walkers/TailwindNavWalker.php on line 80
[17-Jul-2025 20:53:29 UTC] PHP Warning:  Attempt to read property "after" on array in /var/www/html/wp-content/themes/reyjesuspf/app/Walkers/TailwindNavWalker.php on line 85
[17-Jul-2025 20:53:29 UTC] PHP Warning:  Attempt to read property "before" on array in /var/www/html/wp-content/themes/reyjesuspf/app/Walkers/TailwindNavWalker.php on line 78
[17-Jul-2025 20:53:29 UTC] PHP Warning:  Attempt to read property "link_before" on array in /var/www/html/wp-content/themes/reyjesuspf/app/Walkers/TailwindNavWalker.php on line 80
[17-Jul-2025 20:53:29 UTC] PHP Warning:  Attempt to read property "link_after" on array in /var/www/html/wp-content/themes/reyjesuspf/app/Walkers/TailwindNavWalker.php on line 80
[17-Jul-2025 20:53:29 UTC] PHP Warning:  Attempt to read property "after" on array in /var/www/html/wp-content/themes/reyjesuspf/app/Walkers/TailwindNavWalker.php on line 85
[17-Jul-2025 20:53:29 UTC] PHP Warning:  Attempt to read property "before" on array in /var/www/html/wp-content/themes/reyjesuspf/app/Walkers/TailwindNavWalker.php on line 78
[17-Jul-2025 20:53:29 UTC] PHP Warning:  Attempt to read property "link_before" on array in /var/www/html/wp-content/themes/reyjesuspf/app/Walkers/TailwindNavWalker.php on line 80
[17-Jul-2025 20:53:29 UTC] PHP Warning:  Attempt to read property "link_after" on array in /var/www/html/wp-content/themes/reyjesuspf/app/Walkers/TailwindNavWalker.php on line 80
[17-Jul-2025 20:53:29 UTC] PHP Warning:  Attempt to read property "after" on array in /var/www/html/wp-content/themes/reyjesuspf/app/Walkers/TailwindNavWalker.php on line 85
[17-Jul-2025 20:55:21 UTC] PHP Fatal error:  Uncaught TypeError: in_array(): Argument #2 ($haystack) must be of type array, string given in /var/www/html/wp-content/themes/reyjesuspf/app/Walkers/TailwindNavWalker.php:78
Stack trace:
#0 /var/www/html/wp-content/themes/reyjesuspf/app/Walkers/TailwindNavWalker.php(78): in_array('current-menu-it...', '')
#1 /var/www/html/wp-includes/class-wp-walker.php(150): App\Walkers\TailwindNavWalker->start_el('', Object(WP_Post), 0, Array, 0)
#2 /var/www/html/wp-includes/class-wp-walker.php(252): Walker->display_element(Object(WP_Post), Array, 2, 0, Array, '')
#3 /var/www/html/wp-includes/post-template.php(1578): Walker->walk(Array, 2, Array, 0)
#4 /var/www/html/wp-includes/post-template.php(1361): walk_page_tree(Array, 2, 0, Array)
#5 /var/www/html/wp-includes/post-template.php(1493): wp_list_pages(Array)
#6 /var/www/html/wp-includes/nav-menu-template.php(169): wp_page_menu(Array)
#7 /var/www/html/wp-content/cache/acorn/framework/views/027b0c36f4d7b8601abe9b556f9efdec.php(12): wp_nav_menu(Object(stdClass))
#8 /var/www/html/wp-content/themes/reyjesuspf/vendor/illuminate/filesystem/Filesystem.php(123): require('/var/www/html/w...')
#9 /var/www/html/wp-content/themes/reyjesuspf/vendor/illuminate/filesystem/Filesystem.php(124): Illuminate\Filesystem\Filesystem::Illuminate\Filesystem\{closure}()
#10 /var/www/html/wp-content/themes/reyjesuspf/vendor/illuminate/view/Engines/PhpEngine.php(57): Illuminate\Filesystem\Filesystem->getRequire('/var/www/html/w...', Array)
#11 /var/www/html/wp-content/themes/reyjesuspf/vendor/illuminate/view/Engines/CompilerEngine.php(74): Illuminate\View\Engines\PhpEngine->evaluatePath('/var/www/html/w...', Array)
#12 /var/www/html/wp-content/themes/reyjesuspf/vendor/illuminate/view/View.php(208): Illuminate\View\Engines\CompilerEngine->get('/var/www/html/w...', Array)
#13 /var/www/html/wp-content/themes/reyjesuspf/vendor/illuminate/view/View.php(191): Illuminate\View\View->getContents()
#14 /var/www/html/wp-content/themes/reyjesuspf/vendor/illuminate/view/View.php(160): Illuminate\View\View->renderContents()
#15 /var/www/html/wp-content/cache/acorn/framework/views/872aeea5bc83526cef78522aea6c4ac7.php(19): Illuminate\View\View->render()
#16 /var/www/html/wp-content/themes/reyjesuspf/vendor/illuminate/filesystem/Filesystem.php(123): require('/var/www/html/w...')
#17 /var/www/html/wp-content/themes/reyjesuspf/vendor/illuminate/filesystem/Filesystem.php(124): Illuminate\Filesystem\Filesystem::Illuminate\Filesystem\{closure}()
#18 /var/www/html/wp-content/themes/reyjesuspf/vendor/illuminate/view/Engines/PhpEngine.php(57): Illuminate\Filesystem\Filesystem->getRequire('/var/www/html/w...', Array)
#19 /var/www/html/wp-content/themes/reyjesuspf/vendor/illuminate/view/Engines/CompilerEngine.php(74): Illuminate\View\Engines\PhpEngine->evaluatePath('/var/www/html/w...', Array)
#20 /var/www/html/wp-content/themes/reyjesuspf/vendor/illuminate/view/View.php(208): Illuminate\View\Engines\CompilerEngine->get('/var/www/html/w...', Array)
#21 /var/www/html/wp-content/themes/reyjesuspf/vendor/illuminate/view/View.php(191): Illuminate\View\View->getContents()
#22 /var/www/html/wp-content/themes/reyjesuspf/vendor/illuminate/view/View.php(160): Illuminate\View\View->renderContents()
#23 /var/www/html/wp-content/cache/acorn/framework/views/4e85496a1c8783340d210e65441ad863.php(12): Illuminate\View\View->render()
#24 /var/www/html/wp-content/themes/reyjesuspf/vendor/illuminate/filesystem/Filesystem.php(123): require('/var/www/html/w...')
#25 /var/www/html/wp-content/themes/reyjesuspf/vendor/illuminate/filesystem/Filesystem.php(124): Illuminate\Filesystem\Filesystem::Illuminate\Filesystem\{closure}()
#26 /var/www/html/wp-content/themes/reyjesuspf/vendor/illuminate/view/Engines/PhpEngine.php(57): Illuminate\Filesystem\Filesystem->getRequire('/var/www/html/w...', Array)
#27 /var/www/html/wp-content/themes/reyjesuspf/vendor/illuminate/view/Engines/CompilerEngine.php(74): Illuminate\View\Engines\PhpEngine->evaluatePath('/var/www/html/w...', Array)
#28 /var/www/html/wp-content/themes/reyjesuspf/vendor/illuminate/view/View.php(208): Illuminate\View\Engines\CompilerEngine->get('/var/www/html/w...', Array)
#29 /var/www/html/wp-content/themes/reyjesuspf/vendor/illuminate/view/View.php(191): Illuminate\View\View->getContents()
#30 /var/www/html/wp-content/themes/reyjesuspf/vendor/illuminate/view/View.php(160): Illuminate\View\View->renderContents()
#31 /var/www/html/wp-content/themes/reyjesuspf/index.php(3): Illuminate\View\View->render()
#32 /var/www/html/wp-includes/template-loader.php(106): include('/var/www/html/w...')
#33 /var/www/html/wp-blog-header.php(19): require_once('/var/www/html/w...')
#34 /var/www/html/index.php(17): require('/var/www/html/w...')
#35 {main}

Next Illuminate\View\ViewException: in_array(): Argument #2 ($haystack) must be of type array, string given (View: /var/www/html/wp-content/themes/reyjesuspf/resources/views/sections/header.blade.php) in /var/www/html/wp-content/themes/reyjesuspf/app/Walkers/TailwindNavWalker.php:78
Stack trace:
#0 /var/www/html/wp-content/themes/reyjesuspf/vendor/illuminate/view/Engines/PhpEngine.php(59): Illuminate\View\Engines\CompilerEngine->handleViewException(Object(TypeError), 2)
#1 /var/www/html/wp-content/themes/reyjesuspf/vendor/illuminate/view/Engines/CompilerEngine.php(74): Illuminate\View\Engines\PhpEngine->evaluatePath('/var/www/html/w...', Array)
#2 /var/www/html/wp-content/themes/reyjesuspf/vendor/illuminate/view/View.php(208): Illuminate\View\Engines\CompilerEngine->get('/var/www/html/w...', Array)
#3 /var/www/html/wp-content/themes/reyjesuspf/vendor/illuminate/view/View.php(191): Illuminate\View\View->getContents()
#4 /var/www/html/wp-content/themes/reyjesuspf/vendor/illuminate/view/View.php(160): Illuminate\View\View->renderContents()
#5 /var/www/html/wp-content/cache/acorn/framework/views/872aeea5bc83526cef78522aea6c4ac7.php(19): Illuminate\View\View->render()
#6 /var/www/html/wp-content/themes/reyjesuspf/vendor/illuminate/filesystem/Filesystem.php(123): require('/var/www/html/w...')
#7 /var/www/html/wp-content/themes/reyjesuspf/vendor/illuminate/filesystem/Filesystem.php(124): Illuminate\Filesystem\Filesystem::Illuminate\Filesystem\{closure}()
#8 /var/www/html/wp-content/themes/reyjesuspf/vendor/illuminate/view/Engines/PhpEngine.php(57): Illuminate\Filesystem\Filesystem->getRequire('/var/www/html/w...', Array)
#9 /var/www/html/wp-content/themes/reyjesuspf/vendor/illuminate/view/Engines/CompilerEngine.php(74): Illuminate\View\Engines\PhpEngine->evaluatePath('/var/www/html/w...', Array)
#10 /var/www/html/wp-content/themes/reyjesuspf/vendor/illuminate/view/View.php(208): Illuminate\View\Engines\CompilerEngine->get('/var/www/html/w...', Array)
#11 /var/www/html/wp-content/themes/reyjesuspf/vendor/illuminate/view/View.php(191): Illuminate\View\View->getContents()
#12 /var/www/html/wp-content/themes/reyjesuspf/vendor/illuminate/view/View.php(160): Illuminate\View\View->renderContents()
#13 /var/www/html/wp-content/cache/acorn/framework/views/4e85496a1c8783340d210e65441ad863.php(12): Illuminate\View\View->render()
#14 /var/www/html/wp-content/themes/reyjesuspf/vendor/illuminate/filesystem/Filesystem.php(123): require('/var/www/html/w...')
#15 /var/www/html/wp-content/themes/reyjesuspf/vendor/illuminate/filesystem/Filesystem.php(124): Illuminate\Filesystem\Filesystem::Illuminate\Filesystem\{closure}()
#16 /var/www/html/wp-content/themes/reyjesuspf/vendor/illuminate/view/Engines/PhpEngine.php(57): Illuminate\Filesystem\Filesystem->getRequire('/var/www/html/w...', Array)
#17 /var/www/html/wp-content/themes/reyjesuspf/vendor/illuminate/view/Engines/CompilerEngine.php(74): Illuminate\View\Engines\PhpEngine->evaluatePath('/var/www/html/w...', Array)
#18 /var/www/html/wp-content/themes/reyjesuspf/vendor/illuminate/view/View.php(208): Illuminate\View\Engines\CompilerEngine->get('/var/www/html/w...', Array)
#19 /var/www/html/wp-content/themes/reyjesuspf/vendor/illuminate/view/View.php(191): Illuminate\View\View->getContents()
#20 /var/www/html/wp-content/themes/reyjesuspf/vendor/illuminate/view/View.php(160): Illuminate\View\View->renderContents()
#21 /var/www/html/wp-content/themes/reyjesuspf/index.php(3): Illuminate\View\View->render()
#22 /var/www/html/wp-includes/template-loader.php(106): include('/var/www/html/w...')
#23 /var/www/html/wp-blog-header.php(19): require_once('/var/www/html/w...')
#24 /var/www/html/index.php(17): require('/var/www/html/w...')
#25 {main}

Next Illuminate\View\ViewException: in_array(): Argument #2 ($haystack) must be of type array, string given (View: /var/www/html/wp-content/themes/reyjesuspf/resources/views/sections/header.blade.php) (View: /var/www/html/wp-content/themes/reyjesuspf/resources/views/sections/header.blade.php) in /var/www/html/wp-content/themes/reyjesuspf/app/Walkers/TailwindNavWalker.php:78
Stack trace:
#0 /var/www/html/wp-content/themes/reyjesuspf/vendor/illuminate/view/Engines/PhpEngine.php(59): Illuminate\View\Engines\CompilerEngine->handleViewException(Object(Illuminate\View\ViewException), 1)
#1 /var/www/html/wp-content/themes/reyjesuspf/vendor/illuminate/view/Engines/CompilerEngine.php(74): Illuminate\View\Engines\PhpEngine->evaluatePath('/var/www/html/w...', Array)
#2 /var/www/html/wp-content/themes/reyjesuspf/vendor/illuminate/view/View.php(208): Illuminate\View\Engines\CompilerEngine->get('/var/www/html/w...', Array)
#3 /var/www/html/wp-content/themes/reyjesuspf/vendor/illuminate/view/View.php(191): Illuminate\View\View->getContents()
#4 /var/www/html/wp-content/themes/reyjesuspf/vendor/illuminate/view/View.php(160): Illuminate\View\View->renderContents()
#5 /var/www/html/wp-content/cache/acorn/framework/views/4e85496a1c8783340d210e65441ad863.php(12): Illuminate\View\View->render()
#6 /var/www/html/wp-content/themes/reyjesuspf/vendor/illuminate/filesystem/Filesystem.php(123): require('/var/www/html/w...')
#7 /var/www/html/wp-content/themes/reyjesuspf/vendor/illuminate/filesystem/Filesystem.php(124): Illuminate\Filesystem\Filesystem::Illuminate\Filesystem\{closure}()
#8 /var/www/html/wp-content/themes/reyjesuspf/vendor/illuminate/view/Engines/PhpEngine.php(57): Illuminate\Filesystem\Filesystem->getRequire('/var/www/html/w...', Array)
#9 /var/www/html/wp-content/themes/reyjesuspf/vendor/illuminate/view/Engines/CompilerEngine.php(74): Illuminate\View\Engines\PhpEngine->evaluatePath('/var/www/html/w...', Array)
#10 /var/www/html/wp-content/themes/reyjesuspf/vendor/illuminate/view/View.php(208): Illuminate\View\Engines\CompilerEngine->get('/var/www/html/w...', Array)
#11 /var/www/html/wp-content/themes/reyjesuspf/vendor/illuminate/view/View.php(191): Illuminate\View\View->getContents()
#12 /var/www/html/wp-content/themes/reyjesuspf/vendor/illuminate/view/View.php(160): Illuminate\View\View->renderContents()
#13 /var/www/html/wp-content/themes/reyjesuspf/index.php(3): Illuminate\View\View->render()
#14 /var/www/html/wp-includes/template-loader.php(106): include('/var/www/html/w...')
#15 /var/www/html/wp-blog-header.php(19): require_once('/var/www/html/w...')
#16 /var/www/html/index.php(17): require('/var/www/html/w...')
#17 {main}

Next Illuminate\View\ViewException: in_array(): Argument #2 ($haystack) must be of type array, string given (View: /var/www/html/wp-content/themes/reyjesuspf/resources/views/sections/header.blade.php) (View: /var/www/html/wp-content/themes/reyjesuspf/resources/views/sections/header.blade.php) (View: /var/www/html/wp-content/themes/reyjesuspf/resources/views/sections/header.blade.php) in /var/www/html/wp-content/themes/reyjesuspf/app/Walkers/TailwindNavWalker.php:78
Stack trace:
#0 /var/www/html/wp-content/themes/reyjesuspf/vendor/illuminate/view/Engines/PhpEngine.php(59): Illuminate\View\Engines\CompilerEngine->handleViewException(Object(Illuminate\View\ViewException), 0)
#1 /var/www/html/wp-content/themes/reyjesuspf/vendor/illuminate/view/Engines/CompilerEngine.php(74): Illuminate\View\Engines\PhpEngine->evaluatePath('/var/www/html/w...', Array)
#2 /var/www/html/wp-content/themes/reyjesuspf/vendor/illuminate/view/View.php(208): Illuminate\View\Engines\CompilerEngine->get('/var/www/html/w...', Array)
#3 /var/www/html/wp-content/themes/reyjesuspf/vendor/illuminate/view/View.php(191): Illuminate\View\View->getContents()
#4 /var/www/html/wp-content/themes/reyjesuspf/vendor/illuminate/view/View.php(160): Illuminate\View\View->renderContents()
#5 /var/www/html/wp-content/themes/reyjesuspf/index.php(3): Illuminate\View\View->render()
#6 /var/www/html/wp-includes/template-loader.php(106): include('/var/www/html/w...')
#7 /var/www/html/wp-blog-header.php(19): require_once('/var/www/html/w...')
#8 /var/www/html/index.php(17): require('/var/www/html/w...')
#9 {main}
  thrown in /var/www/html/wp-content/themes/reyjesuspf/app/Walkers/TailwindNavWalker.php on line 78
[17-Jul-2025 20:58:11 UTC] PHP Warning:  Attempt to read property "before" on array in /var/www/html/wp-content/themes/reyjesuspf/app/Walkers/TailwindNavWalker.php on line 147
[17-Jul-2025 20:58:11 UTC] PHP Warning:  Attempt to read property "link_before" on array in /var/www/html/wp-content/themes/reyjesuspf/app/Walkers/TailwindNavWalker.php on line 149
[17-Jul-2025 20:58:11 UTC] PHP Warning:  Attempt to read property "link_after" on array in /var/www/html/wp-content/themes/reyjesuspf/app/Walkers/TailwindNavWalker.php on line 149
[17-Jul-2025 20:58:11 UTC] PHP Warning:  Attempt to read property "after" on array in /var/www/html/wp-content/themes/reyjesuspf/app/Walkers/TailwindNavWalker.php on line 155
[17-Jul-2025 20:58:11 UTC] PHP Warning:  Attempt to read property "before" on array in /var/www/html/wp-content/themes/reyjesuspf/app/Walkers/TailwindNavWalker.php on line 147
[17-Jul-2025 20:58:11 UTC] PHP Warning:  Attempt to read property "link_before" on array in /var/www/html/wp-content/themes/reyjesuspf/app/Walkers/TailwindNavWalker.php on line 149
[17-Jul-2025 20:58:11 UTC] PHP Warning:  Attempt to read property "link_after" on array in /var/www/html/wp-content/themes/reyjesuspf/app/Walkers/TailwindNavWalker.php on line 149
[17-Jul-2025 20:58:11 UTC] PHP Warning:  Attempt to read property "after" on array in /var/www/html/wp-content/themes/reyjesuspf/app/Walkers/TailwindNavWalker.php on line 155
[17-Jul-2025 20:58:11 UTC] PHP Warning:  Attempt to read property "before" on array in /var/www/html/wp-content/themes/reyjesuspf/app/Walkers/TailwindNavWalker.php on line 147
[17-Jul-2025 20:58:11 UTC] PHP Warning:  Attempt to read property "link_before" on array in /var/www/html/wp-content/themes/reyjesuspf/app/Walkers/TailwindNavWalker.php on line 149
[17-Jul-2025 20:58:11 UTC] PHP Warning:  Attempt to read property "link_after" on array in /var/www/html/wp-content/themes/reyjesuspf/app/Walkers/TailwindNavWalker.php on line 149
[17-Jul-2025 20:58:11 UTC] PHP Warning:  Attempt to read property "after" on array in /var/www/html/wp-content/themes/reyjesuspf/app/Walkers/TailwindNavWalker.php on line 155
[17-Jul-2025 20:58:11 UTC] PHP Warning:  Attempt to read property "before" on array in /var/www/html/wp-content/themes/reyjesuspf/app/Walkers/TailwindNavWalker.php on line 147
[17-Jul-2025 20:58:11 UTC] PHP Warning:  Attempt to read property "link_before" on array in /var/www/html/wp-content/themes/reyjesuspf/app/Walkers/TailwindNavWalker.php on line 149
[17-Jul-2025 20:58:11 UTC] PHP Warning:  Attempt to read property "link_after" on array in /var/www/html/wp-content/themes/reyjesuspf/app/Walkers/TailwindNavWalker.php on line 149
[17-Jul-2025 20:58:11 UTC] PHP Warning:  Attempt to read property "after" on array in /var/www/html/wp-content/themes/reyjesuspf/app/Walkers/TailwindNavWalker.php on line 155
[17-Jul-2025 20:58:11 UTC] PHP Warning:  Attempt to read property "before" on array in /var/www/html/wp-content/themes/reyjesuspf/app/Walkers/TailwindNavWalker.php on line 147
[17-Jul-2025 20:58:11 UTC] PHP Warning:  Attempt to read property "link_before" on array in /var/www/html/wp-content/themes/reyjesuspf/app/Walkers/TailwindNavWalker.php on line 149
[17-Jul-2025 20:58:11 UTC] PHP Warning:  Attempt to read property "link_after" on array in /var/www/html/wp-content/themes/reyjesuspf/app/Walkers/TailwindNavWalker.php on line 149
[17-Jul-2025 20:58:11 UTC] PHP Warning:  Attempt to read property "after" on array in /var/www/html/wp-content/themes/reyjesuspf/app/Walkers/TailwindNavWalker.php on line 155
[17-Jul-2025 21:06:51 UTC] PHP Fatal error:  Uncaught TypeError: in_array(): Argument #2 ($haystack) must be of type array, string given in /var/www/html/wp-content/themes/reyjesuspf/app/Walkers/TailwindNavWalker.php:82
Stack trace:
#0 /var/www/html/wp-content/themes/reyjesuspf/app/Walkers/TailwindNavWalker.php(82): in_array('current-menu-it...', '')
#1 /var/www/html/wp-includes/class-wp-walker.php(150): App\Walkers\TailwindNavWalker->start_el('', Object(WP_Post), 0, Object(stdClass), 0)
#2 /var/www/html/wp-includes/class-wp-walker.php(252): Walker->display_element(Object(WP_Post), Array, 2, 0, Array, '')
#3 /var/www/html/wp-includes/post-template.php(1578): Walker->walk(Array, 2, Array, 0)
#4 /var/www/html/wp-includes/post-template.php(1361): walk_page_tree(Array, 2, 0, Array)
#5 /var/www/html/wp-includes/post-template.php(1493): wp_list_pages(Array)
#6 /var/www/html/wp-includes/nav-menu-template.php(169): wp_page_menu(Array)
#7 /var/www/html/wp-content/cache/acorn/framework/views/027b0c36f4d7b8601abe9b556f9efdec.php(12): wp_nav_menu(Object(stdClass))
#8 /var/www/html/wp-content/themes/reyjesuspf/vendor/illuminate/filesystem/Filesystem.php(123): require('/var/www/html/w...')
#9 /var/www/html/wp-content/themes/reyjesuspf/vendor/illuminate/filesystem/Filesystem.php(124): Illuminate\Filesystem\Filesystem::Illuminate\Filesystem\{closure}()
#10 /var/www/html/wp-content/themes/reyjesuspf/vendor/illuminate/view/Engines/PhpEngine.php(57): Illuminate\Filesystem\Filesystem->getRequire('/var/www/html/w...', Array)
#11 /var/www/html/wp-content/themes/reyjesuspf/vendor/illuminate/view/Engines/CompilerEngine.php(74): Illuminate\View\Engines\PhpEngine->evaluatePath('/var/www/html/w...', Array)
#12 /var/www/html/wp-content/themes/reyjesuspf/vendor/illuminate/view/View.php(208): Illuminate\View\Engines\CompilerEngine->get('/var/www/html/w...', Array)
#13 /var/www/html/wp-content/themes/reyjesuspf/vendor/illuminate/view/View.php(191): Illuminate\View\View->getContents()
#14 /var/www/html/wp-content/themes/reyjesuspf/vendor/illuminate/view/View.php(160): Illuminate\View\View->renderContents()
#15 /var/www/html/wp-content/cache/acorn/framework/views/872aeea5bc83526cef78522aea6c4ac7.php(19): Illuminate\View\View->render()
#16 /var/www/html/wp-content/themes/reyjesuspf/vendor/illuminate/filesystem/Filesystem.php(123): require('/var/www/html/w...')
#17 /var/www/html/wp-content/themes/reyjesuspf/vendor/illuminate/filesystem/Filesystem.php(124): Illuminate\Filesystem\Filesystem::Illuminate\Filesystem\{closure}()
#18 /var/www/html/wp-content/themes/reyjesuspf/vendor/illuminate/view/Engines/PhpEngine.php(57): Illuminate\Filesystem\Filesystem->getRequire('/var/www/html/w...', Array)
#19 /var/www/html/wp-content/themes/reyjesuspf/vendor/illuminate/view/Engines/CompilerEngine.php(74): Illuminate\View\Engines\PhpEngine->evaluatePath('/var/www/html/w...', Array)
#20 /var/www/html/wp-content/themes/reyjesuspf/vendor/illuminate/view/View.php(208): Illuminate\View\Engines\CompilerEngine->get('/var/www/html/w...', Array)
#21 /var/www/html/wp-content/themes/reyjesuspf/vendor/illuminate/view/View.php(191): Illuminate\View\View->getContents()
#22 /var/www/html/wp-content/themes/reyjesuspf/vendor/illuminate/view/View.php(160): Illuminate\View\View->renderContents()
#23 /var/www/html/wp-content/cache/acorn/framework/views/4e85496a1c8783340d210e65441ad863.php(12): Illuminate\View\View->render()
#24 /var/www/html/wp-content/themes/reyjesuspf/vendor/illuminate/filesystem/Filesystem.php(123): require('/var/www/html/w...')
#25 /var/www/html/wp-content/themes/reyjesuspf/vendor/illuminate/filesystem/Filesystem.php(124): Illuminate\Filesystem\Filesystem::Illuminate\Filesystem\{closure}()
#26 /var/www/html/wp-content/themes/reyjesuspf/vendor/illuminate/view/Engines/PhpEngine.php(57): Illuminate\Filesystem\Filesystem->getRequire('/var/www/html/w...', Array)
#27 /var/www/html/wp-content/themes/reyjesuspf/vendor/illuminate/view/Engines/CompilerEngine.php(74): Illuminate\View\Engines\PhpEngine->evaluatePath('/var/www/html/w...', Array)
#28 /var/www/html/wp-content/themes/reyjesuspf/vendor/illuminate/view/View.php(208): Illuminate\View\Engines\CompilerEngine->get('/var/www/html/w...', Array)
#29 /var/www/html/wp-content/themes/reyjesuspf/vendor/illuminate/view/View.php(191): Illuminate\View\View->getContents()
#30 /var/www/html/wp-content/themes/reyjesuspf/vendor/illuminate/view/View.php(160): Illuminate\View\View->renderContents()
#31 /var/www/html/wp-content/themes/reyjesuspf/index.php(3): Illuminate\View\View->render()
#32 /var/www/html/wp-includes/template-loader.php(106): include('/var/www/html/w...')
#33 /var/www/html/wp-blog-header.php(19): require_once('/var/www/html/w...')
#34 /var/www/html/index.php(17): require('/var/www/html/w...')
#35 {main}

Next Illuminate\View\ViewException: in_array(): Argument #2 ($haystack) must be of type array, string given (View: /var/www/html/wp-content/themes/reyjesuspf/resources/views/sections/header.blade.php) in /var/www/html/wp-content/themes/reyjesuspf/app/Walkers/TailwindNavWalker.php:82
Stack trace:
#0 /var/www/html/wp-content/themes/reyjesuspf/vendor/illuminate/view/Engines/PhpEngine.php(59): Illuminate\View\Engines\CompilerEngine->handleViewException(Object(TypeError), 2)
#1 /var/www/html/wp-content/themes/reyjesuspf/vendor/illuminate/view/Engines/CompilerEngine.php(74): Illuminate\View\Engines\PhpEngine->evaluatePath('/var/www/html/w...', Array)
#2 /var/www/html/wp-content/themes/reyjesuspf/vendor/illuminate/view/View.php(208): Illuminate\View\Engines\CompilerEngine->get('/var/www/html/w...', Array)
#3 /var/www/html/wp-content/themes/reyjesuspf/vendor/illuminate/view/View.php(191): Illuminate\View\View->getContents()
#4 /var/www/html/wp-content/themes/reyjesuspf/vendor/illuminate/view/View.php(160): Illuminate\View\View->renderContents()
#5 /var/www/html/wp-content/cache/acorn/framework/views/872aeea5bc83526cef78522aea6c4ac7.php(19): Illuminate\View\View->render()
#6 /var/www/html/wp-content/themes/reyjesuspf/vendor/illuminate/filesystem/Filesystem.php(123): require('/var/www/html/w...')
#7 /var/www/html/wp-content/themes/reyjesuspf/vendor/illuminate/filesystem/Filesystem.php(124): Illuminate\Filesystem\Filesystem::Illuminate\Filesystem\{closure}()
#8 /var/www/html/wp-content/themes/reyjesuspf/vendor/illuminate/view/Engines/PhpEngine.php(57): Illuminate\Filesystem\Filesystem->getRequire('/var/www/html/w...', Array)
#9 /var/www/html/wp-content/themes/reyjesuspf/vendor/illuminate/view/Engines/CompilerEngine.php(74): Illuminate\View\Engines\PhpEngine->evaluatePath('/var/www/html/w...', Array)
#10 /var/www/html/wp-content/themes/reyjesuspf/vendor/illuminate/view/View.php(208): Illuminate\View\Engines\CompilerEngine->get('/var/www/html/w...', Array)
#11 /var/www/html/wp-content/themes/reyjesuspf/vendor/illuminate/view/View.php(191): Illuminate\View\View->getContents()
#12 /var/www/html/wp-content/themes/reyjesuspf/vendor/illuminate/view/View.php(160): Illuminate\View\View->renderContents()
#13 /var/www/html/wp-content/cache/acorn/framework/views/4e85496a1c8783340d210e65441ad863.php(12): Illuminate\View\View->render()
#14 /var/www/html/wp-content/themes/reyjesuspf/vendor/illuminate/filesystem/Filesystem.php(123): require('/var/www/html/w...')
#15 /var/www/html/wp-content/themes/reyjesuspf/vendor/illuminate/filesystem/Filesystem.php(124): Illuminate\Filesystem\Filesystem::Illuminate\Filesystem\{closure}()
#16 /var/www/html/wp-content/themes/reyjesuspf/vendor/illuminate/view/Engines/PhpEngine.php(57): Illuminate\Filesystem\Filesystem->getRequire('/var/www/html/w...', Array)
#17 /var/www/html/wp-content/themes/reyjesuspf/vendor/illuminate/view/Engines/CompilerEngine.php(74): Illuminate\View\Engines\PhpEngine->evaluatePath('/var/www/html/w...', Array)
#18 /var/www/html/wp-content/themes/reyjesuspf/vendor/illuminate/view/View.php(208): Illuminate\View\Engines\CompilerEngine->get('/var/www/html/w...', Array)
#19 /var/www/html/wp-content/themes/reyjesuspf/vendor/illuminate/view/View.php(191): Illuminate\View\View->getContents()
#20 /var/www/html/wp-content/themes/reyjesuspf/vendor/illuminate/view/View.php(160): Illuminate\View\View->renderContents()
#21 /var/www/html/wp-content/themes/reyjesuspf/index.php(3): Illuminate\View\View->render()
#22 /var/www/html/wp-includes/template-loader.php(106): include('/var/www/html/w...')
#23 /var/www/html/wp-blog-header.php(19): require_once('/var/www/html/w...')
#24 /var/www/html/index.php(17): require('/var/www/html/w...')
#25 {main}

Next Illuminate\View\ViewException: in_array(): Argument #2 ($haystack) must be of type array, string given (View: /var/www/html/wp-content/themes/reyjesuspf/resources/views/sections/header.blade.php) (View: /var/www/html/wp-content/themes/reyjesuspf/resources/views/sections/header.blade.php) in /var/www/html/wp-content/themes/reyjesuspf/app/Walkers/TailwindNavWalker.php:82
Stack trace:
#0 /var/www/html/wp-content/themes/reyjesuspf/vendor/illuminate/view/Engines/PhpEngine.php(59): Illuminate\View\Engines\CompilerEngine->handleViewException(Object(Illuminate\View\ViewException), 1)
#1 /var/www/html/wp-content/themes/reyjesuspf/vendor/illuminate/view/Engines/CompilerEngine.php(74): Illuminate\View\Engines\PhpEngine->evaluatePath('/var/www/html/w...', Array)
#2 /var/www/html/wp-content/themes/reyjesuspf/vendor/illuminate/view/View.php(208): Illuminate\View\Engines\CompilerEngine->get('/var/www/html/w...', Array)
#3 /var/www/html/wp-content/themes/reyjesuspf/vendor/illuminate/view/View.php(191): Illuminate\View\View->getContents()
#4 /var/www/html/wp-content/themes/reyjesuspf/vendor/illuminate/view/View.php(160): Illuminate\View\View->renderContents()
#5 /var/www/html/wp-content/cache/acorn/framework/views/4e85496a1c8783340d210e65441ad863.php(12): Illuminate\View\View->render()
#6 /var/www/html/wp-content/themes/reyjesuspf/vendor/illuminate/filesystem/Filesystem.php(123): require('/var/www/html/w...')
#7 /var/www/html/wp-content/themes/reyjesuspf/vendor/illuminate/filesystem/Filesystem.php(124): Illuminate\Filesystem\Filesystem::Illuminate\Filesystem\{closure}()
#8 /var/www/html/wp-content/themes/reyjesuspf/vendor/illuminate/view/Engines/PhpEngine.php(57): Illuminate\Filesystem\Filesystem->getRequire('/var/www/html/w...', Array)
#9 /var/www/html/wp-content/themes/reyjesuspf/vendor/illuminate/view/Engines/CompilerEngine.php(74): Illuminate\View\Engines\PhpEngine->evaluatePath('/var/www/html/w...', Array)
#10 /var/www/html/wp-content/themes/reyjesuspf/vendor/illuminate/view/View.php(208): Illuminate\View\Engines\CompilerEngine->get('/var/www/html/w...', Array)
#11 /var/www/html/wp-content/themes/reyjesuspf/vendor/illuminate/view/View.php(191): Illuminate\View\View->getContents()
#12 /var/www/html/wp-content/themes/reyjesuspf/vendor/illuminate/view/View.php(160): Illuminate\View\View->renderContents()
#13 /var/www/html/wp-content/themes/reyjesuspf/index.php(3): Illuminate\View\View->render()
#14 /var/www/html/wp-includes/template-loader.php(106): include('/var/www/html/w...')
#15 /var/www/html/wp-blog-header.php(19): require_once('/var/www/html/w...')
#16 /var/www/html/index.php(17): require('/var/www/html/w...')
#17 {main}

Next Illuminate\View\ViewException: in_array(): Argument #2 ($haystack) must be of type array, string given (View: /var/www/html/wp-content/themes/reyjesuspf/resources/views/sections/header.blade.php) (View: /var/www/html/wp-content/themes/reyjesuspf/resources/views/sections/header.blade.php) (View: /var/www/html/wp-content/themes/reyjesuspf/resources/views/sections/header.blade.php) in /var/www/html/wp-content/themes/reyjesuspf/app/Walkers/TailwindNavWalker.php:82
Stack trace:
#0 /var/www/html/wp-content/themes/reyjesuspf/vendor/illuminate/view/Engines/PhpEngine.php(59): Illuminate\View\Engines\CompilerEngine->handleViewException(Object(Illuminate\View\ViewException), 0)
#1 /var/www/html/wp-content/themes/reyjesuspf/vendor/illuminate/view/Engines/CompilerEngine.php(74): Illuminate\View\Engines\PhpEngine->evaluatePath('/var/www/html/w...', Array)
#2 /var/www/html/wp-content/themes/reyjesuspf/vendor/illuminate/view/View.php(208): Illuminate\View\Engines\CompilerEngine->get('/var/www/html/w...', Array)
#3 /var/www/html/wp-content/themes/reyjesuspf/vendor/illuminate/view/View.php(191): Illuminate\View\View->getContents()
#4 /var/www/html/wp-content/themes/reyjesuspf/vendor/illuminate/view/View.php(160): Illuminate\View\View->renderContents()
#5 /var/www/html/wp-content/themes/reyjesuspf/index.php(3): Illuminate\View\View->render()
#6 /var/www/html/wp-includes/template-loader.php(106): include('/var/www/html/w...')
#7 /var/www/html/wp-blog-header.php(19): require_once('/var/www/html/w...')
#8 /var/www/html/index.php(17): require('/var/www/html/w...')
#9 {main}
  thrown in /var/www/html/wp-content/themes/reyjesuspf/app/Walkers/TailwindNavWalker.php on line 82
[17-Jul-2025 21:08:30 UTC] PHP Warning:  Attempt to read property "before" on array in /var/www/html/wp-content/themes/reyjesuspf/app/Walkers/TailwindNavWalker.php on line 147
[17-Jul-2025 21:08:30 UTC] PHP Warning:  Attempt to read property "link_before" on array in /var/www/html/wp-content/themes/reyjesuspf/app/Walkers/TailwindNavWalker.php on line 149
[17-Jul-2025 21:08:30 UTC] PHP Warning:  Attempt to read property "link_after" on array in /var/www/html/wp-content/themes/reyjesuspf/app/Walkers/TailwindNavWalker.php on line 149
[17-Jul-2025 21:08:30 UTC] PHP Warning:  Attempt to read property "after" on array in /var/www/html/wp-content/themes/reyjesuspf/app/Walkers/TailwindNavWalker.php on line 155
[17-Jul-2025 21:08:30 UTC] PHP Warning:  Attempt to read property "before" on array in /var/www/html/wp-content/themes/reyjesuspf/app/Walkers/TailwindNavWalker.php on line 147
[17-Jul-2025 21:08:30 UTC] PHP Warning:  Attempt to read property "link_before" on array in /var/www/html/wp-content/themes/reyjesuspf/app/Walkers/TailwindNavWalker.php on line 149
[17-Jul-2025 21:08:30 UTC] PHP Warning:  Attempt to read property "link_after" on array in /var/www/html/wp-content/themes/reyjesuspf/app/Walkers/TailwindNavWalker.php on line 149
[17-Jul-2025 21:08:30 UTC] PHP Warning:  Attempt to read property "after" on array in /var/www/html/wp-content/themes/reyjesuspf/app/Walkers/TailwindNavWalker.php on line 155
[17-Jul-2025 21:08:30 UTC] PHP Warning:  Attempt to read property "before" on array in /var/www/html/wp-content/themes/reyjesuspf/app/Walkers/TailwindNavWalker.php on line 147
[17-Jul-2025 21:08:30 UTC] PHP Warning:  Attempt to read property "link_before" on array in /var/www/html/wp-content/themes/reyjesuspf/app/Walkers/TailwindNavWalker.php on line 149
[17-Jul-2025 21:08:30 UTC] PHP Warning:  Attempt to read property "link_after" on array in /var/www/html/wp-content/themes/reyjesuspf/app/Walkers/TailwindNavWalker.php on line 149
[17-Jul-2025 21:08:30 UTC] PHP Warning:  Attempt to read property "after" on array in /var/www/html/wp-content/themes/reyjesuspf/app/Walkers/TailwindNavWalker.php on line 155
[17-Jul-2025 21:08:30 UTC] PHP Warning:  Attempt to read property "before" on array in /var/www/html/wp-content/themes/reyjesuspf/app/Walkers/TailwindNavWalker.php on line 147
[17-Jul-2025 21:08:30 UTC] PHP Warning:  Attempt to read property "link_before" on array in /var/www/html/wp-content/themes/reyjesuspf/app/Walkers/TailwindNavWalker.php on line 149
[17-Jul-2025 21:08:30 UTC] PHP Warning:  Attempt to read property "link_after" on array in /var/www/html/wp-content/themes/reyjesuspf/app/Walkers/TailwindNavWalker.php on line 149
[17-Jul-2025 21:08:30 UTC] PHP Warning:  Attempt to read property "after" on array in /var/www/html/wp-content/themes/reyjesuspf/app/Walkers/TailwindNavWalker.php on line 155
[17-Jul-2025 21:08:30 UTC] PHP Warning:  Attempt to read property "before" on array in /var/www/html/wp-content/themes/reyjesuspf/app/Walkers/TailwindNavWalker.php on line 147
[17-Jul-2025 21:08:30 UTC] PHP Warning:  Attempt to read property "link_before" on array in /var/www/html/wp-content/themes/reyjesuspf/app/Walkers/TailwindNavWalker.php on line 149
[17-Jul-2025 21:08:30 UTC] PHP Warning:  Attempt to read property "link_after" on array in /var/www/html/wp-content/themes/reyjesuspf/app/Walkers/TailwindNavWalker.php on line 149
[17-Jul-2025 21:08:30 UTC] PHP Warning:  Attempt to read property "after" on array in /var/www/html/wp-content/themes/reyjesuspf/app/Walkers/TailwindNavWalker.php on line 155
[17-Jul-2025 21:11:43 UTC] PHP Warning:  Attempt to read property "before" on array in /var/www/html/wp-content/themes/reyjesuspf/app/Walkers/TailwindNavWalker.php on line 147
[17-Jul-2025 21:11:43 UTC] PHP Warning:  Attempt to read property "link_before" on array in /var/www/html/wp-content/themes/reyjesuspf/app/Walkers/TailwindNavWalker.php on line 149
[17-Jul-2025 21:11:43 UTC] PHP Warning:  Attempt to read property "link_after" on array in /var/www/html/wp-content/themes/reyjesuspf/app/Walkers/TailwindNavWalker.php on line 149
[17-Jul-2025 21:11:43 UTC] PHP Warning:  Attempt to read property "after" on array in /var/www/html/wp-content/themes/reyjesuspf/app/Walkers/TailwindNavWalker.php on line 155
[17-Jul-2025 21:11:43 UTC] PHP Warning:  Attempt to read property "before" on array in /var/www/html/wp-content/themes/reyjesuspf/app/Walkers/TailwindNavWalker.php on line 147
[17-Jul-2025 21:11:43 UTC] PHP Warning:  Attempt to read property "link_before" on array in /var/www/html/wp-content/themes/reyjesuspf/app/Walkers/TailwindNavWalker.php on line 149
[17-Jul-2025 21:11:43 UTC] PHP Warning:  Attempt to read property "link_after" on array in /var/www/html/wp-content/themes/reyjesuspf/app/Walkers/TailwindNavWalker.php on line 149
[17-Jul-2025 21:11:43 UTC] PHP Warning:  Attempt to read property "after" on array in /var/www/html/wp-content/themes/reyjesuspf/app/Walkers/TailwindNavWalker.php on line 155
[17-Jul-2025 21:11:43 UTC] PHP Warning:  Attempt to read property "before" on array in /var/www/html/wp-content/themes/reyjesuspf/app/Walkers/TailwindNavWalker.php on line 147
[17-Jul-2025 21:11:43 UTC] PHP Warning:  Attempt to read property "link_before" on array in /var/www/html/wp-content/themes/reyjesuspf/app/Walkers/TailwindNavWalker.php on line 149
[17-Jul-2025 21:11:43 UTC] PHP Warning:  Attempt to read property "link_after" on array in /var/www/html/wp-content/themes/reyjesuspf/app/Walkers/TailwindNavWalker.php on line 149
[17-Jul-2025 21:11:43 UTC] PHP Warning:  Attempt to read property "after" on array in /var/www/html/wp-content/themes/reyjesuspf/app/Walkers/TailwindNavWalker.php on line 155
[17-Jul-2025 21:11:43 UTC] PHP Warning:  Attempt to read property "before" on array in /var/www/html/wp-content/themes/reyjesuspf/app/Walkers/TailwindNavWalker.php on line 147
[17-Jul-2025 21:11:43 UTC] PHP Warning:  Attempt to read property "link_before" on array in /var/www/html/wp-content/themes/reyjesuspf/app/Walkers/TailwindNavWalker.php on line 149
[17-Jul-2025 21:11:43 UTC] PHP Warning:  Attempt to read property "link_after" on array in /var/www/html/wp-content/themes/reyjesuspf/app/Walkers/TailwindNavWalker.php on line 149
[17-Jul-2025 21:11:43 UTC] PHP Warning:  Attempt to read property "after" on array in /var/www/html/wp-content/themes/reyjesuspf/app/Walkers/TailwindNavWalker.php on line 155
[17-Jul-2025 21:11:43 UTC] PHP Warning:  Attempt to read property "before" on array in /var/www/html/wp-content/themes/reyjesuspf/app/Walkers/TailwindNavWalker.php on line 147
[17-Jul-2025 21:11:43 UTC] PHP Warning:  Attempt to read property "link_before" on array in /var/www/html/wp-content/themes/reyjesuspf/app/Walkers/TailwindNavWalker.php on line 149
[17-Jul-2025 21:11:43 UTC] PHP Warning:  Attempt to read property "link_after" on array in /var/www/html/wp-content/themes/reyjesuspf/app/Walkers/TailwindNavWalker.php on line 149
[17-Jul-2025 21:11:43 UTC] PHP Warning:  Attempt to read property "after" on array in /var/www/html/wp-content/themes/reyjesuspf/app/Walkers/TailwindNavWalker.php on line 155
[22-Jul-2025 20:21:48 UTC] PHP Fatal error:  Uncaught InvalidArgumentException: View [partials.yoconstrutopage.yoconstruyo] not found. in /var/www/html/wp-content/themes/reyjesuspf/vendor/illuminate/view/FileViewFinder.php:138
Stack trace:
#0 /var/www/html/wp-content/themes/reyjesuspf/vendor/illuminate/view/FileViewFinder.php(78): Illuminate\View\FileViewFinder->findInPaths('partials.yocons...', Array)
#1 /var/www/html/wp-content/themes/reyjesuspf/vendor/illuminate/view/Factory.php(150): Illuminate\View\FileViewFinder->find('partials.yocons...')
#2 /var/www/html/wp-content/cache/acorn/framework/views/dc966d021c38ce71e1a26dd8bc910081.php(7): Illuminate\View\Factory->make('partials.yocons...', Array)
#3 /var/www/html/wp-content/themes/reyjesuspf/vendor/illuminate/filesystem/Filesystem.php(123): require('/var/www/html/w...')
#4 /var/www/html/wp-content/themes/reyjesuspf/vendor/illuminate/filesystem/Filesystem.php(124): Illuminate\Filesystem\Filesystem::Illuminate\Filesystem\{closure}()
#5 /var/www/html/wp-content/themes/reyjesuspf/vendor/illuminate/view/Engines/PhpEngine.php(57): Illuminate\Filesystem\Filesystem->getRequire('/var/www/html/w...', Array)
#6 /var/www/html/wp-content/themes/reyjesuspf/vendor/illuminate/view/Engines/CompilerEngine.php(74): Illuminate\View\Engines\PhpEngine->evaluatePath('/var/www/html/w...', Array)
#7 /var/www/html/wp-content/themes/reyjesuspf/vendor/illuminate/view/View.php(208): Illuminate\View\Engines\CompilerEngine->get('/var/www/html/w...', Array)
#8 /var/www/html/wp-content/themes/reyjesuspf/vendor/illuminate/view/View.php(191): Illuminate\View\View->getContents()
#9 /var/www/html/wp-content/themes/reyjesuspf/vendor/illuminate/view/View.php(160): Illuminate\View\View->renderContents()
#10 /var/www/html/wp-content/themes/reyjesuspf/index.php(3): Illuminate\View\View->render()
#11 /var/www/html/wp-includes/template-loader.php(106): include('/var/www/html/w...')
#12 /var/www/html/wp-blog-header.php(19): require_once('/var/www/html/w...')
#13 /var/www/html/index.php(17): require('/var/www/html/w...')
#14 {main}

Next Illuminate\View\ViewException: View [partials.yoconstrutopage.yoconstruyo] not found. (View: /var/www/html/wp-content/themes/reyjesuspf/resources/views/yoconstruyopage.blade.php) in /var/www/html/wp-content/themes/reyjesuspf/vendor/illuminate/view/FileViewFinder.php:138
Stack trace:
#0 /var/www/html/wp-content/themes/reyjesuspf/vendor/illuminate/view/Engines/PhpEngine.php(59): Illuminate\View\Engines\CompilerEngine->handleViewException(Object(InvalidArgumentException), 0)
#1 /var/www/html/wp-content/themes/reyjesuspf/vendor/illuminate/view/Engines/CompilerEngine.php(74): Illuminate\View\Engines\PhpEngine->evaluatePath('/var/www/html/w...', Array)
#2 /var/www/html/wp-content/themes/reyjesuspf/vendor/illuminate/view/View.php(208): Illuminate\View\Engines\CompilerEngine->get('/var/www/html/w...', Array)
#3 /var/www/html/wp-content/themes/reyjesuspf/vendor/illuminate/view/View.php(191): Illuminate\View\View->getContents()
#4 /var/www/html/wp-content/themes/reyjesuspf/vendor/illuminate/view/View.php(160): Illuminate\View\View->renderContents()
#5 /var/www/html/wp-content/themes/reyjesuspf/index.php(3): Illuminate\View\View->render()
#6 /var/www/html/wp-includes/template-loader.php(106): include('/var/www/html/w...')
#7 /var/www/html/wp-blog-header.php(19): require_once('/var/www/html/w...')
#8 /var/www/html/index.php(17): require('/var/www/html/w...')
#9 {main}
  thrown in /var/www/html/wp-content/themes/reyjesuspf/vendor/illuminate/view/FileViewFinder.php on line 138
[22-Jul-2025 21:48:00 UTC] PHP Warning:  filemtime(): stat failed for /var/www/html/wp-content/themes/reyjesuspf/resources/views/partials/heropage/heropage.blade.php in /var/www/html/wp-content/themes/reyjesuspf/vendor/illuminate/filesystem/Filesystem.php on line 493
[22-Jul-2025 21:48:00 UTC] PHP Warning:  filemtime(): stat failed for /var/www/html/wp-content/themes/reyjesuspf/resources/views/partials/pasodefe/pasodefe.blade.php in /var/www/html/wp-content/themes/reyjesuspf/vendor/illuminate/filesystem/Filesystem.php on line 493
[22-Jul-2025 21:48:00 UTC] PHP Warning:  filemtime(): stat failed for /var/www/html/wp-content/themes/reyjesuspf/resources/views/partials/eventspage/events.blade.php in /var/www/html/wp-content/themes/reyjesuspf/vendor/illuminate/filesystem/Filesystem.php on line 493
[22-Jul-2025 21:48:00 UTC] PHP Warning:  filemtime(): stat failed for /var/www/html/wp-content/themes/reyjesuspf/resources/views/partials/nuestrahistoriapage/nuestrahistoria.blade.php in /var/www/html/wp-content/themes/reyjesuspf/vendor/illuminate/filesystem/Filesystem.php on line 493
[22-Jul-2025 21:48:00 UTC] PHP Warning:  filemtime(): stat failed for /var/www/html/wp-content/themes/reyjesuspf/resources/views/partials/new-pastora/pastora.blade.php in /var/www/html/wp-content/themes/reyjesuspf/vendor/illuminate/filesystem/Filesystem.php on line 493
[22-Jul-2025 21:55:11 UTC] PHP Warning:  filemtime(): stat failed for /var/www/html/wp-content/themes/reyjesuspf/resources/views/partials/aportepage/aporte.blade.php in /var/www/html/wp-content/themes/reyjesuspf/vendor/illuminate/filesystem/Filesystem.php on line 493
[22-Jul-2025 21:55:11 UTC] PHP Warning:  filemtime(): stat failed for /var/www/html/wp-content/themes/reyjesuspf/resources/views/partials/contact/contactn.blade.php in /var/www/html/wp-content/themes/reyjesuspf/vendor/illuminate/filesystem/Filesystem.php on line 493
[22-Jul-2025 21:57:28 UTC] PHP Warning:  filemtime(): stat failed for /var/www/html/wp-content/themes/reyjesuspf/resources/views/partials/Eventosspage/eventospage/eventos.blade.php in /var/www/html/wp-content/themes/reyjesuspf/vendor/illuminate/filesystem/Filesystem.php on line 493
[22-Jul-2025 21:57:35 UTC] PHP Warning:  filemtime(): stat failed for /var/www/html/wp-content/themes/reyjesuspf/resources/views/partials/Eventosspage/eventospage/eventos.blade.php in /var/www/html/wp-content/themes/reyjesuspf/vendor/illuminate/filesystem/Filesystem.php on line 493
[28-Jul-2025 23:14:40 UTC] PHP Fatal error:  Uncaught TypeError: call_user_func_array(): Argument #1 ($callback) must be a valid callback, function "crear_cpt_multimedia" not found or invalid function name in /var/www/html/wp-includes/class-wp-hook.php:324
Stack trace:
#0 /var/www/html/wp-includes/class-wp-hook.php(348): WP_Hook->apply_filters(NULL, Array)
#1 /var/www/html/wp-includes/plugin.php(517): WP_Hook->do_action(Array)
#2 /var/www/html/wp-settings.php(727): do_action('init')
#3 /var/www/html/wp-config.php(102): require_once('/var/www/html/w...')
#4 /var/www/html/wp-load.php(50): require_once('/var/www/html/w...')
#5 /var/www/html/wp-admin/admin-ajax.php(22): require_once('/var/www/html/w...')
#6 {main}
  thrown in /var/www/html/wp-includes/class-wp-hook.php on line 324
[28-Jul-2025 23:14:54 UTC] PHP Fatal error:  Uncaught TypeError: call_user_func_array(): Argument #1 ($callback) must be a valid callback, function "crear_cpt_multimedia" not found or invalid function name in /var/www/html/wp-includes/class-wp-hook.php:324
Stack trace:
#0 /var/www/html/wp-includes/class-wp-hook.php(348): WP_Hook->apply_filters(NULL, Array)
#1 /var/www/html/wp-includes/plugin.php(517): WP_Hook->do_action(Array)
#2 /var/www/html/wp-settings.php(727): do_action('init')
#3 /var/www/html/wp-config.php(102): require_once('/var/www/html/w...')
#4 /var/www/html/wp-load.php(50): require_once('/var/www/html/w...')
#5 /var/www/html/wp-admin/admin.php(35): require_once('/var/www/html/w...')
#6 {main}
  thrown in /var/www/html/wp-includes/class-wp-hook.php on line 324
[28-Jul-2025 23:14:55 UTC] PHP Fatal error:  Uncaught TypeError: call_user_func_array(): Argument #1 ($callback) must be a valid callback, function "crear_cpt_multimedia" not found or invalid function name in /var/www/html/wp-includes/class-wp-hook.php:324
Stack trace:
#0 /var/www/html/wp-includes/class-wp-hook.php(348): WP_Hook->apply_filters(NULL, Array)
#1 /var/www/html/wp-includes/plugin.php(517): WP_Hook->do_action(Array)
#2 /var/www/html/wp-settings.php(727): do_action('init')
#3 /var/www/html/wp-config.php(102): require_once('/var/www/html/w...')
#4 /var/www/html/wp-load.php(50): require_once('/var/www/html/w...')
#5 /var/www/html/wp-blog-header.php(13): require_once('/var/www/html/w...')
#6 /var/www/html/index.php(17): require('/var/www/html/w...')
#7 {main}
  thrown in /var/www/html/wp-includes/class-wp-hook.php on line 324
[29-Jul-2025 20:04:00 UTC] PHP Warning:  Array to string conversion in /var/www/html/wp-content/plugins/advanced-custom-fields-pro/includes/api/api-template.php on line 99
[29-Jul-2025 20:04:00 UTC] PHP Warning:  Array to string conversion in /var/www/html/wp-content/plugins/advanced-custom-fields-pro/includes/api/api-template.php on line 115
[29-Jul-2025 20:04:59 UTC] PHP Warning:  Array to string conversion in /var/www/html/wp-content/plugins/advanced-custom-fields-pro/includes/api/api-template.php on line 99
[29-Jul-2025 20:04:59 UTC] PHP Warning:  Array to string conversion in /var/www/html/wp-content/plugins/advanced-custom-fields-pro/includes/api/api-template.php on line 115
[29-Jul-2025 20:06:17 UTC] PHP Warning:  Array to string conversion in /var/www/html/wp-content/plugins/advanced-custom-fields-pro/includes/api/api-template.php on line 99
[29-Jul-2025 20:06:17 UTC] PHP Warning:  Array to string conversion in /var/www/html/wp-content/plugins/advanced-custom-fields-pro/includes/api/api-template.php on line 115
[29-Jul-2025 20:06:17 UTC] PHP Warning:  Array to string conversion in /var/www/html/wp-content/plugins/advanced-custom-fields-pro/includes/api/api-template.php on line 99
[29-Jul-2025 20:06:17 UTC] PHP Warning:  Array to string conversion in /var/www/html/wp-content/plugins/advanced-custom-fields-pro/includes/api/api-template.php on line 115
[29-Jul-2025 20:06:17 UTC] PHP Warning:  Array to string conversion in /var/www/html/wp-content/plugins/advanced-custom-fields-pro/includes/api/api-template.php on line 99
[29-Jul-2025 20:06:17 UTC] PHP Warning:  Array to string conversion in /var/www/html/wp-content/plugins/advanced-custom-fields-pro/includes/api/api-template.php on line 115
[29-Jul-2025 20:06:17 UTC] PHP Warning:  Array to string conversion in /var/www/html/wp-content/plugins/advanced-custom-fields-pro/includes/api/api-template.php on line 99
[29-Jul-2025 20:06:17 UTC] PHP Warning:  Array to string conversion in /var/www/html/wp-content/plugins/advanced-custom-fields-pro/includes/api/api-template.php on line 115
[29-Jul-2025 20:07:36 UTC] PHP Warning:  Array to string conversion in /var/www/html/wp-content/plugins/advanced-custom-fields-pro/includes/api/api-template.php on line 99
[29-Jul-2025 20:07:36 UTC] PHP Warning:  Array to string conversion in /var/www/html/wp-content/plugins/advanced-custom-fields-pro/includes/api/api-template.php on line 115
[29-Jul-2025 20:07:36 UTC] PHP Warning:  Array to string conversion in /var/www/html/wp-content/plugins/advanced-custom-fields-pro/includes/api/api-template.php on line 99
[29-Jul-2025 20:07:36 UTC] PHP Warning:  Array to string conversion in /var/www/html/wp-content/plugins/advanced-custom-fields-pro/includes/api/api-template.php on line 115
[29-Jul-2025 20:07:36 UTC] PHP Warning:  Array to string conversion in /var/www/html/wp-content/plugins/advanced-custom-fields-pro/includes/api/api-template.php on line 99
[29-Jul-2025 20:07:36 UTC] PHP Warning:  Array to string conversion in /var/www/html/wp-content/plugins/advanced-custom-fields-pro/includes/api/api-template.php on line 115
[29-Jul-2025 21:07:39 UTC] PHP Fatal error:  Uncaught ParseError: syntax error, unexpected token "class" in /var/www/html/wp-content/cache/acorn/framework/views/3cedd47442e97b362e316c2f20c7c845.php:29
Stack trace:
#0 /var/www/html/wp-content/themes/reyjesuspf/vendor/illuminate/filesystem/Filesystem.php(124): Illuminate\Filesystem\Filesystem::Illuminate\Filesystem\{closure}()
#1 /var/www/html/wp-content/themes/reyjesuspf/vendor/illuminate/view/Engines/PhpEngine.php(57): Illuminate\Filesystem\Filesystem->getRequire('/var/www/html/w...', Array)
#2 /var/www/html/wp-content/themes/reyjesuspf/vendor/illuminate/view/Engines/CompilerEngine.php(74): Illuminate\View\Engines\PhpEngine->evaluatePath('/var/www/html/w...', Array)
#3 /var/www/html/wp-content/themes/reyjesuspf/vendor/illuminate/view/View.php(208): Illuminate\View\Engines\CompilerEngine->get('/var/www/html/w...', Array)
#4 /var/www/html/wp-content/themes/reyjesuspf/vendor/illuminate/view/View.php(191): Illuminate\View\View->getContents()
#5 /var/www/html/wp-content/themes/reyjesuspf/vendor/illuminate/view/View.php(160): Illuminate\View\View->renderContents()
#6 /var/www/html/wp-content/cache/acorn/framework/views/4e85496a1c8783340d210e65441ad863.php(5): Illuminate\View\View->render()
#7 /var/www/html/wp-content/themes/reyjesuspf/vendor/illuminate/filesystem/Filesystem.php(123): require('/var/www/html/w...')
#8 /var/www/html/wp-content/themes/reyjesuspf/vendor/illuminate/filesystem/Filesystem.php(124): Illuminate\Filesystem\Filesystem::Illuminate\Filesystem\{closure}()
#9 /var/www/html/wp-content/themes/reyjesuspf/vendor/illuminate/view/Engines/PhpEngine.php(57): Illuminate\Filesystem\Filesystem->getRequire('/var/www/html/w...', Array)
#10 /var/www/html/wp-content/themes/reyjesuspf/vendor/illuminate/view/Engines/CompilerEngine.php(74): Illuminate\View\Engines\PhpEngine->evaluatePath('/var/www/html/w...', Array)
#11 /var/www/html/wp-content/themes/reyjesuspf/vendor/illuminate/view/View.php(208): Illuminate\View\Engines\CompilerEngine->get('/var/www/html/w...', Array)
#12 /var/www/html/wp-content/themes/reyjesuspf/vendor/illuminate/view/View.php(191): Illuminate\View\View->getContents()
#13 /var/www/html/wp-content/themes/reyjesuspf/vendor/illuminate/view/View.php(160): Illuminate\View\View->renderContents()
#14 /var/www/html/wp-content/themes/reyjesuspf/index.php(3): Illuminate\View\View->render()
#15 /var/www/html/wp-includes/template-loader.php(106): include('/var/www/html/w...')
#16 /var/www/html/wp-blog-header.php(19): require_once('/var/www/html/w...')
#17 /var/www/html/index.php(17): require('/var/www/html/w...')
#18 {main}

Next Illuminate\View\ViewException: syntax error, unexpected token "class" (View: /var/www/html/wp-content/themes/reyjesuspf/resources/views/partials/Homepage/eventspage/events.blade.php) in /var/www/html/wp-content/cache/acorn/framework/views/3cedd47442e97b362e316c2f20c7c845.php:29
Stack trace:
#0 /var/www/html/wp-content/themes/reyjesuspf/vendor/illuminate/view/Engines/PhpEngine.php(59): Illuminate\View\Engines\CompilerEngine->handleViewException(Object(ParseError), 2)
#1 /var/www/html/wp-content/themes/reyjesuspf/vendor/illuminate/view/Engines/CompilerEngine.php(74): Illuminate\View\Engines\PhpEngine->evaluatePath('/var/www/html/w...', Array)
#2 /var/www/html/wp-content/themes/reyjesuspf/vendor/illuminate/view/View.php(208): Illuminate\View\Engines\CompilerEngine->get('/var/www/html/w...', Array)
#3 /var/www/html/wp-content/themes/reyjesuspf/vendor/illuminate/view/View.php(191): Illuminate\View\View->getContents()
#4 /var/www/html/wp-content/themes/reyjesuspf/vendor/illuminate/view/View.php(160): Illuminate\View\View->renderContents()
#5 /var/www/html/wp-content/cache/acorn/framework/views/4e85496a1c8783340d210e65441ad863.php(5): Illuminate\View\View->render()
#6 /var/www/html/wp-content/themes/reyjesuspf/vendor/illuminate/filesystem/Filesystem.php(123): require('/var/www/html/w...')
#7 /var/www/html/wp-content/themes/reyjesuspf/vendor/illuminate/filesystem/Filesystem.php(124): Illuminate\Filesystem\Filesystem::Illuminate\Filesystem\{closure}()
#8 /var/www/html/wp-content/themes/reyjesuspf/vendor/illuminate/view/Engines/PhpEngine.php(57): Illuminate\Filesystem\Filesystem->getRequire('/var/www/html/w...', Array)
#9 /var/www/html/wp-content/themes/reyjesuspf/vendor/illuminate/view/Engines/CompilerEngine.php(74): Illuminate\View\Engines\PhpEngine->evaluatePath('/var/www/html/w...', Array)
#10 /var/www/html/wp-content/themes/reyjesuspf/vendor/illuminate/view/View.php(208): Illuminate\View\Engines\CompilerEngine->get('/var/www/html/w...', Array)
#11 /var/www/html/wp-content/themes/reyjesuspf/vendor/illuminate/view/View.php(191): Illuminate\View\View->getContents()
#12 /var/www/html/wp-content/themes/reyjesuspf/vendor/illuminate/view/View.php(160): Illuminate\View\View->renderContents()
#13 /var/www/html/wp-content/themes/reyjesuspf/index.php(3): Illuminate\View\View->render()
#14 /var/www/html/wp-includes/template-loader.php(106): include('/var/www/html/w...')
#15 /var/www/html/wp-blog-header.php(19): require_once('/var/www/html/w...')
#16 /var/www/html/index.php(17): require('/var/www/html/w...')
#17 {main}

Next Illuminate\View\ViewException: syntax error, unexpected token "class" (View: /var/www/html/wp-content/themes/reyjesuspf/resources/views/partials/Homepage/eventspage/events.blade.php) (View: /var/www/html/wp-content/themes/reyjesuspf/resources/views/partials/Homepage/eventspage/events.blade.php) in /var/www/html/wp-content/cache/acorn/framework/views/3cedd47442e97b362e316c2f20c7c845.php:29
Stack trace:
#0 /var/www/html/wp-content/themes/reyjesuspf/vendor/illuminate/view/Engines/PhpEngine.php(59): Illuminate\View\Engines\CompilerEngine->handleViewException(Object(Illuminate\View\ViewException), 0)
#1 /var/www/html/wp-content/themes/reyjesuspf/vendor/illuminate/view/Engines/CompilerEngine.php(74): Illuminate\View\Engines\PhpEngine->evaluatePath('/var/www/html/w...', Array)
#2 /var/www/html/wp-content/themes/reyjesuspf/vendor/illuminate/view/View.php(208): Illuminate\View\Engines\CompilerEngine->get('/var/www/html/w...', Array)
#3 /var/www/html/wp-content/themes/reyjesuspf/vendor/illuminate/view/View.php(191): Illuminate\View\View->getContents()
#4 /var/www/html/wp-content/themes/reyjesuspf/vendor/illuminate/view/View.php(160): Illuminate\View\View->renderContents()
#5 /var/www/html/wp-content/themes/reyjesuspf/index.php(3): Illuminate\View\View->render()
#6 /var/www/html/wp-includes/template-loader.php(106): include('/var/www/html/w...')
#7 /var/www/html/wp-blog-header.php(19): require_once('/var/www/html/w...')
#8 /var/www/html/index.php(17): require('/var/www/html/w...')
#9 {main}
  thrown in /var/www/html/wp-content/cache/acorn/framework/views/3cedd47442e97b362e316c2f20c7c845.php on line 29
[29-Jul-2025 21:13:30 UTC] PHP Fatal error:  Uncaught ParseError: syntax error, unexpected token "class" in /var/www/html/wp-content/cache/acorn/framework/views/3cedd47442e97b362e316c2f20c7c845.php:27
Stack trace:
#0 /var/www/html/wp-content/themes/reyjesuspf/vendor/illuminate/filesystem/Filesystem.php(124): Illuminate\Filesystem\Filesystem::Illuminate\Filesystem\{closure}()
#1 /var/www/html/wp-content/themes/reyjesuspf/vendor/illuminate/view/Engines/PhpEngine.php(57): Illuminate\Filesystem\Filesystem->getRequire('/var/www/html/w...', Array)
#2 /var/www/html/wp-content/themes/reyjesuspf/vendor/illuminate/view/Engines/CompilerEngine.php(74): Illuminate\View\Engines\PhpEngine->evaluatePath('/var/www/html/w...', Array)
#3 /var/www/html/wp-content/themes/reyjesuspf/vendor/illuminate/view/View.php(208): Illuminate\View\Engines\CompilerEngine->get('/var/www/html/w...', Array)
#4 /var/www/html/wp-content/themes/reyjesuspf/vendor/illuminate/view/View.php(191): Illuminate\View\View->getContents()
#5 /var/www/html/wp-content/themes/reyjesuspf/vendor/illuminate/view/View.php(160): Illuminate\View\View->renderContents()
#6 /var/www/html/wp-content/cache/acorn/framework/views/4e85496a1c8783340d210e65441ad863.php(5): Illuminate\View\View->render()
#7 /var/www/html/wp-content/themes/reyjesuspf/vendor/illuminate/filesystem/Filesystem.php(123): require('/var/www/html/w...')
#8 /var/www/html/wp-content/themes/reyjesuspf/vendor/illuminate/filesystem/Filesystem.php(124): Illuminate\Filesystem\Filesystem::Illuminate\Filesystem\{closure}()
#9 /var/www/html/wp-content/themes/reyjesuspf/vendor/illuminate/view/Engines/PhpEngine.php(57): Illuminate\Filesystem\Filesystem->getRequire('/var/www/html/w...', Array)
#10 /var/www/html/wp-content/themes/reyjesuspf/vendor/illuminate/view/Engines/CompilerEngine.php(74): Illuminate\View\Engines\PhpEngine->evaluatePath('/var/www/html/w...', Array)
#11 /var/www/html/wp-content/themes/reyjesuspf/vendor/illuminate/view/View.php(208): Illuminate\View\Engines\CompilerEngine->get('/var/www/html/w...', Array)
#12 /var/www/html/wp-content/themes/reyjesuspf/vendor/illuminate/view/View.php(191): Illuminate\View\View->getContents()
#13 /var/www/html/wp-content/themes/reyjesuspf/vendor/illuminate/view/View.php(160): Illuminate\View\View->renderContents()
#14 /var/www/html/wp-content/themes/reyjesuspf/index.php(3): Illuminate\View\View->render()
#15 /var/www/html/wp-includes/template-loader.php(106): include('/var/www/html/w...')
#16 /var/www/html/wp-blog-header.php(19): require_once('/var/www/html/w...')
#17 /var/www/html/index.php(17): require('/var/www/html/w...')
#18 {main}

Next Illuminate\View\ViewException: syntax error, unexpected token "class" (View: /var/www/html/wp-content/themes/reyjesuspf/resources/views/partials/Homepage/eventspage/events.blade.php) in /var/www/html/wp-content/cache/acorn/framework/views/3cedd47442e97b362e316c2f20c7c845.php:27
Stack trace:
#0 /var/www/html/wp-content/themes/reyjesuspf/vendor/illuminate/view/Engines/PhpEngine.php(59): Illuminate\View\Engines\CompilerEngine->handleViewException(Object(ParseError), 2)
#1 /var/www/html/wp-content/themes/reyjesuspf/vendor/illuminate/view/Engines/CompilerEngine.php(74): Illuminate\View\Engines\PhpEngine->evaluatePath('/var/www/html/w...', Array)
#2 /var/www/html/wp-content/themes/reyjesuspf/vendor/illuminate/view/View.php(208): Illuminate\View\Engines\CompilerEngine->get('/var/www/html/w...', Array)
#3 /var/www/html/wp-content/themes/reyjesuspf/vendor/illuminate/view/View.php(191): Illuminate\View\View->getContents()
#4 /var/www/html/wp-content/themes/reyjesuspf/vendor/illuminate/view/View.php(160): Illuminate\View\View->renderContents()
#5 /var/www/html/wp-content/cache/acorn/framework/views/4e85496a1c8783340d210e65441ad863.php(5): Illuminate\View\View->render()
#6 /var/www/html/wp-content/themes/reyjesuspf/vendor/illuminate/filesystem/Filesystem.php(123): require('/var/www/html/w...')
#7 /var/www/html/wp-content/themes/reyjesuspf/vendor/illuminate/filesystem/Filesystem.php(124): Illuminate\Filesystem\Filesystem::Illuminate\Filesystem\{closure}()
#8 /var/www/html/wp-content/themes/reyjesuspf/vendor/illuminate/view/Engines/PhpEngine.php(57): Illuminate\Filesystem\Filesystem->getRequire('/var/www/html/w...', Array)
#9 /var/www/html/wp-content/themes/reyjesuspf/vendor/illuminate/view/Engines/CompilerEngine.php(74): Illuminate\View\Engines\PhpEngine->evaluatePath('/var/www/html/w...', Array)
#10 /var/www/html/wp-content/themes/reyjesuspf/vendor/illuminate/view/View.php(208): Illuminate\View\Engines\CompilerEngine->get('/var/www/html/w...', Array)
#11 /var/www/html/wp-content/themes/reyjesuspf/vendor/illuminate/view/View.php(191): Illuminate\View\View->getContents()
#12 /var/www/html/wp-content/themes/reyjesuspf/vendor/illuminate/view/View.php(160): Illuminate\View\View->renderContents()
#13 /var/www/html/wp-content/themes/reyjesuspf/index.php(3): Illuminate\View\View->render()
#14 /var/www/html/wp-includes/template-loader.php(106): include('/var/www/html/w...')
#15 /var/www/html/wp-blog-header.php(19): require_once('/var/www/html/w...')
#16 /var/www/html/index.php(17): require('/var/www/html/w...')
#17 {main}

Next Illuminate\View\ViewException: syntax error, unexpected token "class" (View: /var/www/html/wp-content/themes/reyjesuspf/resources/views/partials/Homepage/eventspage/events.blade.php) (View: /var/www/html/wp-content/themes/reyjesuspf/resources/views/partials/Homepage/eventspage/events.blade.php) in /var/www/html/wp-content/cache/acorn/framework/views/3cedd47442e97b362e316c2f20c7c845.php:27
Stack trace:
#0 /var/www/html/wp-content/themes/reyjesuspf/vendor/illuminate/view/Engines/PhpEngine.php(59): Illuminate\View\Engines\CompilerEngine->handleViewException(Object(Illuminate\View\ViewException), 0)
#1 /var/www/html/wp-content/themes/reyjesuspf/vendor/illuminate/view/Engines/CompilerEngine.php(74): Illuminate\View\Engines\PhpEngine->evaluatePath('/var/www/html/w...', Array)
#2 /var/www/html/wp-content/themes/reyjesuspf/vendor/illuminate/view/View.php(208): Illuminate\View\Engines\CompilerEngine->get('/var/www/html/w...', Array)
#3 /var/www/html/wp-content/themes/reyjesuspf/vendor/illuminate/view/View.php(191): Illuminate\View\View->getContents()
#4 /var/www/html/wp-content/themes/reyjesuspf/vendor/illuminate/view/View.php(160): Illuminate\View\View->renderContents()
#5 /var/www/html/wp-content/themes/reyjesuspf/index.php(3): Illuminate\View\View->render()
#6 /var/www/html/wp-includes/template-loader.php(106): include('/var/www/html/w...')
#7 /var/www/html/wp-blog-header.php(19): require_once('/var/www/html/w...')
#8 /var/www/html/index.php(17): require('/var/www/html/w...')
#9 {main}
  thrown in /var/www/html/wp-content/cache/acorn/framework/views/3cedd47442e97b362e316c2f20c7c845.php on line 27
[29-Jul-2025 23:38:02 UTC] PHP Fatal error:  Uncaught TypeError: call_user_func_array(): Argument #1 ($callback) must be a valid callback, function "crear_cpt_faq" not found or invalid function name in /var/www/html/wp-includes/class-wp-hook.php:324
Stack trace:
#0 /var/www/html/wp-includes/class-wp-hook.php(348): WP_Hook->apply_filters(NULL, Array)
#1 /var/www/html/wp-includes/plugin.php(517): WP_Hook->do_action(Array)
#2 /var/www/html/wp-settings.php(727): do_action('init')
#3 /var/www/html/wp-config.php(102): require_once('/var/www/html/w...')
#4 /var/www/html/wp-load.php(50): require_once('/var/www/html/w...')
#5 /var/www/html/wp-admin/admin-ajax.php(22): require_once('/var/www/html/w...')
#6 {main}
  thrown in /var/www/html/wp-includes/class-wp-hook.php on line 324
[29-Jul-2025 23:38:12 UTC] PHP Fatal error:  Uncaught TypeError: call_user_func_array(): Argument #1 ($callback) must be a valid callback, function "crear_cpt_faq" not found or invalid function name in /var/www/html/wp-includes/class-wp-hook.php:324
Stack trace:
#0 /var/www/html/wp-includes/class-wp-hook.php(348): WP_Hook->apply_filters(NULL, Array)
#1 /var/www/html/wp-includes/plugin.php(517): WP_Hook->do_action(Array)
#2 /var/www/html/wp-settings.php(727): do_action('init')
#3 /var/www/html/wp-config.php(102): require_once('/var/www/html/w...')
#4 /var/www/html/wp-load.php(50): require_once('/var/www/html/w...')
#5 /var/www/html/wp-admin/admin-ajax.php(22): require_once('/var/www/html/w...')
#6 {main}
  thrown in /var/www/html/wp-includes/class-wp-hook.php on line 324
[29-Jul-2025 23:38:22 UTC] PHP Fatal error:  Uncaught TypeError: call_user_func_array(): Argument #1 ($callback) must be a valid callback, function "crear_cpt_faq" not found or invalid function name in /var/www/html/wp-includes/class-wp-hook.php:324
Stack trace:
#0 /var/www/html/wp-includes/class-wp-hook.php(348): WP_Hook->apply_filters(NULL, Array)
#1 /var/www/html/wp-includes/plugin.php(517): WP_Hook->do_action(Array)
#2 /var/www/html/wp-settings.php(727): do_action('init')
#3 /var/www/html/wp-config.php(102): require_once('/var/www/html/w...')
#4 /var/www/html/wp-load.php(50): require_once('/var/www/html/w...')
#5 /var/www/html/wp-admin/admin-ajax.php(22): require_once('/var/www/html/w...')
#6 {main}
  thrown in /var/www/html/wp-includes/class-wp-hook.php on line 324
[29-Jul-2025 23:38:24 UTC] PHP Fatal error:  Uncaught TypeError: call_user_func_array(): Argument #1 ($callback) must be a valid callback, function "crear_cpt_faq" not found or invalid function name in /var/www/html/wp-includes/class-wp-hook.php:324
Stack trace:
#0 /var/www/html/wp-includes/class-wp-hook.php(348): WP_Hook->apply_filters(NULL, Array)
#1 /var/www/html/wp-includes/plugin.php(517): WP_Hook->do_action(Array)
#2 /var/www/html/wp-settings.php(727): do_action('init')
#3 /var/www/html/wp-config.php(102): require_once('/var/www/html/w...')
#4 /var/www/html/wp-load.php(50): require_once('/var/www/html/w...')
#5 /var/www/html/wp-admin/admin.php(35): require_once('/var/www/html/w...')
#6 /var/www/html/wp-admin/edit.php(10): require_once('/var/www/html/w...')
#7 {main}
  thrown in /var/www/html/wp-includes/class-wp-hook.php on line 324
[29-Jul-2025 23:38:27 UTC] PHP Fatal error:  Uncaught TypeError: call_user_func_array(): Argument #1 ($callback) must be a valid callback, function "crear_cpt_faq" not found or invalid function name in /var/www/html/wp-includes/class-wp-hook.php:324
Stack trace:
#0 /var/www/html/wp-includes/class-wp-hook.php(348): WP_Hook->apply_filters(NULL, Array)
#1 /var/www/html/wp-includes/plugin.php(517): WP_Hook->do_action(Array)
#2 /var/www/html/wp-settings.php(727): do_action('init')
#3 /var/www/html/wp-config.php(102): require_once('/var/www/html/w...')
#4 /var/www/html/wp-load.php(50): require_once('/var/www/html/w...')
#5 /var/www/html/wp-blog-header.php(13): require_once('/var/www/html/w...')
#6 /var/www/html/index.php(17): require('/var/www/html/w...')
#7 {main}
  thrown in /var/www/html/wp-includes/class-wp-hook.php on line 324
[29-Jul-2025 23:41:48 UTC] PHP Fatal error:  Uncaught TypeError: call_user_func_array(): Argument #1 ($callback) must be a valid callback, function "crear_cpt_faq" not found or invalid function name in /var/www/html/wp-includes/class-wp-hook.php:324
Stack trace:
#0 /var/www/html/wp-includes/class-wp-hook.php(348): WP_Hook->apply_filters(NULL, Array)
#1 /var/www/html/wp-includes/plugin.php(517): WP_Hook->do_action(Array)
#2 /var/www/html/wp-settings.php(727): do_action('init')
#3 /var/www/html/wp-config.php(102): require_once('/var/www/html/w...')
#4 /var/www/html/wp-load.php(50): require_once('/var/www/html/w...')
#5 /var/www/html/wp-admin/admin.php(35): require_once('/var/www/html/w...')
#6 /var/www/html/wp-admin/edit.php(10): require_once('/var/www/html/w...')
#7 {main}
  thrown in /var/www/html/wp-includes/class-wp-hook.php on line 324
[29-Jul-2025 23:41:49 UTC] PHP Fatal error:  Uncaught TypeError: call_user_func_array(): Argument #1 ($callback) must be a valid callback, function "crear_cpt_faq" not found or invalid function name in /var/www/html/wp-includes/class-wp-hook.php:324
Stack trace:
#0 /var/www/html/wp-includes/class-wp-hook.php(348): WP_Hook->apply_filters(NULL, Array)
#1 /var/www/html/wp-includes/plugin.php(517): WP_Hook->do_action(Array)
#2 /var/www/html/wp-settings.php(727): do_action('init')
#3 /var/www/html/wp-config.php(102): require_once('/var/www/html/w...')
#4 /var/www/html/wp-load.php(50): require_once('/var/www/html/w...')
#5 /var/www/html/wp-blog-header.php(13): require_once('/var/www/html/w...')
#6 /var/www/html/index.php(17): require('/var/www/html/w...')
#7 {main}
  thrown in /var/www/html/wp-includes/class-wp-hook.php on line 324
[30-Jul-2025 23:11:08 UTC] PHP Fatal error:  Uncaught TypeError: Cannot access offset of type string on string in /var/www/html/wp-content/cache/acorn/framework/views/089e310eed4ed164b47aebb771fd93c4.php:39
Stack trace:
#0 /var/www/html/wp-content/themes/reyjesuspf/vendor/illuminate/filesystem/Filesystem.php(123): require()
#1 /var/www/html/wp-content/themes/reyjesuspf/vendor/illuminate/filesystem/Filesystem.php(124): Illuminate\Filesystem\Filesystem::Illuminate\Filesystem\{closure}()
#2 /var/www/html/wp-content/themes/reyjesuspf/vendor/illuminate/view/Engines/PhpEngine.php(57): Illuminate\Filesystem\Filesystem->getRequire('/var/www/html/w...', Array)
#3 /var/www/html/wp-content/themes/reyjesuspf/vendor/illuminate/view/Engines/CompilerEngine.php(74): Illuminate\View\Engines\PhpEngine->evaluatePath('/var/www/html/w...', Array)
#4 /var/www/html/wp-content/themes/reyjesuspf/vendor/illuminate/view/View.php(208): Illuminate\View\Engines\CompilerEngine->get('/var/www/html/w...', Array)
#5 /var/www/html/wp-content/themes/reyjesuspf/vendor/illuminate/view/View.php(191): Illuminate\View\View->getContents()
#6 /var/www/html/wp-content/themes/reyjesuspf/vendor/illuminate/view/View.php(160): Illuminate\View\View->renderContents()
#7 /var/www/html/wp-content/cache/acorn/framework/views/617e30010d820396594bf08fe321aa94.php(5): Illuminate\View\View->render()
#8 /var/www/html/wp-content/themes/reyjesuspf/vendor/illuminate/filesystem/Filesystem.php(123): require('/var/www/html/w...')
#9 /var/www/html/wp-content/themes/reyjesuspf/vendor/illuminate/filesystem/Filesystem.php(124): Illuminate\Filesystem\Filesystem::Illuminate\Filesystem\{closure}()
#10 /var/www/html/wp-content/themes/reyjesuspf/vendor/illuminate/view/Engines/PhpEngine.php(57): Illuminate\Filesystem\Filesystem->getRequire('/var/www/html/w...', Array)
#11 /var/www/html/wp-content/themes/reyjesuspf/vendor/illuminate/view/Engines/CompilerEngine.php(74): Illuminate\View\Engines\PhpEngine->evaluatePath('/var/www/html/w...', Array)
#12 /var/www/html/wp-content/themes/reyjesuspf/vendor/illuminate/view/View.php(208): Illuminate\View\Engines\CompilerEngine->get('/var/www/html/w...', Array)
#13 /var/www/html/wp-content/themes/reyjesuspf/vendor/illuminate/view/View.php(191): Illuminate\View\View->getContents()
#14 /var/www/html/wp-content/themes/reyjesuspf/vendor/illuminate/view/View.php(160): Illuminate\View\View->renderContents()
#15 /var/www/html/wp-content/themes/reyjesuspf/index.php(3): Illuminate\View\View->render()
#16 /var/www/html/wp-includes/template-loader.php(106): include('/var/www/html/w...')
#17 /var/www/html/wp-blog-header.php(19): require_once('/var/www/html/w...')
#18 /var/www/html/index.php(17): require('/var/www/html/w...')
#19 {main}

Next Illuminate\View\ViewException: Cannot access offset of type string on string (View: /var/www/html/wp-content/themes/reyjesuspf/resources/views/partials/Seccioneventospage/speakerspage/speakers.blade.php) in /var/www/html/wp-content/cache/acorn/framework/views/089e310eed4ed164b47aebb771fd93c4.php:39
Stack trace:
#0 /var/www/html/wp-content/themes/reyjesuspf/vendor/illuminate/view/Engines/PhpEngine.php(59): Illuminate\View\Engines\CompilerEngine->handleViewException(Object(TypeError), 2)
#1 /var/www/html/wp-content/themes/reyjesuspf/vendor/illuminate/view/Engines/CompilerEngine.php(74): Illuminate\View\Engines\PhpEngine->evaluatePath('/var/www/html/w...', Array)
#2 /var/www/html/wp-content/themes/reyjesuspf/vendor/illuminate/view/View.php(208): Illuminate\View\Engines\CompilerEngine->get('/var/www/html/w...', Array)
#3 /var/www/html/wp-content/themes/reyjesuspf/vendor/illuminate/view/View.php(191): Illuminate\View\View->getContents()
#4 /var/www/html/wp-content/themes/reyjesuspf/vendor/illuminate/view/View.php(160): Illuminate\View\View->renderContents()
#5 /var/www/html/wp-content/cache/acorn/framework/views/617e30010d820396594bf08fe321aa94.php(5): Illuminate\View\View->render()
#6 /var/www/html/wp-content/themes/reyjesuspf/vendor/illuminate/filesystem/Filesystem.php(123): require('/var/www/html/w...')
#7 /var/www/html/wp-content/themes/reyjesuspf/vendor/illuminate/filesystem/Filesystem.php(124): Illuminate\Filesystem\Filesystem::Illuminate\Filesystem\{closure}()
#8 /var/www/html/wp-content/themes/reyjesuspf/vendor/illuminate/view/Engines/PhpEngine.php(57): Illuminate\Filesystem\Filesystem->getRequire('/var/www/html/w...', Array)
#9 /var/www/html/wp-content/themes/reyjesuspf/vendor/illuminate/view/Engines/CompilerEngine.php(74): Illuminate\View\Engines\PhpEngine->evaluatePath('/var/www/html/w...', Array)
#10 /var/www/html/wp-content/themes/reyjesuspf/vendor/illuminate/view/View.php(208): Illuminate\View\Engines\CompilerEngine->get('/var/www/html/w...', Array)
#11 /var/www/html/wp-content/themes/reyjesuspf/vendor/illuminate/view/View.php(191): Illuminate\View\View->getContents()
#12 /var/www/html/wp-content/themes/reyjesuspf/vendor/illuminate/view/View.php(160): Illuminate\View\View->renderContents()
#13 /var/www/html/wp-content/themes/reyjesuspf/index.php(3): Illuminate\View\View->render()
#14 /var/www/html/wp-includes/template-loader.php(106): include('/var/www/html/w...')
#15 /var/www/html/wp-blog-header.php(19): require_once('/var/www/html/w...')
#16 /var/www/html/index.php(17): require('/var/www/html/w...')
#17 {main}

Next Illuminate\View\ViewException: Cannot access offset of type string on string (View: /var/www/html/wp-content/themes/reyjesuspf/resources/views/partials/Seccioneventospage/speakerspage/speakers.blade.php) (View: /var/www/html/wp-content/themes/reyjesuspf/resources/views/partials/Seccioneventospage/speakerspage/speakers.blade.php) in /var/www/html/wp-content/cache/acorn/framework/views/089e310eed4ed164b47aebb771fd93c4.php:39
Stack trace:
#0 /var/www/html/wp-content/themes/reyjesuspf/vendor/illuminate/view/Engines/PhpEngine.php(59): Illuminate\View\Engines\CompilerEngine->handleViewException(Object(Illuminate\View\ViewException), 0)
#1 /var/www/html/wp-content/themes/reyjesuspf/vendor/illuminate/view/Engines/CompilerEngine.php(74): Illuminate\View\Engines\PhpEngine->evaluatePath('/var/www/html/w...', Array)
#2 /var/www/html/wp-content/themes/reyjesuspf/vendor/illuminate/view/View.php(208): Illuminate\View\Engines\CompilerEngine->get('/var/www/html/w...', Array)
#3 /var/www/html/wp-content/themes/reyjesuspf/vendor/illuminate/view/View.php(191): Illuminate\View\View->getContents()
#4 /var/www/html/wp-content/themes/reyjesuspf/vendor/illuminate/view/View.php(160): Illuminate\View\View->renderContents()
#5 /var/www/html/wp-content/themes/reyjesuspf/index.php(3): Illuminate\View\View->render()
#6 /var/www/html/wp-includes/template-loader.php(106): include('/var/www/html/w...')
#7 /var/www/html/wp-blog-header.php(19): require_once('/var/www/html/w...')
#8 /var/www/html/index.php(17): require('/var/www/html/w...')
#9 {main}
  thrown in /var/www/html/wp-content/cache/acorn/framework/views/089e310eed4ed164b47aebb771fd93c4.php on line 39
[30-Jul-2025 23:14:11 UTC] PHP Fatal error:  Uncaught TypeError: Cannot access offset of type string on string in /var/www/html/wp-content/cache/acorn/framework/views/089e310eed4ed164b47aebb771fd93c4.php:40
Stack trace:
#0 /var/www/html/wp-content/themes/reyjesuspf/vendor/illuminate/filesystem/Filesystem.php(123): require()
#1 /var/www/html/wp-content/themes/reyjesuspf/vendor/illuminate/filesystem/Filesystem.php(124): Illuminate\Filesystem\Filesystem::Illuminate\Filesystem\{closure}()
#2 /var/www/html/wp-content/themes/reyjesuspf/vendor/illuminate/view/Engines/PhpEngine.php(57): Illuminate\Filesystem\Filesystem->getRequire('/var/www/html/w...', Array)
#3 /var/www/html/wp-content/themes/reyjesuspf/vendor/illuminate/view/Engines/CompilerEngine.php(74): Illuminate\View\Engines\PhpEngine->evaluatePath('/var/www/html/w...', Array)
#4 /var/www/html/wp-content/themes/reyjesuspf/vendor/illuminate/view/View.php(208): Illuminate\View\Engines\CompilerEngine->get('/var/www/html/w...', Array)
#5 /var/www/html/wp-content/themes/reyjesuspf/vendor/illuminate/view/View.php(191): Illuminate\View\View->getContents()
#6 /var/www/html/wp-content/themes/reyjesuspf/vendor/illuminate/view/View.php(160): Illuminate\View\View->renderContents()
#7 /var/www/html/wp-content/cache/acorn/framework/views/617e30010d820396594bf08fe321aa94.php(5): Illuminate\View\View->render()
#8 /var/www/html/wp-content/themes/reyjesuspf/vendor/illuminate/filesystem/Filesystem.php(123): require('/var/www/html/w...')
#9 /var/www/html/wp-content/themes/reyjesuspf/vendor/illuminate/filesystem/Filesystem.php(124): Illuminate\Filesystem\Filesystem::Illuminate\Filesystem\{closure}()
#10 /var/www/html/wp-content/themes/reyjesuspf/vendor/illuminate/view/Engines/PhpEngine.php(57): Illuminate\Filesystem\Filesystem->getRequire('/var/www/html/w...', Array)
#11 /var/www/html/wp-content/themes/reyjesuspf/vendor/illuminate/view/Engines/CompilerEngine.php(74): Illuminate\View\Engines\PhpEngine->evaluatePath('/var/www/html/w...', Array)
#12 /var/www/html/wp-content/themes/reyjesuspf/vendor/illuminate/view/View.php(208): Illuminate\View\Engines\CompilerEngine->get('/var/www/html/w...', Array)
#13 /var/www/html/wp-content/themes/reyjesuspf/vendor/illuminate/view/View.php(191): Illuminate\View\View->getContents()
#14 /var/www/html/wp-content/themes/reyjesuspf/vendor/illuminate/view/View.php(160): Illuminate\View\View->renderContents()
#15 /var/www/html/wp-content/themes/reyjesuspf/index.php(3): Illuminate\View\View->render()
#16 /var/www/html/wp-includes/template-loader.php(106): include('/var/www/html/w...')
#17 /var/www/html/wp-blog-header.php(19): require_once('/var/www/html/w...')
#18 /var/www/html/index.php(17): require('/var/www/html/w...')
#19 {main}

Next Illuminate\View\ViewException: Cannot access offset of type string on string (View: /var/www/html/wp-content/themes/reyjesuspf/resources/views/partials/Seccioneventospage/speakerspage/speakers.blade.php) in /var/www/html/wp-content/cache/acorn/framework/views/089e310eed4ed164b47aebb771fd93c4.php:40
Stack trace:
#0 /var/www/html/wp-content/themes/reyjesuspf/vendor/illuminate/view/Engines/PhpEngine.php(59): Illuminate\View\Engines\CompilerEngine->handleViewException(Object(TypeError), 2)
#1 /var/www/html/wp-content/themes/reyjesuspf/vendor/illuminate/view/Engines/CompilerEngine.php(74): Illuminate\View\Engines\PhpEngine->evaluatePath('/var/www/html/w...', Array)
#2 /var/www/html/wp-content/themes/reyjesuspf/vendor/illuminate/view/View.php(208): Illuminate\View\Engines\CompilerEngine->get('/var/www/html/w...', Array)
#3 /var/www/html/wp-content/themes/reyjesuspf/vendor/illuminate/view/View.php(191): Illuminate\View\View->getContents()
#4 /var/www/html/wp-content/themes/reyjesuspf/vendor/illuminate/view/View.php(160): Illuminate\View\View->renderContents()
#5 /var/www/html/wp-content/cache/acorn/framework/views/617e30010d820396594bf08fe321aa94.php(5): Illuminate\View\View->render()
#6 /var/www/html/wp-content/themes/reyjesuspf/vendor/illuminate/filesystem/Filesystem.php(123): require('/var/www/html/w...')
#7 /var/www/html/wp-content/themes/reyjesuspf/vendor/illuminate/filesystem/Filesystem.php(124): Illuminate\Filesystem\Filesystem::Illuminate\Filesystem\{closure}()
#8 /var/www/html/wp-content/themes/reyjesuspf/vendor/illuminate/view/Engines/PhpEngine.php(57): Illuminate\Filesystem\Filesystem->getRequire('/var/www/html/w...', Array)
#9 /var/www/html/wp-content/themes/reyjesuspf/vendor/illuminate/view/Engines/CompilerEngine.php(74): Illuminate\View\Engines\PhpEngine->evaluatePath('/var/www/html/w...', Array)
#10 /var/www/html/wp-content/themes/reyjesuspf/vendor/illuminate/view/View.php(208): Illuminate\View\Engines\CompilerEngine->get('/var/www/html/w...', Array)
#11 /var/www/html/wp-content/themes/reyjesuspf/vendor/illuminate/view/View.php(191): Illuminate\View\View->getContents()
#12 /var/www/html/wp-content/themes/reyjesuspf/vendor/illuminate/view/View.php(160): Illuminate\View\View->renderContents()
#13 /var/www/html/wp-content/themes/reyjesuspf/index.php(3): Illuminate\View\View->render()
#14 /var/www/html/wp-includes/template-loader.php(106): include('/var/www/html/w...')
#15 /var/www/html/wp-blog-header.php(19): require_once('/var/www/html/w...')
#16 /var/www/html/index.php(17): require('/var/www/html/w...')
#17 {main}

Next Illuminate\View\ViewException: Cannot access offset of type string on string (View: /var/www/html/wp-content/themes/reyjesuspf/resources/views/partials/Seccioneventospage/speakerspage/speakers.blade.php) (View: /var/www/html/wp-content/themes/reyjesuspf/resources/views/partials/Seccioneventospage/speakerspage/speakers.blade.php) in /var/www/html/wp-content/cache/acorn/framework/views/089e310eed4ed164b47aebb771fd93c4.php:40
Stack trace:
#0 /var/www/html/wp-content/themes/reyjesuspf/vendor/illuminate/view/Engines/PhpEngine.php(59): Illuminate\View\Engines\CompilerEngine->handleViewException(Object(Illuminate\View\ViewException), 0)
#1 /var/www/html/wp-content/themes/reyjesuspf/vendor/illuminate/view/Engines/CompilerEngine.php(74): Illuminate\View\Engines\PhpEngine->evaluatePath('/var/www/html/w...', Array)
#2 /var/www/html/wp-content/themes/reyjesuspf/vendor/illuminate/view/View.php(208): Illuminate\View\Engines\CompilerEngine->get('/var/www/html/w...', Array)
#3 /var/www/html/wp-content/themes/reyjesuspf/vendor/illuminate/view/View.php(191): Illuminate\View\View->getContents()
#4 /var/www/html/wp-content/themes/reyjesuspf/vendor/illuminate/view/View.php(160): Illuminate\View\View->renderContents()
#5 /var/www/html/wp-content/themes/reyjesuspf/index.php(3): Illuminate\View\View->render()
#6 /var/www/html/wp-includes/template-loader.php(106): include('/var/www/html/w...')
#7 /var/www/html/wp-blog-header.php(19): require_once('/var/www/html/w...')
#8 /var/www/html/index.php(17): require('/var/www/html/w...')
#9 {main}
  thrown in /var/www/html/wp-content/cache/acorn/framework/views/089e310eed4ed164b47aebb771fd93c4.php on line 40
[30-Jul-2025 23:15:43 UTC] PHP Fatal error:  Uncaught TypeError: Cannot access offset of type string on string in /var/www/html/wp-content/cache/acorn/framework/views/089e310eed4ed164b47aebb771fd93c4.php:40
Stack trace:
#0 /var/www/html/wp-content/themes/reyjesuspf/vendor/illuminate/filesystem/Filesystem.php(123): require()
#1 /var/www/html/wp-content/themes/reyjesuspf/vendor/illuminate/filesystem/Filesystem.php(124): Illuminate\Filesystem\Filesystem::Illuminate\Filesystem\{closure}()
#2 /var/www/html/wp-content/themes/reyjesuspf/vendor/illuminate/view/Engines/PhpEngine.php(57): Illuminate\Filesystem\Filesystem->getRequire('/var/www/html/w...', Array)
#3 /var/www/html/wp-content/themes/reyjesuspf/vendor/illuminate/view/Engines/CompilerEngine.php(74): Illuminate\View\Engines\PhpEngine->evaluatePath('/var/www/html/w...', Array)
#4 /var/www/html/wp-content/themes/reyjesuspf/vendor/illuminate/view/View.php(208): Illuminate\View\Engines\CompilerEngine->get('/var/www/html/w...', Array)
#5 /var/www/html/wp-content/themes/reyjesuspf/vendor/illuminate/view/View.php(191): Illuminate\View\View->getContents()
#6 /var/www/html/wp-content/themes/reyjesuspf/vendor/illuminate/view/View.php(160): Illuminate\View\View->renderContents()
#7 /var/www/html/wp-content/cache/acorn/framework/views/617e30010d820396594bf08fe321aa94.php(5): Illuminate\View\View->render()
#8 /var/www/html/wp-content/themes/reyjesuspf/vendor/illuminate/filesystem/Filesystem.php(123): require('/var/www/html/w...')
#9 /var/www/html/wp-content/themes/reyjesuspf/vendor/illuminate/filesystem/Filesystem.php(124): Illuminate\Filesystem\Filesystem::Illuminate\Filesystem\{closure}()
#10 /var/www/html/wp-content/themes/reyjesuspf/vendor/illuminate/view/Engines/PhpEngine.php(57): Illuminate\Filesystem\Filesystem->getRequire('/var/www/html/w...', Array)
#11 /var/www/html/wp-content/themes/reyjesuspf/vendor/illuminate/view/Engines/CompilerEngine.php(74): Illuminate\View\Engines\PhpEngine->evaluatePath('/var/www/html/w...', Array)
#12 /var/www/html/wp-content/themes/reyjesuspf/vendor/illuminate/view/View.php(208): Illuminate\View\Engines\CompilerEngine->get('/var/www/html/w...', Array)
#13 /var/www/html/wp-content/themes/reyjesuspf/vendor/illuminate/view/View.php(191): Illuminate\View\View->getContents()
#14 /var/www/html/wp-content/themes/reyjesuspf/vendor/illuminate/view/View.php(160): Illuminate\View\View->renderContents()
#15 /var/www/html/wp-content/themes/reyjesuspf/index.php(3): Illuminate\View\View->render()
#16 /var/www/html/wp-includes/template-loader.php(106): include('/var/www/html/w...')
#17 /var/www/html/wp-blog-header.php(19): require_once('/var/www/html/w...')
#18 /var/www/html/index.php(17): require('/var/www/html/w...')
#19 {main}

Next Illuminate\View\ViewException: Cannot access offset of type string on string (View: /var/www/html/wp-content/themes/reyjesuspf/resources/views/partials/Seccioneventospage/speakerspage/speakers.blade.php) in /var/www/html/wp-content/cache/acorn/framework/views/089e310eed4ed164b47aebb771fd93c4.php:40
Stack trace:
#0 /var/www/html/wp-content/themes/reyjesuspf/vendor/illuminate/view/Engines/PhpEngine.php(59): Illuminate\View\Engines\CompilerEngine->handleViewException(Object(TypeError), 2)
#1 /var/www/html/wp-content/themes/reyjesuspf/vendor/illuminate/view/Engines/CompilerEngine.php(74): Illuminate\View\Engines\PhpEngine->evaluatePath('/var/www/html/w...', Array)
#2 /var/www/html/wp-content/themes/reyjesuspf/vendor/illuminate/view/View.php(208): Illuminate\View\Engines\CompilerEngine->get('/var/www/html/w...', Array)
#3 /var/www/html/wp-content/themes/reyjesuspf/vendor/illuminate/view/View.php(191): Illuminate\View\View->getContents()
#4 /var/www/html/wp-content/themes/reyjesuspf/vendor/illuminate/view/View.php(160): Illuminate\View\View->renderContents()
#5 /var/www/html/wp-content/cache/acorn/framework/views/617e30010d820396594bf08fe321aa94.php(5): Illuminate\View\View->render()
#6 /var/www/html/wp-content/themes/reyjesuspf/vendor/illuminate/filesystem/Filesystem.php(123): require('/var/www/html/w...')
#7 /var/www/html/wp-content/themes/reyjesuspf/vendor/illuminate/filesystem/Filesystem.php(124): Illuminate\Filesystem\Filesystem::Illuminate\Filesystem\{closure}()
#8 /var/www/html/wp-content/themes/reyjesuspf/vendor/illuminate/view/Engines/PhpEngine.php(57): Illuminate\Filesystem\Filesystem->getRequire('/var/www/html/w...', Array)
#9 /var/www/html/wp-content/themes/reyjesuspf/vendor/illuminate/view/Engines/CompilerEngine.php(74): Illuminate\View\Engines\PhpEngine->evaluatePath('/var/www/html/w...', Array)
#10 /var/www/html/wp-content/themes/reyjesuspf/vendor/illuminate/view/View.php(208): Illuminate\View\Engines\CompilerEngine->get('/var/www/html/w...', Array)
#11 /var/www/html/wp-content/themes/reyjesuspf/vendor/illuminate/view/View.php(191): Illuminate\View\View->getContents()
#12 /var/www/html/wp-content/themes/reyjesuspf/vendor/illuminate/view/View.php(160): Illuminate\View\View->renderContents()
#13 /var/www/html/wp-content/themes/reyjesuspf/index.php(3): Illuminate\View\View->render()
#14 /var/www/html/wp-includes/template-loader.php(106): include('/var/www/html/w...')
#15 /var/www/html/wp-blog-header.php(19): require_once('/var/www/html/w...')
#16 /var/www/html/index.php(17): require('/var/www/html/w...')
#17 {main}

Next Illuminate\View\ViewException: Cannot access offset of type string on string (View: /var/www/html/wp-content/themes/reyjesuspf/resources/views/partials/Seccioneventospage/speakerspage/speakers.blade.php) (View: /var/www/html/wp-content/themes/reyjesuspf/resources/views/partials/Seccioneventospage/speakerspage/speakers.blade.php) in /var/www/html/wp-content/cache/acorn/framework/views/089e310eed4ed164b47aebb771fd93c4.php:40
Stack trace:
#0 /var/www/html/wp-content/themes/reyjesuspf/vendor/illuminate/view/Engines/PhpEngine.php(59): Illuminate\View\Engines\CompilerEngine->handleViewException(Object(Illuminate\View\ViewException), 0)
#1 /var/www/html/wp-content/themes/reyjesuspf/vendor/illuminate/view/Engines/CompilerEngine.php(74): Illuminate\View\Engines\PhpEngine->evaluatePath('/var/www/html/w...', Array)
#2 /var/www/html/wp-content/themes/reyjesuspf/vendor/illuminate/view/View.php(208): Illuminate\View\Engines\CompilerEngine->get('/var/www/html/w...', Array)
#3 /var/www/html/wp-content/themes/reyjesuspf/vendor/illuminate/view/View.php(191): Illuminate\View\View->getContents()
#4 /var/www/html/wp-content/themes/reyjesuspf/vendor/illuminate/view/View.php(160): Illuminate\View\View->renderContents()
#5 /var/www/html/wp-content/themes/reyjesuspf/index.php(3): Illuminate\View\View->render()
#6 /var/www/html/wp-includes/template-loader.php(106): include('/var/www/html/w...')
#7 /var/www/html/wp-blog-header.php(19): require_once('/var/www/html/w...')
#8 /var/www/html/index.php(17): require('/var/www/html/w...')
#9 {main}
  thrown in /var/www/html/wp-content/cache/acorn/framework/views/089e310eed4ed164b47aebb771fd93c4.php on line 40
[30-Jul-2025 23:19:19 UTC] PHP Fatal error:  Uncaught TypeError: Cannot access offset of type string on string in /var/www/html/wp-content/cache/acorn/framework/views/089e310eed4ed164b47aebb771fd93c4.php:40
Stack trace:
#0 /var/www/html/wp-content/themes/reyjesuspf/vendor/illuminate/filesystem/Filesystem.php(123): require()
#1 /var/www/html/wp-content/themes/reyjesuspf/vendor/illuminate/filesystem/Filesystem.php(124): Illuminate\Filesystem\Filesystem::Illuminate\Filesystem\{closure}()
#2 /var/www/html/wp-content/themes/reyjesuspf/vendor/illuminate/view/Engines/PhpEngine.php(57): Illuminate\Filesystem\Filesystem->getRequire('/var/www/html/w...', Array)
#3 /var/www/html/wp-content/themes/reyjesuspf/vendor/illuminate/view/Engines/CompilerEngine.php(74): Illuminate\View\Engines\PhpEngine->evaluatePath('/var/www/html/w...', Array)
#4 /var/www/html/wp-content/themes/reyjesuspf/vendor/illuminate/view/View.php(208): Illuminate\View\Engines\CompilerEngine->get('/var/www/html/w...', Array)
#5 /var/www/html/wp-content/themes/reyjesuspf/vendor/illuminate/view/View.php(191): Illuminate\View\View->getContents()
#6 /var/www/html/wp-content/themes/reyjesuspf/vendor/illuminate/view/View.php(160): Illuminate\View\View->renderContents()
#7 /var/www/html/wp-content/cache/acorn/framework/views/617e30010d820396594bf08fe321aa94.php(5): Illuminate\View\View->render()
#8 /var/www/html/wp-content/themes/reyjesuspf/vendor/illuminate/filesystem/Filesystem.php(123): require('/var/www/html/w...')
#9 /var/www/html/wp-content/themes/reyjesuspf/vendor/illuminate/filesystem/Filesystem.php(124): Illuminate\Filesystem\Filesystem::Illuminate\Filesystem\{closure}()
#10 /var/www/html/wp-content/themes/reyjesuspf/vendor/illuminate/view/Engines/PhpEngine.php(57): Illuminate\Filesystem\Filesystem->getRequire('/var/www/html/w...', Array)
#11 /var/www/html/wp-content/themes/reyjesuspf/vendor/illuminate/view/Engines/CompilerEngine.php(74): Illuminate\View\Engines\PhpEngine->evaluatePath('/var/www/html/w...', Array)
#12 /var/www/html/wp-content/themes/reyjesuspf/vendor/illuminate/view/View.php(208): Illuminate\View\Engines\CompilerEngine->get('/var/www/html/w...', Array)
#13 /var/www/html/wp-content/themes/reyjesuspf/vendor/illuminate/view/View.php(191): Illuminate\View\View->getContents()
#14 /var/www/html/wp-content/themes/reyjesuspf/vendor/illuminate/view/View.php(160): Illuminate\View\View->renderContents()
#15 /var/www/html/wp-content/themes/reyjesuspf/index.php(3): Illuminate\View\View->render()
#16 /var/www/html/wp-includes/template-loader.php(106): include('/var/www/html/w...')
#17 /var/www/html/wp-blog-header.php(19): require_once('/var/www/html/w...')
#18 /var/www/html/index.php(17): require('/var/www/html/w...')
#19 {main}

Next Illuminate\View\ViewException: Cannot access offset of type string on string (View: /var/www/html/wp-content/themes/reyjesuspf/resources/views/partials/Seccioneventospage/speakerspage/speakers.blade.php) in /var/www/html/wp-content/cache/acorn/framework/views/089e310eed4ed164b47aebb771fd93c4.php:40
Stack trace:
#0 /var/www/html/wp-content/themes/reyjesuspf/vendor/illuminate/view/Engines/PhpEngine.php(59): Illuminate\View\Engines\CompilerEngine->handleViewException(Object(TypeError), 2)
#1 /var/www/html/wp-content/themes/reyjesuspf/vendor/illuminate/view/Engines/CompilerEngine.php(74): Illuminate\View\Engines\PhpEngine->evaluatePath('/var/www/html/w...', Array)
#2 /var/www/html/wp-content/themes/reyjesuspf/vendor/illuminate/view/View.php(208): Illuminate\View\Engines\CompilerEngine->get('/var/www/html/w...', Array)
#3 /var/www/html/wp-content/themes/reyjesuspf/vendor/illuminate/view/View.php(191): Illuminate\View\View->getContents()
#4 /var/www/html/wp-content/themes/reyjesuspf/vendor/illuminate/view/View.php(160): Illuminate\View\View->renderContents()
#5 /var/www/html/wp-content/cache/acorn/framework/views/617e30010d820396594bf08fe321aa94.php(5): Illuminate\View\View->render()
#6 /var/www/html/wp-content/themes/reyjesuspf/vendor/illuminate/filesystem/Filesystem.php(123): require('/var/www/html/w...')
#7 /var/www/html/wp-content/themes/reyjesuspf/vendor/illuminate/filesystem/Filesystem.php(124): Illuminate\Filesystem\Filesystem::Illuminate\Filesystem\{closure}()
#8 /var/www/html/wp-content/themes/reyjesuspf/vendor/illuminate/view/Engines/PhpEngine.php(57): Illuminate\Filesystem\Filesystem->getRequire('/var/www/html/w...', Array)
#9 /var/www/html/wp-content/themes/reyjesuspf/vendor/illuminate/view/Engines/CompilerEngine.php(74): Illuminate\View\Engines\PhpEngine->evaluatePath('/var/www/html/w...', Array)
#10 /var/www/html/wp-content/themes/reyjesuspf/vendor/illuminate/view/View.php(208): Illuminate\View\Engines\CompilerEngine->get('/var/www/html/w...', Array)
#11 /var/www/html/wp-content/themes/reyjesuspf/vendor/illuminate/view/View.php(191): Illuminate\View\View->getContents()
#12 /var/www/html/wp-content/themes/reyjesuspf/vendor/illuminate/view/View.php(160): Illuminate\View\View->renderContents()
#13 /var/www/html/wp-content/themes/reyjesuspf/index.php(3): Illuminate\View\View->render()
#14 /var/www/html/wp-includes/template-loader.php(106): include('/var/www/html/w...')
#15 /var/www/html/wp-blog-header.php(19): require_once('/var/www/html/w...')
#16 /var/www/html/index.php(17): require('/var/www/html/w...')
#17 {main}

Next Illuminate\View\ViewException: Cannot access offset of type string on string (View: /var/www/html/wp-content/themes/reyjesuspf/resources/views/partials/Seccioneventospage/speakerspage/speakers.blade.php) (View: /var/www/html/wp-content/themes/reyjesuspf/resources/views/partials/Seccioneventospage/speakerspage/speakers.blade.php) in /var/www/html/wp-content/cache/acorn/framework/views/089e310eed4ed164b47aebb771fd93c4.php:40
Stack trace:
#0 /var/www/html/wp-content/themes/reyjesuspf/vendor/illuminate/view/Engines/PhpEngine.php(59): Illuminate\View\Engines\CompilerEngine->handleViewException(Object(Illuminate\View\ViewException), 0)
#1 /var/www/html/wp-content/themes/reyjesuspf/vendor/illuminate/view/Engines/CompilerEngine.php(74): Illuminate\View\Engines\PhpEngine->evaluatePath('/var/www/html/w...', Array)
#2 /var/www/html/wp-content/themes/reyjesuspf/vendor/illuminate/view/View.php(208): Illuminate\View\Engines\CompilerEngine->get('/var/www/html/w...', Array)
#3 /var/www/html/wp-content/themes/reyjesuspf/vendor/illuminate/view/View.php(191): Illuminate\View\View->getContents()
#4 /var/www/html/wp-content/themes/reyjesuspf/vendor/illuminate/view/View.php(160): Illuminate\View\View->renderContents()
#5 /var/www/html/wp-content/themes/reyjesuspf/index.php(3): Illuminate\View\View->render()
#6 /var/www/html/wp-includes/template-loader.php(106): include('/var/www/html/w...')
#7 /var/www/html/wp-blog-header.php(19): require_once('/var/www/html/w...')
#8 /var/www/html/index.php(17): require('/var/www/html/w...')
#9 {main}
  thrown in /var/www/html/wp-content/cache/acorn/framework/views/089e310eed4ed164b47aebb771fd93c4.php on line 40
[30-Jul-2025 23:19:58 UTC] PHP Fatal error:  Uncaught ParseError: syntax error, unexpected token "endwhile", expecting "elseif" or "else" or "endif" in /var/www/html/wp-content/cache/acorn/framework/views/089e310eed4ed164b47aebb771fd93c4.php:101
Stack trace:
#0 /var/www/html/wp-content/themes/reyjesuspf/vendor/illuminate/filesystem/Filesystem.php(124): Illuminate\Filesystem\Filesystem::Illuminate\Filesystem\{closure}()
#1 /var/www/html/wp-content/themes/reyjesuspf/vendor/illuminate/view/Engines/PhpEngine.php(57): Illuminate\Filesystem\Filesystem->getRequire('/var/www/html/w...', Array)
#2 /var/www/html/wp-content/themes/reyjesuspf/vendor/illuminate/view/Engines/CompilerEngine.php(74): Illuminate\View\Engines\PhpEngine->evaluatePath('/var/www/html/w...', Array)
#3 /var/www/html/wp-content/themes/reyjesuspf/vendor/illuminate/view/View.php(208): Illuminate\View\Engines\CompilerEngine->get('/var/www/html/w...', Array)
#4 /var/www/html/wp-content/themes/reyjesuspf/vendor/illuminate/view/View.php(191): Illuminate\View\View->getContents()
#5 /var/www/html/wp-content/themes/reyjesuspf/vendor/illuminate/view/View.php(160): Illuminate\View\View->renderContents()
#6 /var/www/html/wp-content/cache/acorn/framework/views/617e30010d820396594bf08fe321aa94.php(5): Illuminate\View\View->render()
#7 /var/www/html/wp-content/themes/reyjesuspf/vendor/illuminate/filesystem/Filesystem.php(123): require('/var/www/html/w...')
#8 /var/www/html/wp-content/themes/reyjesuspf/vendor/illuminate/filesystem/Filesystem.php(124): Illuminate\Filesystem\Filesystem::Illuminate\Filesystem\{closure}()
#9 /var/www/html/wp-content/themes/reyjesuspf/vendor/illuminate/view/Engines/PhpEngine.php(57): Illuminate\Filesystem\Filesystem->getRequire('/var/www/html/w...', Array)
#10 /var/www/html/wp-content/themes/reyjesuspf/vendor/illuminate/view/Engines/CompilerEngine.php(74): Illuminate\View\Engines\PhpEngine->evaluatePath('/var/www/html/w...', Array)
#11 /var/www/html/wp-content/themes/reyjesuspf/vendor/illuminate/view/View.php(208): Illuminate\View\Engines\CompilerEngine->get('/var/www/html/w...', Array)
#12 /var/www/html/wp-content/themes/reyjesuspf/vendor/illuminate/view/View.php(191): Illuminate\View\View->getContents()
#13 /var/www/html/wp-content/themes/reyjesuspf/vendor/illuminate/view/View.php(160): Illuminate\View\View->renderContents()
#14 /var/www/html/wp-content/themes/reyjesuspf/index.php(3): Illuminate\View\View->render()
#15 /var/www/html/wp-includes/template-loader.php(106): include('/var/www/html/w...')
#16 /var/www/html/wp-blog-header.php(19): require_once('/var/www/html/w...')
#17 /var/www/html/index.php(17): require('/var/www/html/w...')
#18 {main}

Next Illuminate\View\ViewException: syntax error, unexpected token "endwhile", expecting "elseif" or "else" or "endif" (View: /var/www/html/wp-content/themes/reyjesuspf/resources/views/partials/Seccioneventospage/speakerspage/speakers.blade.php) in /var/www/html/wp-content/cache/acorn/framework/views/089e310eed4ed164b47aebb771fd93c4.php:101
Stack trace:
#0 /var/www/html/wp-content/themes/reyjesuspf/vendor/illuminate/view/Engines/PhpEngine.php(59): Illuminate\View\Engines\CompilerEngine->handleViewException(Object(ParseError), 2)
#1 /var/www/html/wp-content/themes/reyjesuspf/vendor/illuminate/view/Engines/CompilerEngine.php(74): Illuminate\View\Engines\PhpEngine->evaluatePath('/var/www/html/w...', Array)
#2 /var/www/html/wp-content/themes/reyjesuspf/vendor/illuminate/view/View.php(208): Illuminate\View\Engines\CompilerEngine->get('/var/www/html/w...', Array)
#3 /var/www/html/wp-content/themes/reyjesuspf/vendor/illuminate/view/View.php(191): Illuminate\View\View->getContents()
#4 /var/www/html/wp-content/themes/reyjesuspf/vendor/illuminate/view/View.php(160): Illuminate\View\View->renderContents()
#5 /var/www/html/wp-content/cache/acorn/framework/views/617e30010d820396594bf08fe321aa94.php(5): Illuminate\View\View->render()
#6 /var/www/html/wp-content/themes/reyjesuspf/vendor/illuminate/filesystem/Filesystem.php(123): require('/var/www/html/w...')
#7 /var/www/html/wp-content/themes/reyjesuspf/vendor/illuminate/filesystem/Filesystem.php(124): Illuminate\Filesystem\Filesystem::Illuminate\Filesystem\{closure}()
#8 /var/www/html/wp-content/themes/reyjesuspf/vendor/illuminate/view/Engines/PhpEngine.php(57): Illuminate\Filesystem\Filesystem->getRequire('/var/www/html/w...', Array)
#9 /var/www/html/wp-content/themes/reyjesuspf/vendor/illuminate/view/Engines/CompilerEngine.php(74): Illuminate\View\Engines\PhpEngine->evaluatePath('/var/www/html/w...', Array)
#10 /var/www/html/wp-content/themes/reyjesuspf/vendor/illuminate/view/View.php(208): Illuminate\View\Engines\CompilerEngine->get('/var/www/html/w...', Array)
#11 /var/www/html/wp-content/themes/reyjesuspf/vendor/illuminate/view/View.php(191): Illuminate\View\View->getContents()
#12 /var/www/html/wp-content/themes/reyjesuspf/vendor/illuminate/view/View.php(160): Illuminate\View\View->renderContents()
#13 /var/www/html/wp-content/themes/reyjesuspf/index.php(3): Illuminate\View\View->render()
#14 /var/www/html/wp-includes/template-loader.php(106): include('/var/www/html/w...')
#15 /var/www/html/wp-blog-header.php(19): require_once('/var/www/html/w...')
#16 /var/www/html/index.php(17): require('/var/www/html/w...')
#17 {main}

Next Illuminate\View\ViewException: syntax error, unexpected token "endwhile", expecting "elseif" or "else" or "endif" (View: /var/www/html/wp-content/themes/reyjesuspf/resources/views/partials/Seccioneventospage/speakerspage/speakers.blade.php) (View: /var/www/html/wp-content/themes/reyjesuspf/resources/views/partials/Seccioneventospage/speakerspage/speakers.blade.php) in /var/www/html/wp-content/cache/acorn/framework/views/089e310eed4ed164b47aebb771fd93c4.php:101
Stack trace:
#0 /var/www/html/wp-content/themes/reyjesuspf/vendor/illuminate/view/Engines/PhpEngine.php(59): Illuminate\View\Engines\CompilerEngine->handleViewException(Object(Illuminate\View\ViewException), 0)
#1 /var/www/html/wp-content/themes/reyjesuspf/vendor/illuminate/view/Engines/CompilerEngine.php(74): Illuminate\View\Engines\PhpEngine->evaluatePath('/var/www/html/w...', Array)
#2 /var/www/html/wp-content/themes/reyjesuspf/vendor/illuminate/view/View.php(208): Illuminate\View\Engines\CompilerEngine->get('/var/www/html/w...', Array)
#3 /var/www/html/wp-content/themes/reyjesuspf/vendor/illuminate/view/View.php(191): Illuminate\View\View->getContents()
#4 /var/www/html/wp-content/themes/reyjesuspf/vendor/illuminate/view/View.php(160): Illuminate\View\View->renderContents()
#5 /var/www/html/wp-content/themes/reyjesuspf/index.php(3): Illuminate\View\View->render()
#6 /var/www/html/wp-includes/template-loader.php(106): include('/var/www/html/w...')
#7 /var/www/html/wp-blog-header.php(19): require_once('/var/www/html/w...')
#8 /var/www/html/index.php(17): require('/var/www/html/w...')
#9 {main}
  thrown in /var/www/html/wp-content/cache/acorn/framework/views/089e310eed4ed164b47aebb771fd93c4.php on line 101
[30-Jul-2025 23:22:43 UTC] PHP Fatal error:  Uncaught TypeError: Cannot access offset of type string on string in /var/www/html/wp-content/cache/acorn/framework/views/089e310eed4ed164b47aebb771fd93c4.php:39
Stack trace:
#0 /var/www/html/wp-content/themes/reyjesuspf/vendor/illuminate/filesystem/Filesystem.php(123): require()
#1 /var/www/html/wp-content/themes/reyjesuspf/vendor/illuminate/filesystem/Filesystem.php(124): Illuminate\Filesystem\Filesystem::Illuminate\Filesystem\{closure}()
#2 /var/www/html/wp-content/themes/reyjesuspf/vendor/illuminate/view/Engines/PhpEngine.php(57): Illuminate\Filesystem\Filesystem->getRequire('/var/www/html/w...', Array)
#3 /var/www/html/wp-content/themes/reyjesuspf/vendor/illuminate/view/Engines/CompilerEngine.php(74): Illuminate\View\Engines\PhpEngine->evaluatePath('/var/www/html/w...', Array)
#4 /var/www/html/wp-content/themes/reyjesuspf/vendor/illuminate/view/View.php(208): Illuminate\View\Engines\CompilerEngine->get('/var/www/html/w...', Array)
#5 /var/www/html/wp-content/themes/reyjesuspf/vendor/illuminate/view/View.php(191): Illuminate\View\View->getContents()
#6 /var/www/html/wp-content/themes/reyjesuspf/vendor/illuminate/view/View.php(160): Illuminate\View\View->renderContents()
#7 /var/www/html/wp-content/cache/acorn/framework/views/617e30010d820396594bf08fe321aa94.php(5): Illuminate\View\View->render()
#8 /var/www/html/wp-content/themes/reyjesuspf/vendor/illuminate/filesystem/Filesystem.php(123): require('/var/www/html/w...')
#9 /var/www/html/wp-content/themes/reyjesuspf/vendor/illuminate/filesystem/Filesystem.php(124): Illuminate\Filesystem\Filesystem::Illuminate\Filesystem\{closure}()
#10 /var/www/html/wp-content/themes/reyjesuspf/vendor/illuminate/view/Engines/PhpEngine.php(57): Illuminate\Filesystem\Filesystem->getRequire('/var/www/html/w...', Array)
#11 /var/www/html/wp-content/themes/reyjesuspf/vendor/illuminate/view/Engines/CompilerEngine.php(74): Illuminate\View\Engines\PhpEngine->evaluatePath('/var/www/html/w...', Array)
#12 /var/www/html/wp-content/themes/reyjesuspf/vendor/illuminate/view/View.php(208): Illuminate\View\Engines\CompilerEngine->get('/var/www/html/w...', Array)
#13 /var/www/html/wp-content/themes/reyjesuspf/vendor/illuminate/view/View.php(191): Illuminate\View\View->getContents()
#14 /var/www/html/wp-content/themes/reyjesuspf/vendor/illuminate/view/View.php(160): Illuminate\View\View->renderContents()
#15 /var/www/html/wp-content/themes/reyjesuspf/index.php(3): Illuminate\View\View->render()
#16 /var/www/html/wp-includes/template-loader.php(106): include('/var/www/html/w...')
#17 /var/www/html/wp-blog-header.php(19): require_once('/var/www/html/w...')
#18 /var/www/html/index.php(17): require('/var/www/html/w...')
#19 {main}

Next Illuminate\View\ViewException: Cannot access offset of type string on string (View: /var/www/html/wp-content/themes/reyjesuspf/resources/views/partials/Seccioneventospage/speakerspage/speakers.blade.php) in /var/www/html/wp-content/cache/acorn/framework/views/089e310eed4ed164b47aebb771fd93c4.php:39
Stack trace:
#0 /var/www/html/wp-content/themes/reyjesuspf/vendor/illuminate/view/Engines/PhpEngine.php(59): Illuminate\View\Engines\CompilerEngine->handleViewException(Object(TypeError), 2)
#1 /var/www/html/wp-content/themes/reyjesuspf/vendor/illuminate/view/Engines/CompilerEngine.php(74): Illuminate\View\Engines\PhpEngine->evaluatePath('/var/www/html/w...', Array)
#2 /var/www/html/wp-content/themes/reyjesuspf/vendor/illuminate/view/View.php(208): Illuminate\View\Engines\CompilerEngine->get('/var/www/html/w...', Array)
#3 /var/www/html/wp-content/themes/reyjesuspf/vendor/illuminate/view/View.php(191): Illuminate\View\View->getContents()
#4 /var/www/html/wp-content/themes/reyjesuspf/vendor/illuminate/view/View.php(160): Illuminate\View\View->renderContents()
#5 /var/www/html/wp-content/cache/acorn/framework/views/617e30010d820396594bf08fe321aa94.php(5): Illuminate\View\View->render()
#6 /var/www/html/wp-content/themes/reyjesuspf/vendor/illuminate/filesystem/Filesystem.php(123): require('/var/www/html/w...')
#7 /var/www/html/wp-content/themes/reyjesuspf/vendor/illuminate/filesystem/Filesystem.php(124): Illuminate\Filesystem\Filesystem::Illuminate\Filesystem\{closure}()
#8 /var/www/html/wp-content/themes/reyjesuspf/vendor/illuminate/view/Engines/PhpEngine.php(57): Illuminate\Filesystem\Filesystem->getRequire('/var/www/html/w...', Array)
#9 /var/www/html/wp-content/themes/reyjesuspf/vendor/illuminate/view/Engines/CompilerEngine.php(74): Illuminate\View\Engines\PhpEngine->evaluatePath('/var/www/html/w...', Array)
#10 /var/www/html/wp-content/themes/reyjesuspf/vendor/illuminate/view/View.php(208): Illuminate\View\Engines\CompilerEngine->get('/var/www/html/w...', Array)
#11 /var/www/html/wp-content/themes/reyjesuspf/vendor/illuminate/view/View.php(191): Illuminate\View\View->getContents()
#12 /var/www/html/wp-content/themes/reyjesuspf/vendor/illuminate/view/View.php(160): Illuminate\View\View->renderContents()
#13 /var/www/html/wp-content/themes/reyjesuspf/index.php(3): Illuminate\View\View->render()
#14 /var/www/html/wp-includes/template-loader.php(106): include('/var/www/html/w...')
#15 /var/www/html/wp-blog-header.php(19): require_once('/var/www/html/w...')
#16 /var/www/html/index.php(17): require('/var/www/html/w...')
#17 {main}

Next Illuminate\View\ViewException: Cannot access offset of type string on string (View: /var/www/html/wp-content/themes/reyjesuspf/resources/views/partials/Seccioneventospage/speakerspage/speakers.blade.php) (View: /var/www/html/wp-content/themes/reyjesuspf/resources/views/partials/Seccioneventospage/speakerspage/speakers.blade.php) in /var/www/html/wp-content/cache/acorn/framework/views/089e310eed4ed164b47aebb771fd93c4.php:39
Stack trace:
#0 /var/www/html/wp-content/themes/reyjesuspf/vendor/illuminate/view/Engines/PhpEngine.php(59): Illuminate\View\Engines\CompilerEngine->handleViewException(Object(Illuminate\View\ViewException), 0)
#1 /var/www/html/wp-content/themes/reyjesuspf/vendor/illuminate/view/Engines/CompilerEngine.php(74): Illuminate\View\Engines\PhpEngine->evaluatePath('/var/www/html/w...', Array)
#2 /var/www/html/wp-content/themes/reyjesuspf/vendor/illuminate/view/View.php(208): Illuminate\View\Engines\CompilerEngine->get('/var/www/html/w...', Array)
#3 /var/www/html/wp-content/themes/reyjesuspf/vendor/illuminate/view/View.php(191): Illuminate\View\View->getContents()
#4 /var/www/html/wp-content/themes/reyjesuspf/vendor/illuminate/view/View.php(160): Illuminate\View\View->renderContents()
#5 /var/www/html/wp-content/themes/reyjesuspf/index.php(3): Illuminate\View\View->render()
#6 /var/www/html/wp-includes/template-loader.php(106): include('/var/www/html/w...')
#7 /var/www/html/wp-blog-header.php(19): require_once('/var/www/html/w...')
#8 /var/www/html/index.php(17): require('/var/www/html/w...')
#9 {main}
  thrown in /var/www/html/wp-content/cache/acorn/framework/views/089e310eed4ed164b47aebb771fd93c4.php on line 39
[30-Jul-2025 23:25:56 UTC] PHP Fatal error:  Uncaught TypeError: Cannot access offset of type string on string in /var/www/html/wp-content/cache/acorn/framework/views/089e310eed4ed164b47aebb771fd93c4.php:40
Stack trace:
#0 /var/www/html/wp-content/themes/reyjesuspf/vendor/illuminate/filesystem/Filesystem.php(123): require()
#1 /var/www/html/wp-content/themes/reyjesuspf/vendor/illuminate/filesystem/Filesystem.php(124): Illuminate\Filesystem\Filesystem::Illuminate\Filesystem\{closure}()
#2 /var/www/html/wp-content/themes/reyjesuspf/vendor/illuminate/view/Engines/PhpEngine.php(57): Illuminate\Filesystem\Filesystem->getRequire('/var/www/html/w...', Array)
#3 /var/www/html/wp-content/themes/reyjesuspf/vendor/illuminate/view/Engines/CompilerEngine.php(74): Illuminate\View\Engines\PhpEngine->evaluatePath('/var/www/html/w...', Array)
#4 /var/www/html/wp-content/themes/reyjesuspf/vendor/illuminate/view/View.php(208): Illuminate\View\Engines\CompilerEngine->get('/var/www/html/w...', Array)
#5 /var/www/html/wp-content/themes/reyjesuspf/vendor/illuminate/view/View.php(191): Illuminate\View\View->getContents()
#6 /var/www/html/wp-content/themes/reyjesuspf/vendor/illuminate/view/View.php(160): Illuminate\View\View->renderContents()
#7 /var/www/html/wp-content/cache/acorn/framework/views/617e30010d820396594bf08fe321aa94.php(5): Illuminate\View\View->render()
#8 /var/www/html/wp-content/themes/reyjesuspf/vendor/illuminate/filesystem/Filesystem.php(123): require('/var/www/html/w...')
#9 /var/www/html/wp-content/themes/reyjesuspf/vendor/illuminate/filesystem/Filesystem.php(124): Illuminate\Filesystem\Filesystem::Illuminate\Filesystem\{closure}()
#10 /var/www/html/wp-content/themes/reyjesuspf/vendor/illuminate/view/Engines/PhpEngine.php(57): Illuminate\Filesystem\Filesystem->getRequire('/var/www/html/w...', Array)
#11 /var/www/html/wp-content/themes/reyjesuspf/vendor/illuminate/view/Engines/CompilerEngine.php(74): Illuminate\View\Engines\PhpEngine->evaluatePath('/var/www/html/w...', Array)
#12 /var/www/html/wp-content/themes/reyjesuspf/vendor/illuminate/view/View.php(208): Illuminate\View\Engines\CompilerEngine->get('/var/www/html/w...', Array)
#13 /var/www/html/wp-content/themes/reyjesuspf/vendor/illuminate/view/View.php(191): Illuminate\View\View->getContents()
#14 /var/www/html/wp-content/themes/reyjesuspf/vendor/illuminate/view/View.php(160): Illuminate\View\View->renderContents()
#15 /var/www/html/wp-content/themes/reyjesuspf/index.php(3): Illuminate\View\View->render()
#16 /var/www/html/wp-includes/template-loader.php(106): include('/var/www/html/w...')
#17 /var/www/html/wp-blog-header.php(19): require_once('/var/www/html/w...')
#18 /var/www/html/index.php(17): require('/var/www/html/w...')
#19 {main}

Next Illuminate\View\ViewException: Cannot access offset of type string on string (View: /var/www/html/wp-content/themes/reyjesuspf/resources/views/partials/Seccioneventospage/speakerspage/speakers.blade.php) in /var/www/html/wp-content/cache/acorn/framework/views/089e310eed4ed164b47aebb771fd93c4.php:40
Stack trace:
#0 /var/www/html/wp-content/themes/reyjesuspf/vendor/illuminate/view/Engines/PhpEngine.php(59): Illuminate\View\Engines\CompilerEngine->handleViewException(Object(TypeError), 2)
#1 /var/www/html/wp-content/themes/reyjesuspf/vendor/illuminate/view/Engines/CompilerEngine.php(74): Illuminate\View\Engines\PhpEngine->evaluatePath('/var/www/html/w...', Array)
#2 /var/www/html/wp-content/themes/reyjesuspf/vendor/illuminate/view/View.php(208): Illuminate\View\Engines\CompilerEngine->get('/var/www/html/w...', Array)
#3 /var/www/html/wp-content/themes/reyjesuspf/vendor/illuminate/view/View.php(191): Illuminate\View\View->getContents()
#4 /var/www/html/wp-content/themes/reyjesuspf/vendor/illuminate/view/View.php(160): Illuminate\View\View->renderContents()
#5 /var/www/html/wp-content/cache/acorn/framework/views/617e30010d820396594bf08fe321aa94.php(5): Illuminate\View\View->render()
#6 /var/www/html/wp-content/themes/reyjesuspf/vendor/illuminate/filesystem/Filesystem.php(123): require('/var/www/html/w...')
#7 /var/www/html/wp-content/themes/reyjesuspf/vendor/illuminate/filesystem/Filesystem.php(124): Illuminate\Filesystem\Filesystem::Illuminate\Filesystem\{closure}()
#8 /var/www/html/wp-content/themes/reyjesuspf/vendor/illuminate/view/Engines/PhpEngine.php(57): Illuminate\Filesystem\Filesystem->getRequire('/var/www/html/w...', Array)
#9 /var/www/html/wp-content/themes/reyjesuspf/vendor/illuminate/view/Engines/CompilerEngine.php(74): Illuminate\View\Engines\PhpEngine->evaluatePath('/var/www/html/w...', Array)
#10 /var/www/html/wp-content/themes/reyjesuspf/vendor/illuminate/view/View.php(208): Illuminate\View\Engines\CompilerEngine->get('/var/www/html/w...', Array)
#11 /var/www/html/wp-content/themes/reyjesuspf/vendor/illuminate/view/View.php(191): Illuminate\View\View->getContents()
#12 /var/www/html/wp-content/themes/reyjesuspf/vendor/illuminate/view/View.php(160): Illuminate\View\View->renderContents()
#13 /var/www/html/wp-content/themes/reyjesuspf/index.php(3): Illuminate\View\View->render()
#14 /var/www/html/wp-includes/template-loader.php(106): include('/var/www/html/w...')
#15 /var/www/html/wp-blog-header.php(19): require_once('/var/www/html/w...')
#16 /var/www/html/index.php(17): require('/var/www/html/w...')
#17 {main}

Next Illuminate\View\ViewException: Cannot access offset of type string on string (View: /var/www/html/wp-content/themes/reyjesuspf/resources/views/partials/Seccioneventospage/speakerspage/speakers.blade.php) (View: /var/www/html/wp-content/themes/reyjesuspf/resources/views/partials/Seccioneventospage/speakerspage/speakers.blade.php) in /var/www/html/wp-content/cache/acorn/framework/views/089e310eed4ed164b47aebb771fd93c4.php:40
Stack trace:
#0 /var/www/html/wp-content/themes/reyjesuspf/vendor/illuminate/view/Engines/PhpEngine.php(59): Illuminate\View\Engines\CompilerEngine->handleViewException(Object(Illuminate\View\ViewException), 0)
#1 /var/www/html/wp-content/themes/reyjesuspf/vendor/illuminate/view/Engines/CompilerEngine.php(74): Illuminate\View\Engines\PhpEngine->evaluatePath('/var/www/html/w...', Array)
#2 /var/www/html/wp-content/themes/reyjesuspf/vendor/illuminate/view/View.php(208): Illuminate\View\Engines\CompilerEngine->get('/var/www/html/w...', Array)
#3 /var/www/html/wp-content/themes/reyjesuspf/vendor/illuminate/view/View.php(191): Illuminate\View\View->getContents()
#4 /var/www/html/wp-content/themes/reyjesuspf/vendor/illuminate/view/View.php(160): Illuminate\View\View->renderContents()
#5 /var/www/html/wp-content/themes/reyjesuspf/index.php(3): Illuminate\View\View->render()
#6 /var/www/html/wp-includes/template-loader.php(106): include('/var/www/html/w...')
#7 /var/www/html/wp-blog-header.php(19): require_once('/var/www/html/w...')
#8 /var/www/html/index.php(17): require('/var/www/html/w...')
#9 {main}
  thrown in /var/www/html/wp-content/cache/acorn/framework/views/089e310eed4ed164b47aebb771fd93c4.php on line 40
[30-Jul-2025 23:25:59 UTC] PHP Fatal error:  Uncaught TypeError: Cannot access offset of type string on string in /var/www/html/wp-content/cache/acorn/framework/views/089e310eed4ed164b47aebb771fd93c4.php:40
Stack trace:
#0 /var/www/html/wp-content/themes/reyjesuspf/vendor/illuminate/filesystem/Filesystem.php(123): require()
#1 /var/www/html/wp-content/themes/reyjesuspf/vendor/illuminate/filesystem/Filesystem.php(124): Illuminate\Filesystem\Filesystem::Illuminate\Filesystem\{closure}()
#2 /var/www/html/wp-content/themes/reyjesuspf/vendor/illuminate/view/Engines/PhpEngine.php(57): Illuminate\Filesystem\Filesystem->getRequire('/var/www/html/w...', Array)
#3 /var/www/html/wp-content/themes/reyjesuspf/vendor/illuminate/view/Engines/CompilerEngine.php(74): Illuminate\View\Engines\PhpEngine->evaluatePath('/var/www/html/w...', Array)
#4 /var/www/html/wp-content/themes/reyjesuspf/vendor/illuminate/view/View.php(208): Illuminate\View\Engines\CompilerEngine->get('/var/www/html/w...', Array)
#5 /var/www/html/wp-content/themes/reyjesuspf/vendor/illuminate/view/View.php(191): Illuminate\View\View->getContents()
#6 /var/www/html/wp-content/themes/reyjesuspf/vendor/illuminate/view/View.php(160): Illuminate\View\View->renderContents()
#7 /var/www/html/wp-content/cache/acorn/framework/views/617e30010d820396594bf08fe321aa94.php(5): Illuminate\View\View->render()
#8 /var/www/html/wp-content/themes/reyjesuspf/vendor/illuminate/filesystem/Filesystem.php(123): require('/var/www/html/w...')
#9 /var/www/html/wp-content/themes/reyjesuspf/vendor/illuminate/filesystem/Filesystem.php(124): Illuminate\Filesystem\Filesystem::Illuminate\Filesystem\{closure}()
#10 /var/www/html/wp-content/themes/reyjesuspf/vendor/illuminate/view/Engines/PhpEngine.php(57): Illuminate\Filesystem\Filesystem->getRequire('/var/www/html/w...', Array)
#11 /var/www/html/wp-content/themes/reyjesuspf/vendor/illuminate/view/Engines/CompilerEngine.php(74): Illuminate\View\Engines\PhpEngine->evaluatePath('/var/www/html/w...', Array)
#12 /var/www/html/wp-content/themes/reyjesuspf/vendor/illuminate/view/View.php(208): Illuminate\View\Engines\CompilerEngine->get('/var/www/html/w...', Array)
#13 /var/www/html/wp-content/themes/reyjesuspf/vendor/illuminate/view/View.php(191): Illuminate\View\View->getContents()
#14 /var/www/html/wp-content/themes/reyjesuspf/vendor/illuminate/view/View.php(160): Illuminate\View\View->renderContents()
#15 /var/www/html/wp-content/themes/reyjesuspf/index.php(3): Illuminate\View\View->render()
#16 /var/www/html/wp-includes/template-loader.php(106): include('/var/www/html/w...')
#17 /var/www/html/wp-blog-header.php(19): require_once('/var/www/html/w...')
#18 /var/www/html/index.php(17): require('/var/www/html/w...')
#19 {main}

Next Illuminate\View\ViewException: Cannot access offset of type string on string (View: /var/www/html/wp-content/themes/reyjesuspf/resources/views/partials/Seccioneventospage/speakerspage/speakers.blade.php) in /var/www/html/wp-content/cache/acorn/framework/views/089e310eed4ed164b47aebb771fd93c4.php:40
Stack trace:
#0 /var/www/html/wp-content/themes/reyjesuspf/vendor/illuminate/view/Engines/PhpEngine.php(59): Illuminate\View\Engines\CompilerEngine->handleViewException(Object(TypeError), 2)
#1 /var/www/html/wp-content/themes/reyjesuspf/vendor/illuminate/view/Engines/CompilerEngine.php(74): Illuminate\View\Engines\PhpEngine->evaluatePath('/var/www/html/w...', Array)
#2 /var/www/html/wp-content/themes/reyjesuspf/vendor/illuminate/view/View.php(208): Illuminate\View\Engines\CompilerEngine->get('/var/www/html/w...', Array)
#3 /var/www/html/wp-content/themes/reyjesuspf/vendor/illuminate/view/View.php(191): Illuminate\View\View->getContents()
#4 /var/www/html/wp-content/themes/reyjesuspf/vendor/illuminate/view/View.php(160): Illuminate\View\View->renderContents()
#5 /var/www/html/wp-content/cache/acorn/framework/views/617e30010d820396594bf08fe321aa94.php(5): Illuminate\View\View->render()
#6 /var/www/html/wp-content/themes/reyjesuspf/vendor/illuminate/filesystem/Filesystem.php(123): require('/var/www/html/w...')
#7 /var/www/html/wp-content/themes/reyjesuspf/vendor/illuminate/filesystem/Filesystem.php(124): Illuminate\Filesystem\Filesystem::Illuminate\Filesystem\{closure}()
#8 /var/www/html/wp-content/themes/reyjesuspf/vendor/illuminate/view/Engines/PhpEngine.php(57): Illuminate\Filesystem\Filesystem->getRequire('/var/www/html/w...', Array)
#9 /var/www/html/wp-content/themes/reyjesuspf/vendor/illuminate/view/Engines/CompilerEngine.php(74): Illuminate\View\Engines\PhpEngine->evaluatePath('/var/www/html/w...', Array)
#10 /var/www/html/wp-content/themes/reyjesuspf/vendor/illuminate/view/View.php(208): Illuminate\View\Engines\CompilerEngine->get('/var/www/html/w...', Array)
#11 /var/www/html/wp-content/themes/reyjesuspf/vendor/illuminate/view/View.php(191): Illuminate\View\View->getContents()
#12 /var/www/html/wp-content/themes/reyjesuspf/vendor/illuminate/view/View.php(160): Illuminate\View\View->renderContents()
#13 /var/www/html/wp-content/themes/reyjesuspf/index.php(3): Illuminate\View\View->render()
#14 /var/www/html/wp-includes/template-loader.php(106): include('/var/www/html/w...')
#15 /var/www/html/wp-blog-header.php(19): require_once('/var/www/html/w...')
#16 /var/www/html/index.php(17): require('/var/www/html/w...')
#17 {main}

Next Illuminate\View\ViewException: Cannot access offset of type string on string (View: /var/www/html/wp-content/themes/reyjesuspf/resources/views/partials/Seccioneventospage/speakerspage/speakers.blade.php) (View: /var/www/html/wp-content/themes/reyjesuspf/resources/views/partials/Seccioneventospage/speakerspage/speakers.blade.php) in /var/www/html/wp-content/cache/acorn/framework/views/089e310eed4ed164b47aebb771fd93c4.php:40
Stack trace:
#0 /var/www/html/wp-content/themes/reyjesuspf/vendor/illuminate/view/Engines/PhpEngine.php(59): Illuminate\View\Engines\CompilerEngine->handleViewException(Object(Illuminate\View\ViewException), 0)
#1 /var/www/html/wp-content/themes/reyjesuspf/vendor/illuminate/view/Engines/CompilerEngine.php(74): Illuminate\View\Engines\PhpEngine->evaluatePath('/var/www/html/w...', Array)
#2 /var/www/html/wp-content/themes/reyjesuspf/vendor/illuminate/view/View.php(208): Illuminate\View\Engines\CompilerEngine->get('/var/www/html/w...', Array)
#3 /var/www/html/wp-content/themes/reyjesuspf/vendor/illuminate/view/View.php(191): Illuminate\View\View->getContents()
#4 /var/www/html/wp-content/themes/reyjesuspf/vendor/illuminate/view/View.php(160): Illuminate\View\View->renderContents()
#5 /var/www/html/wp-content/themes/reyjesuspf/index.php(3): Illuminate\View\View->render()
#6 /var/www/html/wp-includes/template-loader.php(106): include('/var/www/html/w...')
#7 /var/www/html/wp-blog-header.php(19): require_once('/var/www/html/w...')
#8 /var/www/html/index.php(17): require('/var/www/html/w...')
#9 {main}
  thrown in /var/www/html/wp-content/cache/acorn/framework/views/089e310eed4ed164b47aebb771fd93c4.php on line 40
[30-Jul-2025 23:26:00 UTC] PHP Fatal error:  Uncaught TypeError: Cannot access offset of type string on string in /var/www/html/wp-content/cache/acorn/framework/views/089e310eed4ed164b47aebb771fd93c4.php:40
Stack trace:
#0 /var/www/html/wp-content/themes/reyjesuspf/vendor/illuminate/filesystem/Filesystem.php(123): require()
#1 /var/www/html/wp-content/themes/reyjesuspf/vendor/illuminate/filesystem/Filesystem.php(124): Illuminate\Filesystem\Filesystem::Illuminate\Filesystem\{closure}()
#2 /var/www/html/wp-content/themes/reyjesuspf/vendor/illuminate/view/Engines/PhpEngine.php(57): Illuminate\Filesystem\Filesystem->getRequire('/var/www/html/w...', Array)
#3 /var/www/html/wp-content/themes/reyjesuspf/vendor/illuminate/view/Engines/CompilerEngine.php(74): Illuminate\View\Engines\PhpEngine->evaluatePath('/var/www/html/w...', Array)
#4 /var/www/html/wp-content/themes/reyjesuspf/vendor/illuminate/view/View.php(208): Illuminate\View\Engines\CompilerEngine->get('/var/www/html/w...', Array)
#5 /var/www/html/wp-content/themes/reyjesuspf/vendor/illuminate/view/View.php(191): Illuminate\View\View->getContents()
#6 /var/www/html/wp-content/themes/reyjesuspf/vendor/illuminate/view/View.php(160): Illuminate\View\View->renderContents()
#7 /var/www/html/wp-content/cache/acorn/framework/views/617e30010d820396594bf08fe321aa94.php(5): Illuminate\View\View->render()
#8 /var/www/html/wp-content/themes/reyjesuspf/vendor/illuminate/filesystem/Filesystem.php(123): require('/var/www/html/w...')
#9 /var/www/html/wp-content/themes/reyjesuspf/vendor/illuminate/filesystem/Filesystem.php(124): Illuminate\Filesystem\Filesystem::Illuminate\Filesystem\{closure}()
#10 /var/www/html/wp-content/themes/reyjesuspf/vendor/illuminate/view/Engines/PhpEngine.php(57): Illuminate\Filesystem\Filesystem->getRequire('/var/www/html/w...', Array)
#11 /var/www/html/wp-content/themes/reyjesuspf/vendor/illuminate/view/Engines/CompilerEngine.php(74): Illuminate\View\Engines\PhpEngine->evaluatePath('/var/www/html/w...', Array)
#12 /var/www/html/wp-content/themes/reyjesuspf/vendor/illuminate/view/View.php(208): Illuminate\View\Engines\CompilerEngine->get('/var/www/html/w...', Array)
#13 /var/www/html/wp-content/themes/reyjesuspf/vendor/illuminate/view/View.php(191): Illuminate\View\View->getContents()
#14 /var/www/html/wp-content/themes/reyjesuspf/vendor/illuminate/view/View.php(160): Illuminate\View\View->renderContents()
#15 /var/www/html/wp-content/themes/reyjesuspf/index.php(3): Illuminate\View\View->render()
#16 /var/www/html/wp-includes/template-loader.php(106): include('/var/www/html/w...')
#17 /var/www/html/wp-blog-header.php(19): require_once('/var/www/html/w...')
#18 /var/www/html/index.php(17): require('/var/www/html/w...')
#19 {main}

Next Illuminate\View\ViewException: Cannot access offset of type string on string (View: /var/www/html/wp-content/themes/reyjesuspf/resources/views/partials/Seccioneventospage/speakerspage/speakers.blade.php) in /var/www/html/wp-content/cache/acorn/framework/views/089e310eed4ed164b47aebb771fd93c4.php:40
Stack trace:
#0 /var/www/html/wp-content/themes/reyjesuspf/vendor/illuminate/view/Engines/PhpEngine.php(59): Illuminate\View\Engines\CompilerEngine->handleViewException(Object(TypeError), 2)
#1 /var/www/html/wp-content/themes/reyjesuspf/vendor/illuminate/view/Engines/CompilerEngine.php(74): Illuminate\View\Engines\PhpEngine->evaluatePath('/var/www/html/w...', Array)
#2 /var/www/html/wp-content/themes/reyjesuspf/vendor/illuminate/view/View.php(208): Illuminate\View\Engines\CompilerEngine->get('/var/www/html/w...', Array)
#3 /var/www/html/wp-content/themes/reyjesuspf/vendor/illuminate/view/View.php(191): Illuminate\View\View->getContents()
#4 /var/www/html/wp-content/themes/reyjesuspf/vendor/illuminate/view/View.php(160): Illuminate\View\View->renderContents()
#5 /var/www/html/wp-content/cache/acorn/framework/views/617e30010d820396594bf08fe321aa94.php(5): Illuminate\View\View->render()
#6 /var/www/html/wp-content/themes/reyjesuspf/vendor/illuminate/filesystem/Filesystem.php(123): require('/var/www/html/w...')
#7 /var/www/html/wp-content/themes/reyjesuspf/vendor/illuminate/filesystem/Filesystem.php(124): Illuminate\Filesystem\Filesystem::Illuminate\Filesystem\{closure}()
#8 /var/www/html/wp-content/themes/reyjesuspf/vendor/illuminate/view/Engines/PhpEngine.php(57): Illuminate\Filesystem\Filesystem->getRequire('/var/www/html/w...', Array)
#9 /var/www/html/wp-content/themes/reyjesuspf/vendor/illuminate/view/Engines/CompilerEngine.php(74): Illuminate\View\Engines\PhpEngine->evaluatePath('/var/www/html/w...', Array)
#10 /var/www/html/wp-content/themes/reyjesuspf/vendor/illuminate/view/View.php(208): Illuminate\View\Engines\CompilerEngine->get('/var/www/html/w...', Array)
#11 /var/www/html/wp-content/themes/reyjesuspf/vendor/illuminate/view/View.php(191): Illuminate\View\View->getContents()
#12 /var/www/html/wp-content/themes/reyjesuspf/vendor/illuminate/view/View.php(160): Illuminate\View\View->renderContents()
#13 /var/www/html/wp-content/themes/reyjesuspf/index.php(3): Illuminate\View\View->render()
#14 /var/www/html/wp-includes/template-loader.php(106): include('/var/www/html/w...')
#15 /var/www/html/wp-blog-header.php(19): require_once('/var/www/html/w...')
#16 /var/www/html/index.php(17): require('/var/www/html/w...')
#17 {main}

Next Illuminate\View\ViewException: Cannot access offset of type string on string (View: /var/www/html/wp-content/themes/reyjesuspf/resources/views/partials/Seccioneventospage/speakerspage/speakers.blade.php) (View: /var/www/html/wp-content/themes/reyjesuspf/resources/views/partials/Seccioneventospage/speakerspage/speakers.blade.php) in /var/www/html/wp-content/cache/acorn/framework/views/089e310eed4ed164b47aebb771fd93c4.php:40
Stack trace:
#0 /var/www/html/wp-content/themes/reyjesuspf/vendor/illuminate/view/Engines/PhpEngine.php(59): Illuminate\View\Engines\CompilerEngine->handleViewException(Object(Illuminate\View\ViewException), 0)
#1 /var/www/html/wp-content/themes/reyjesuspf/vendor/illuminate/view/Engines/CompilerEngine.php(74): Illuminate\View\Engines\PhpEngine->evaluatePath('/var/www/html/w...', Array)
#2 /var/www/html/wp-content/themes/reyjesuspf/vendor/illuminate/view/View.php(208): Illuminate\View\Engines\CompilerEngine->get('/var/www/html/w...', Array)
#3 /var/www/html/wp-content/themes/reyjesuspf/vendor/illuminate/view/View.php(191): Illuminate\View\View->getContents()
#4 /var/www/html/wp-content/themes/reyjesuspf/vendor/illuminate/view/View.php(160): Illuminate\View\View->renderContents()
#5 /var/www/html/wp-content/themes/reyjesuspf/index.php(3): Illuminate\View\View->render()
#6 /var/www/html/wp-includes/template-loader.php(106): include('/var/www/html/w...')
#7 /var/www/html/wp-blog-header.php(19): require_once('/var/www/html/w...')
#8 /var/www/html/index.php(17): require('/var/www/html/w...')
#9 {main}
  thrown in /var/www/html/wp-content/cache/acorn/framework/views/089e310eed4ed164b47aebb771fd93c4.php on line 40
[30-Jul-2025 23:27:51 UTC] PHP Fatal error:  Uncaught TypeError: Cannot access offset of type string on string in /var/www/html/wp-content/cache/acorn/framework/views/089e310eed4ed164b47aebb771fd93c4.php:40
Stack trace:
#0 /var/www/html/wp-content/themes/reyjesuspf/vendor/illuminate/filesystem/Filesystem.php(123): require()
#1 /var/www/html/wp-content/themes/reyjesuspf/vendor/illuminate/filesystem/Filesystem.php(124): Illuminate\Filesystem\Filesystem::Illuminate\Filesystem\{closure}()
#2 /var/www/html/wp-content/themes/reyjesuspf/vendor/illuminate/view/Engines/PhpEngine.php(57): Illuminate\Filesystem\Filesystem->getRequire('/var/www/html/w...', Array)
#3 /var/www/html/wp-content/themes/reyjesuspf/vendor/illuminate/view/Engines/CompilerEngine.php(74): Illuminate\View\Engines\PhpEngine->evaluatePath('/var/www/html/w...', Array)
#4 /var/www/html/wp-content/themes/reyjesuspf/vendor/illuminate/view/View.php(208): Illuminate\View\Engines\CompilerEngine->get('/var/www/html/w...', Array)
#5 /var/www/html/wp-content/themes/reyjesuspf/vendor/illuminate/view/View.php(191): Illuminate\View\View->getContents()
#6 /var/www/html/wp-content/themes/reyjesuspf/vendor/illuminate/view/View.php(160): Illuminate\View\View->renderContents()
#7 /var/www/html/wp-content/cache/acorn/framework/views/617e30010d820396594bf08fe321aa94.php(5): Illuminate\View\View->render()
#8 /var/www/html/wp-content/themes/reyjesuspf/vendor/illuminate/filesystem/Filesystem.php(123): require('/var/www/html/w...')
#9 /var/www/html/wp-content/themes/reyjesuspf/vendor/illuminate/filesystem/Filesystem.php(124): Illuminate\Filesystem\Filesystem::Illuminate\Filesystem\{closure}()
#10 /var/www/html/wp-content/themes/reyjesuspf/vendor/illuminate/view/Engines/PhpEngine.php(57): Illuminate\Filesystem\Filesystem->getRequire('/var/www/html/w...', Array)
#11 /var/www/html/wp-content/themes/reyjesuspf/vendor/illuminate/view/Engines/CompilerEngine.php(74): Illuminate\View\Engines\PhpEngine->evaluatePath('/var/www/html/w...', Array)
#12 /var/www/html/wp-content/themes/reyjesuspf/vendor/illuminate/view/View.php(208): Illuminate\View\Engines\CompilerEngine->get('/var/www/html/w...', Array)
#13 /var/www/html/wp-content/themes/reyjesuspf/vendor/illuminate/view/View.php(191): Illuminate\View\View->getContents()
#14 /var/www/html/wp-content/themes/reyjesuspf/vendor/illuminate/view/View.php(160): Illuminate\View\View->renderContents()
#15 /var/www/html/wp-content/themes/reyjesuspf/index.php(3): Illuminate\View\View->render()
#16 /var/www/html/wp-includes/template-loader.php(106): include('/var/www/html/w...')
#17 /var/www/html/wp-blog-header.php(19): require_once('/var/www/html/w...')
#18 /var/www/html/index.php(17): require('/var/www/html/w...')
#19 {main}

Next Illuminate\View\ViewException: Cannot access offset of type string on string (View: /var/www/html/wp-content/themes/reyjesuspf/resources/views/partials/Seccioneventospage/speakerspage/speakers.blade.php) in /var/www/html/wp-content/cache/acorn/framework/views/089e310eed4ed164b47aebb771fd93c4.php:40
Stack trace:
#0 /var/www/html/wp-content/themes/reyjesuspf/vendor/illuminate/view/Engines/PhpEngine.php(59): Illuminate\View\Engines\CompilerEngine->handleViewException(Object(TypeError), 2)
#1 /var/www/html/wp-content/themes/reyjesuspf/vendor/illuminate/view/Engines/CompilerEngine.php(74): Illuminate\View\Engines\PhpEngine->evaluatePath('/var/www/html/w...', Array)
#2 /var/www/html/wp-content/themes/reyjesuspf/vendor/illuminate/view/View.php(208): Illuminate\View\Engines\CompilerEngine->get('/var/www/html/w...', Array)
#3 /var/www/html/wp-content/themes/reyjesuspf/vendor/illuminate/view/View.php(191): Illuminate\View\View->getContents()
#4 /var/www/html/wp-content/themes/reyjesuspf/vendor/illuminate/view/View.php(160): Illuminate\View\View->renderContents()
#5 /var/www/html/wp-content/cache/acorn/framework/views/617e30010d820396594bf08fe321aa94.php(5): Illuminate\View\View->render()
#6 /var/www/html/wp-content/themes/reyjesuspf/vendor/illuminate/filesystem/Filesystem.php(123): require('/var/www/html/w...')
#7 /var/www/html/wp-content/themes/reyjesuspf/vendor/illuminate/filesystem/Filesystem.php(124): Illuminate\Filesystem\Filesystem::Illuminate\Filesystem\{closure}()
#8 /var/www/html/wp-content/themes/reyjesuspf/vendor/illuminate/view/Engines/PhpEngine.php(57): Illuminate\Filesystem\Filesystem->getRequire('/var/www/html/w...', Array)
#9 /var/www/html/wp-content/themes/reyjesuspf/vendor/illuminate/view/Engines/CompilerEngine.php(74): Illuminate\View\Engines\PhpEngine->evaluatePath('/var/www/html/w...', Array)
#10 /var/www/html/wp-content/themes/reyjesuspf/vendor/illuminate/view/View.php(208): Illuminate\View\Engines\CompilerEngine->get('/var/www/html/w...', Array)
#11 /var/www/html/wp-content/themes/reyjesuspf/vendor/illuminate/view/View.php(191): Illuminate\View\View->getContents()
#12 /var/www/html/wp-content/themes/reyjesuspf/vendor/illuminate/view/View.php(160): Illuminate\View\View->renderContents()
#13 /var/www/html/wp-content/themes/reyjesuspf/index.php(3): Illuminate\View\View->render()
#14 /var/www/html/wp-includes/template-loader.php(106): include('/var/www/html/w...')
#15 /var/www/html/wp-blog-header.php(19): require_once('/var/www/html/w...')
#16 /var/www/html/index.php(17): require('/var/www/html/w...')
#17 {main}

Next Illuminate\View\ViewException: Cannot access offset of type string on string (View: /var/www/html/wp-content/themes/reyjesuspf/resources/views/partials/Seccioneventospage/speakerspage/speakers.blade.php) (View: /var/www/html/wp-content/themes/reyjesuspf/resources/views/partials/Seccioneventospage/speakerspage/speakers.blade.php) in /var/www/html/wp-content/cache/acorn/framework/views/089e310eed4ed164b47aebb771fd93c4.php:40
Stack trace:
#0 /var/www/html/wp-content/themes/reyjesuspf/vendor/illuminate/view/Engines/PhpEngine.php(59): Illuminate\View\Engines\CompilerEngine->handleViewException(Object(Illuminate\View\ViewException), 0)
#1 /var/www/html/wp-content/themes/reyjesuspf/vendor/illuminate/view/Engines/CompilerEngine.php(74): Illuminate\View\Engines\PhpEngine->evaluatePath('/var/www/html/w...', Array)
#2 /var/www/html/wp-content/themes/reyjesuspf/vendor/illuminate/view/View.php(208): Illuminate\View\Engines\CompilerEngine->get('/var/www/html/w...', Array)
#3 /var/www/html/wp-content/themes/reyjesuspf/vendor/illuminate/view/View.php(191): Illuminate\View\View->getContents()
#4 /var/www/html/wp-content/themes/reyjesuspf/vendor/illuminate/view/View.php(160): Illuminate\View\View->renderContents()
#5 /var/www/html/wp-content/themes/reyjesuspf/index.php(3): Illuminate\View\View->render()
#6 /var/www/html/wp-includes/template-loader.php(106): include('/var/www/html/w...')
#7 /var/www/html/wp-blog-header.php(19): require_once('/var/www/html/w...')
#8 /var/www/html/index.php(17): require('/var/www/html/w...')
#9 {main}
  thrown in /var/www/html/wp-content/cache/acorn/framework/views/089e310eed4ed164b47aebb771fd93c4.php on line 40
[30-Jul-2025 23:29:16 UTC] PHP Fatal error:  Uncaught TypeError: ltrim(): Argument #1 ($string) must be of type string, array given in /var/www/html/wp-includes/formatting.php:4486
Stack trace:
#0 /var/www/html/wp-includes/formatting.php(4486): ltrim(Array)
#1 /var/www/html/wp-content/cache/acorn/framework/views/089e310eed4ed164b47aebb771fd93c4.php(63): esc_url(Array)
#2 /var/www/html/wp-content/themes/reyjesuspf/vendor/illuminate/filesystem/Filesystem.php(123): require('/var/www/html/w...')
#3 /var/www/html/wp-content/themes/reyjesuspf/vendor/illuminate/filesystem/Filesystem.php(124): Illuminate\Filesystem\Filesystem::Illuminate\Filesystem\{closure}()
#4 /var/www/html/wp-content/themes/reyjesuspf/vendor/illuminate/view/Engines/PhpEngine.php(57): Illuminate\Filesystem\Filesystem->getRequire('/var/www/html/w...', Array)
#5 /var/www/html/wp-content/themes/reyjesuspf/vendor/illuminate/view/Engines/CompilerEngine.php(74): Illuminate\View\Engines\PhpEngine->evaluatePath('/var/www/html/w...', Array)
#6 /var/www/html/wp-content/themes/reyjesuspf/vendor/illuminate/view/View.php(208): Illuminate\View\Engines\CompilerEngine->get('/var/www/html/w...', Array)
#7 /var/www/html/wp-content/themes/reyjesuspf/vendor/illuminate/view/View.php(191): Illuminate\View\View->getContents()
#8 /var/www/html/wp-content/themes/reyjesuspf/vendor/illuminate/view/View.php(160): Illuminate\View\View->renderContents()
#9 /var/www/html/wp-content/cache/acorn/framework/views/617e30010d820396594bf08fe321aa94.php(5): Illuminate\View\View->render()
#10 /var/www/html/wp-content/themes/reyjesuspf/vendor/illuminate/filesystem/Filesystem.php(123): require('/var/www/html/w...')
#11 /var/www/html/wp-content/themes/reyjesuspf/vendor/illuminate/filesystem/Filesystem.php(124): Illuminate\Filesystem\Filesystem::Illuminate\Filesystem\{closure}()
#12 /var/www/html/wp-content/themes/reyjesuspf/vendor/illuminate/view/Engines/PhpEngine.php(57): Illuminate\Filesystem\Filesystem->getRequire('/var/www/html/w...', Array)
#13 /var/www/html/wp-content/themes/reyjesuspf/vendor/illuminate/view/Engines/CompilerEngine.php(74): Illuminate\View\Engines\PhpEngine->evaluatePath('/var/www/html/w...', Array)
#14 /var/www/html/wp-content/themes/reyjesuspf/vendor/illuminate/view/View.php(208): Illuminate\View\Engines\CompilerEngine->get('/var/www/html/w...', Array)
#15 /var/www/html/wp-content/themes/reyjesuspf/vendor/illuminate/view/View.php(191): Illuminate\View\View->getContents()
#16 /var/www/html/wp-content/themes/reyjesuspf/vendor/illuminate/view/View.php(160): Illuminate\View\View->renderContents()
#17 /var/www/html/wp-content/themes/reyjesuspf/index.php(3): Illuminate\View\View->render()
#18 /var/www/html/wp-includes/template-loader.php(106): include('/var/www/html/w...')
#19 /var/www/html/wp-blog-header.php(19): require_once('/var/www/html/w...')
#20 /var/www/html/index.php(17): require('/var/www/html/w...')
#21 {main}

Next Illuminate\View\ViewException: ltrim(): Argument #1 ($string) must be of type string, array given (View: /var/www/html/wp-content/themes/reyjesuspf/resources/views/partials/Seccioneventospage/speakerspage/speakers.blade.php) in /var/www/html/wp-includes/formatting.php:4486
Stack trace:
#0 /var/www/html/wp-content/themes/reyjesuspf/vendor/illuminate/view/Engines/PhpEngine.php(59): Illuminate\View\Engines\CompilerEngine->handleViewException(Object(TypeError), 2)
#1 /var/www/html/wp-content/themes/reyjesuspf/vendor/illuminate/view/Engines/CompilerEngine.php(74): Illuminate\View\Engines\PhpEngine->evaluatePath('/var/www/html/w...', Array)
#2 /var/www/html/wp-content/themes/reyjesuspf/vendor/illuminate/view/View.php(208): Illuminate\View\Engines\CompilerEngine->get('/var/www/html/w...', Array)
#3 /var/www/html/wp-content/themes/reyjesuspf/vendor/illuminate/view/View.php(191): Illuminate\View\View->getContents()
#4 /var/www/html/wp-content/themes/reyjesuspf/vendor/illuminate/view/View.php(160): Illuminate\View\View->renderContents()
#5 /var/www/html/wp-content/cache/acorn/framework/views/617e30010d820396594bf08fe321aa94.php(5): Illuminate\View\View->render()
#6 /var/www/html/wp-content/themes/reyjesuspf/vendor/illuminate/filesystem/Filesystem.php(123): require('/var/www/html/w...')
#7 /var/www/html/wp-content/themes/reyjesuspf/vendor/illuminate/filesystem/Filesystem.php(124): Illuminate\Filesystem\Filesystem::Illuminate\Filesystem\{closure}()
#8 /var/www/html/wp-content/themes/reyjesuspf/vendor/illuminate/view/Engines/PhpEngine.php(57): Illuminate\Filesystem\Filesystem->getRequire('/var/www/html/w...', Array)
#9 /var/www/html/wp-content/themes/reyjesuspf/vendor/illuminate/view/Engines/CompilerEngine.php(74): Illuminate\View\Engines\PhpEngine->evaluatePath('/var/www/html/w...', Array)
#10 /var/www/html/wp-content/themes/reyjesuspf/vendor/illuminate/view/View.php(208): Illuminate\View\Engines\CompilerEngine->get('/var/www/html/w...', Array)
#11 /var/www/html/wp-content/themes/reyjesuspf/vendor/illuminate/view/View.php(191): Illuminate\View\View->getContents()
#12 /var/www/html/wp-content/themes/reyjesuspf/vendor/illuminate/view/View.php(160): Illuminate\View\View->renderContents()
#13 /var/www/html/wp-content/themes/reyjesuspf/index.php(3): Illuminate\View\View->render()
#14 /var/www/html/wp-includes/template-loader.php(106): include('/var/www/html/w...')
#15 /var/www/html/wp-blog-header.php(19): require_once('/var/www/html/w...')
#16 /var/www/html/index.php(17): require('/var/www/html/w...')
#17 {main}

Next Illuminate\View\ViewException: ltrim(): Argument #1 ($string) must be of type string, array given (View: /var/www/html/wp-content/themes/reyjesuspf/resources/views/partials/Seccioneventospage/speakerspage/speakers.blade.php) (View: /var/www/html/wp-content/themes/reyjesuspf/resources/views/partials/Seccioneventospage/speakerspage/speakers.blade.php) in /var/www/html/wp-includes/formatting.php:4486
Stack trace:
#0 /var/www/html/wp-content/themes/reyjesuspf/vendor/illuminate/view/Engines/PhpEngine.php(59): Illuminate\View\Engines\CompilerEngine->handleViewException(Object(Illuminate\View\ViewException), 0)
#1 /var/www/html/wp-content/themes/reyjesuspf/vendor/illuminate/view/Engines/CompilerEngine.php(74): Illuminate\View\Engines\PhpEngine->evaluatePath('/var/www/html/w...', Array)
#2 /var/www/html/wp-content/themes/reyjesuspf/vendor/illuminate/view/View.php(208): Illuminate\View\Engines\CompilerEngine->get('/var/www/html/w...', Array)
#3 /var/www/html/wp-content/themes/reyjesuspf/vendor/illuminate/view/View.php(191): Illuminate\View\View->getContents()
#4 /var/www/html/wp-content/themes/reyjesuspf/vendor/illuminate/view/View.php(160): Illuminate\View\View->renderContents()
#5 /var/www/html/wp-content/themes/reyjesuspf/index.php(3): Illuminate\View\View->render()
#6 /var/www/html/wp-includes/template-loader.php(106): include('/var/www/html/w...')
#7 /var/www/html/wp-blog-header.php(19): require_once('/var/www/html/w...')
#8 /var/www/html/index.php(17): require('/var/www/html/w...')
#9 {main}
  thrown in /var/www/html/wp-includes/formatting.php on line 4486
[30-Jul-2025 23:35:44 UTC] PHP Warning:  Undefined variable $instagram_ur in /var/www/html/wp-content/cache/acorn/framework/views/089e310eed4ed164b47aebb771fd93c4.php on line 63
[30-Jul-2025 23:35:48 UTC] PHP Warning:  Undefined variable $instagram_ur in /var/www/html/wp-content/cache/acorn/framework/views/089e310eed4ed164b47aebb771fd93c4.php on line 63
[31-Jul-2025 20:21:05 UTC] PHP Warning:  Undefined array key "url" in /var/www/html/wp-content/cache/acorn/framework/views/05b34d8c12b82f11290c5f75c5139ee3.php on line 67
[31-Jul-2025 20:21:05 UTC] PHP Warning:  Undefined array key "alt" in /var/www/html/wp-content/cache/acorn/framework/views/05b34d8c12b82f11290c5f75c5139ee3.php on line 67
[31-Jul-2025 20:21:05 UTC] PHP Warning:  Undefined array key "sizes" in /var/www/html/wp-content/cache/acorn/framework/views/05b34d8c12b82f11290c5f75c5139ee3.php on line 89
[31-Jul-2025 20:21:05 UTC] PHP Warning:  Trying to access array offset on null in /var/www/html/wp-content/cache/acorn/framework/views/05b34d8c12b82f11290c5f75c5139ee3.php on line 89
[31-Jul-2025 20:21:05 UTC] PHP Warning:  Undefined array key "alt" in /var/www/html/wp-content/cache/acorn/framework/views/05b34d8c12b82f11290c5f75c5139ee3.php on line 89
[31-Jul-2025 20:21:05 UTC] PHP Warning:  Undefined array key "sizes" in /var/www/html/wp-content/cache/acorn/framework/views/05b34d8c12b82f11290c5f75c5139ee3.php on line 89
[31-Jul-2025 20:21:05 UTC] PHP Warning:  Trying to access array offset on null in /var/www/html/wp-content/cache/acorn/framework/views/05b34d8c12b82f11290c5f75c5139ee3.php on line 89
[31-Jul-2025 20:21:05 UTC] PHP Warning:  Undefined array key "alt" in /var/www/html/wp-content/cache/acorn/framework/views/05b34d8c12b82f11290c5f75c5139ee3.php on line 89
[31-Jul-2025 20:21:05 UTC] PHP Warning:  Undefined array key "sizes" in /var/www/html/wp-content/cache/acorn/framework/views/05b34d8c12b82f11290c5f75c5139ee3.php on line 89
[31-Jul-2025 20:21:05 UTC] PHP Warning:  Trying to access array offset on null in /var/www/html/wp-content/cache/acorn/framework/views/05b34d8c12b82f11290c5f75c5139ee3.php on line 89
[31-Jul-2025 20:21:05 UTC] PHP Warning:  Undefined array key "alt" in /var/www/html/wp-content/cache/acorn/framework/views/05b34d8c12b82f11290c5f75c5139ee3.php on line 89
[31-Jul-2025 20:21:05 UTC] PHP Warning:  Undefined array key "sizes" in /var/www/html/wp-content/cache/acorn/framework/views/05b34d8c12b82f11290c5f75c5139ee3.php on line 89
[31-Jul-2025 20:21:05 UTC] PHP Warning:  Trying to access array offset on null in /var/www/html/wp-content/cache/acorn/framework/views/05b34d8c12b82f11290c5f75c5139ee3.php on line 89
[31-Jul-2025 20:21:05 UTC] PHP Warning:  Undefined array key "alt" in /var/www/html/wp-content/cache/acorn/framework/views/05b34d8c12b82f11290c5f75c5139ee3.php on line 89
[31-Jul-2025 20:21:05 UTC] PHP Warning:  Undefined array key "sizes" in /var/www/html/wp-content/cache/acorn/framework/views/05b34d8c12b82f11290c5f75c5139ee3.php on line 89
[31-Jul-2025 20:21:05 UTC] PHP Warning:  Trying to access array offset on null in /var/www/html/wp-content/cache/acorn/framework/views/05b34d8c12b82f11290c5f75c5139ee3.php on line 89
[31-Jul-2025 20:21:05 UTC] PHP Warning:  Undefined array key "alt" in /var/www/html/wp-content/cache/acorn/framework/views/05b34d8c12b82f11290c5f75c5139ee3.php on line 89
[31-Jul-2025 20:21:05 UTC] PHP Warning:  Undefined array key "sizes" in /var/www/html/wp-content/cache/acorn/framework/views/05b34d8c12b82f11290c5f75c5139ee3.php on line 89
[31-Jul-2025 20:21:05 UTC] PHP Warning:  Trying to access array offset on null in /var/www/html/wp-content/cache/acorn/framework/views/05b34d8c12b82f11290c5f75c5139ee3.php on line 89
[31-Jul-2025 20:21:05 UTC] PHP Warning:  Undefined array key "alt" in /var/www/html/wp-content/cache/acorn/framework/views/05b34d8c12b82f11290c5f75c5139ee3.php on line 89
[31-Jul-2025 20:21:05 UTC] PHP Warning:  Undefined array key "sizes" in /var/www/html/wp-content/cache/acorn/framework/views/05b34d8c12b82f11290c5f75c5139ee3.php on line 89
[31-Jul-2025 20:21:05 UTC] PHP Warning:  Trying to access array offset on null in /var/www/html/wp-content/cache/acorn/framework/views/05b34d8c12b82f11290c5f75c5139ee3.php on line 89
[31-Jul-2025 20:21:05 UTC] PHP Warning:  Undefined array key "alt" in /var/www/html/wp-content/cache/acorn/framework/views/05b34d8c12b82f11290c5f75c5139ee3.php on line 89
[31-Jul-2025 20:21:05 UTC] PHP Warning:  Undefined array key "sizes" in /var/www/html/wp-content/cache/acorn/framework/views/05b34d8c12b82f11290c5f75c5139ee3.php on line 89
[31-Jul-2025 20:21:05 UTC] PHP Warning:  Trying to access array offset on null in /var/www/html/wp-content/cache/acorn/framework/views/05b34d8c12b82f11290c5f75c5139ee3.php on line 89
[31-Jul-2025 20:21:05 UTC] PHP Warning:  Undefined array key "alt" in /var/www/html/wp-content/cache/acorn/framework/views/05b34d8c12b82f11290c5f75c5139ee3.php on line 89
[31-Jul-2025 20:21:05 UTC] PHP Warning:  Undefined array key "sizes" in /var/www/html/wp-content/cache/acorn/framework/views/05b34d8c12b82f11290c5f75c5139ee3.php on line 89
[31-Jul-2025 20:21:05 UTC] PHP Warning:  Trying to access array offset on null in /var/www/html/wp-content/cache/acorn/framework/views/05b34d8c12b82f11290c5f75c5139ee3.php on line 89
[31-Jul-2025 20:21:05 UTC] PHP Warning:  Undefined array key "alt" in /var/www/html/wp-content/cache/acorn/framework/views/05b34d8c12b82f11290c5f75c5139ee3.php on line 89
[31-Jul-2025 20:26:36 UTC] PHP Warning:  Undefined array key 0 in /var/www/html/wp-content/cache/acorn/framework/views/05b34d8c12b82f11290c5f75c5139ee3.php on line 33
[31-Jul-2025 20:26:36 UTC] PHP Warning:  Trying to access array offset on null in /var/www/html/wp-content/cache/acorn/framework/views/05b34d8c12b82f11290c5f75c5139ee3.php on line 33
[31-Jul-2025 20:26:36 UTC] PHP Warning:  Trying to access array offset on int in /var/www/html/wp-content/cache/acorn/framework/views/05b34d8c12b82f11290c5f75c5139ee3.php on line 49
[31-Jul-2025 20:26:36 UTC] PHP Warning:  Trying to access array offset on null in /var/www/html/wp-content/cache/acorn/framework/views/05b34d8c12b82f11290c5f75c5139ee3.php on line 49
[31-Jul-2025 20:26:36 UTC] PHP Warning:  Trying to access array offset on int in /var/www/html/wp-content/cache/acorn/framework/views/05b34d8c12b82f11290c5f75c5139ee3.php on line 49
[31-Jul-2025 20:26:36 UTC] PHP Warning:  Trying to access array offset on null in /var/www/html/wp-content/cache/acorn/framework/views/05b34d8c12b82f11290c5f75c5139ee3.php on line 49
[31-Jul-2025 20:26:36 UTC] PHP Fatal error:  Uncaught TypeError: Cannot access offset of type string on string in /var/www/html/wp-content/cache/acorn/framework/views/05b34d8c12b82f11290c5f75c5139ee3.php:49
Stack trace:
#0 /var/www/html/wp-content/themes/reyjesuspf/vendor/illuminate/filesystem/Filesystem.php(123): require()
#1 /var/www/html/wp-content/themes/reyjesuspf/vendor/illuminate/filesystem/Filesystem.php(124): Illuminate\Filesystem\Filesystem::Illuminate\Filesystem\{closure}()
#2 /var/www/html/wp-content/themes/reyjesuspf/vendor/illuminate/view/Engines/PhpEngine.php(57): Illuminate\Filesystem\Filesystem->getRequire('/var/www/html/w...', Array)
#3 /var/www/html/wp-content/themes/reyjesuspf/vendor/illuminate/view/Engines/CompilerEngine.php(74): Illuminate\View\Engines\PhpEngine->evaluatePath('/var/www/html/w...', Array)
#4 /var/www/html/wp-content/themes/reyjesuspf/vendor/illuminate/view/View.php(208): Illuminate\View\Engines\CompilerEngine->get('/var/www/html/w...', Array)
#5 /var/www/html/wp-content/themes/reyjesuspf/vendor/illuminate/view/View.php(191): Illuminate\View\View->getContents()
#6 /var/www/html/wp-content/themes/reyjesuspf/vendor/illuminate/view/View.php(160): Illuminate\View\View->renderContents()
#7 /var/www/html/wp-content/cache/acorn/framework/views/dc966d021c38ce71e1a26dd8bc910081.php(9): Illuminate\View\View->render()
#8 /var/www/html/wp-content/themes/reyjesuspf/vendor/illuminate/filesystem/Filesystem.php(123): require('/var/www/html/w...')
#9 /var/www/html/wp-content/themes/reyjesuspf/vendor/illuminate/filesystem/Filesystem.php(124): Illuminate\Filesystem\Filesystem::Illuminate\Filesystem\{closure}()
#10 /var/www/html/wp-content/themes/reyjesuspf/vendor/illuminate/view/Engines/PhpEngine.php(57): Illuminate\Filesystem\Filesystem->getRequire('/var/www/html/w...', Array)
#11 /var/www/html/wp-content/themes/reyjesuspf/vendor/illuminate/view/Engines/CompilerEngine.php(74): Illuminate\View\Engines\PhpEngine->evaluatePath('/var/www/html/w...', Array)
#12 /var/www/html/wp-content/themes/reyjesuspf/vendor/illuminate/view/View.php(208): Illuminate\View\Engines\CompilerEngine->get('/var/www/html/w...', Array)
#13 /var/www/html/wp-content/themes/reyjesuspf/vendor/illuminate/view/View.php(191): Illuminate\View\View->getContents()
#14 /var/www/html/wp-content/themes/reyjesuspf/vendor/illuminate/view/View.php(160): Illuminate\View\View->renderContents()
#15 /var/www/html/wp-content/themes/reyjesuspf/index.php(3): Illuminate\View\View->render()
#16 /var/www/html/wp-includes/template-loader.php(106): include('/var/www/html/w...')
#17 /var/www/html/wp-blog-header.php(19): require_once('/var/www/html/w...')
#18 /var/www/html/index.php(17): require('/var/www/html/w...')
#19 {main}

Next Illuminate\View\ViewException: Cannot access offset of type string on string (View: /var/www/html/wp-content/themes/reyjesuspf/resources/views/partials/Yoconstruyo/fotostemplopage/fotostemplo.blade.php) in /var/www/html/wp-content/cache/acorn/framework/views/05b34d8c12b82f11290c5f75c5139ee3.php:49
Stack trace:
#0 /var/www/html/wp-content/themes/reyjesuspf/vendor/illuminate/view/Engines/PhpEngine.php(59): Illuminate\View\Engines\CompilerEngine->handleViewException(Object(TypeError), 2)
#1 /var/www/html/wp-content/themes/reyjesuspf/vendor/illuminate/view/Engines/CompilerEngine.php(74): Illuminate\View\Engines\PhpEngine->evaluatePath('/var/www/html/w...', Array)
#2 /var/www/html/wp-content/themes/reyjesuspf/vendor/illuminate/view/View.php(208): Illuminate\View\Engines\CompilerEngine->get('/var/www/html/w...', Array)
#3 /var/www/html/wp-content/themes/reyjesuspf/vendor/illuminate/view/View.php(191): Illuminate\View\View->getContents()
#4 /var/www/html/wp-content/themes/reyjesuspf/vendor/illuminate/view/View.php(160): Illuminate\View\View->renderContents()
#5 /var/www/html/wp-content/cache/acorn/framework/views/dc966d021c38ce71e1a26dd8bc910081.php(9): Illuminate\View\View->render()
#6 /var/www/html/wp-content/themes/reyjesuspf/vendor/illuminate/filesystem/Filesystem.php(123): require('/var/www/html/w...')
#7 /var/www/html/wp-content/themes/reyjesuspf/vendor/illuminate/filesystem/Filesystem.php(124): Illuminate\Filesystem\Filesystem::Illuminate\Filesystem\{closure}()
#8 /var/www/html/wp-content/themes/reyjesuspf/vendor/illuminate/view/Engines/PhpEngine.php(57): Illuminate\Filesystem\Filesystem->getRequire('/var/www/html/w...', Array)
#9 /var/www/html/wp-content/themes/reyjesuspf/vendor/illuminate/view/Engines/CompilerEngine.php(74): Illuminate\View\Engines\PhpEngine->evaluatePath('/var/www/html/w...', Array)
#10 /var/www/html/wp-content/themes/reyjesuspf/vendor/illuminate/view/View.php(208): Illuminate\View\Engines\CompilerEngine->get('/var/www/html/w...', Array)
#11 /var/www/html/wp-content/themes/reyjesuspf/vendor/illuminate/view/View.php(191): Illuminate\View\View->getContents()
#12 /var/www/html/wp-content/themes/reyjesuspf/vendor/illuminate/view/View.php(160): Illuminate\View\View->renderContents()
#13 /var/www/html/wp-content/themes/reyjesuspf/index.php(3): Illuminate\View\View->render()
#14 /var/www/html/wp-includes/template-loader.php(106): include('/var/www/html/w...')
#15 /var/www/html/wp-blog-header.php(19): require_once('/var/www/html/w...')
#16 /var/www/html/index.php(17): require('/var/www/html/w...')
#17 {main}

Next Illuminate\View\ViewException: Cannot access offset of type string on string (View: /var/www/html/wp-content/themes/reyjesuspf/resources/views/partials/Yoconstruyo/fotostemplopage/fotostemplo.blade.php) (View: /var/www/html/wp-content/themes/reyjesuspf/resources/views/partials/Yoconstruyo/fotostemplopage/fotostemplo.blade.php) in /var/www/html/wp-content/cache/acorn/framework/views/05b34d8c12b82f11290c5f75c5139ee3.php:49
Stack trace:
#0 /var/www/html/wp-content/themes/reyjesuspf/vendor/illuminate/view/Engines/PhpEngine.php(59): Illuminate\View\Engines\CompilerEngine->handleViewException(Object(Illuminate\View\ViewException), 0)
#1 /var/www/html/wp-content/themes/reyjesuspf/vendor/illuminate/view/Engines/CompilerEngine.php(74): Illuminate\View\Engines\PhpEngine->evaluatePath('/var/www/html/w...', Array)
#2 /var/www/html/wp-content/themes/reyjesuspf/vendor/illuminate/view/View.php(208): Illuminate\View\Engines\CompilerEngine->get('/var/www/html/w...', Array)
#3 /var/www/html/wp-content/themes/reyjesuspf/vendor/illuminate/view/View.php(191): Illuminate\View\View->getContents()
#4 /var/www/html/wp-content/themes/reyjesuspf/vendor/illuminate/view/View.php(160): Illuminate\View\View->renderContents()
#5 /var/www/html/wp-content/themes/reyjesuspf/index.php(3): Illuminate\View\View->render()
#6 /var/www/html/wp-includes/template-loader.php(106): include('/var/www/html/w...')
#7 /var/www/html/wp-blog-header.php(19): require_once('/var/www/html/w...')
#8 /var/www/html/index.php(17): require('/var/www/html/w...')
#9 {main}
  thrown in /var/www/html/wp-content/cache/acorn/framework/views/05b34d8c12b82f11290c5f75c5139ee3.php on line 49
[31-Jul-2025 20:28:01 UTC] PHP Warning:  Undefined array key 0 in /var/www/html/wp-content/cache/acorn/framework/views/05b34d8c12b82f11290c5f75c5139ee3.php on line 33
[31-Jul-2025 20:28:01 UTC] PHP Warning:  Trying to access array offset on null in /var/www/html/wp-content/cache/acorn/framework/views/05b34d8c12b82f11290c5f75c5139ee3.php on line 33
[31-Jul-2025 20:28:01 UTC] PHP Warning:  Trying to access array offset on int in /var/www/html/wp-content/cache/acorn/framework/views/05b34d8c12b82f11290c5f75c5139ee3.php on line 49
[31-Jul-2025 20:28:01 UTC] PHP Warning:  Trying to access array offset on null in /var/www/html/wp-content/cache/acorn/framework/views/05b34d8c12b82f11290c5f75c5139ee3.php on line 49
[31-Jul-2025 20:28:01 UTC] PHP Warning:  Trying to access array offset on int in /var/www/html/wp-content/cache/acorn/framework/views/05b34d8c12b82f11290c5f75c5139ee3.php on line 49
[31-Jul-2025 20:28:01 UTC] PHP Warning:  Trying to access array offset on null in /var/www/html/wp-content/cache/acorn/framework/views/05b34d8c12b82f11290c5f75c5139ee3.php on line 49
[31-Jul-2025 20:28:01 UTC] PHP Fatal error:  Uncaught TypeError: Cannot access offset of type string on string in /var/www/html/wp-content/cache/acorn/framework/views/05b34d8c12b82f11290c5f75c5139ee3.php:49
Stack trace:
#0 /var/www/html/wp-content/themes/reyjesuspf/vendor/illuminate/filesystem/Filesystem.php(123): require()
#1 /var/www/html/wp-content/themes/reyjesuspf/vendor/illuminate/filesystem/Filesystem.php(124): Illuminate\Filesystem\Filesystem::Illuminate\Filesystem\{closure}()
#2 /var/www/html/wp-content/themes/reyjesuspf/vendor/illuminate/view/Engines/PhpEngine.php(57): Illuminate\Filesystem\Filesystem->getRequire('/var/www/html/w...', Array)
#3 /var/www/html/wp-content/themes/reyjesuspf/vendor/illuminate/view/Engines/CompilerEngine.php(74): Illuminate\View\Engines\PhpEngine->evaluatePath('/var/www/html/w...', Array)
#4 /var/www/html/wp-content/themes/reyjesuspf/vendor/illuminate/view/View.php(208): Illuminate\View\Engines\CompilerEngine->get('/var/www/html/w...', Array)
#5 /var/www/html/wp-content/themes/reyjesuspf/vendor/illuminate/view/View.php(191): Illuminate\View\View->getContents()
#6 /var/www/html/wp-content/themes/reyjesuspf/vendor/illuminate/view/View.php(160): Illuminate\View\View->renderContents()
#7 /var/www/html/wp-content/cache/acorn/framework/views/dc966d021c38ce71e1a26dd8bc910081.php(9): Illuminate\View\View->render()
#8 /var/www/html/wp-content/themes/reyjesuspf/vendor/illuminate/filesystem/Filesystem.php(123): require('/var/www/html/w...')
#9 /var/www/html/wp-content/themes/reyjesuspf/vendor/illuminate/filesystem/Filesystem.php(124): Illuminate\Filesystem\Filesystem::Illuminate\Filesystem\{closure}()
#10 /var/www/html/wp-content/themes/reyjesuspf/vendor/illuminate/view/Engines/PhpEngine.php(57): Illuminate\Filesystem\Filesystem->getRequire('/var/www/html/w...', Array)
#11 /var/www/html/wp-content/themes/reyjesuspf/vendor/illuminate/view/Engines/CompilerEngine.php(74): Illuminate\View\Engines\PhpEngine->evaluatePath('/var/www/html/w...', Array)
#12 /var/www/html/wp-content/themes/reyjesuspf/vendor/illuminate/view/View.php(208): Illuminate\View\Engines\CompilerEngine->get('/var/www/html/w...', Array)
#13 /var/www/html/wp-content/themes/reyjesuspf/vendor/illuminate/view/View.php(191): Illuminate\View\View->getContents()
#14 /var/www/html/wp-content/themes/reyjesuspf/vendor/illuminate/view/View.php(160): Illuminate\View\View->renderContents()
#15 /var/www/html/wp-content/themes/reyjesuspf/index.php(3): Illuminate\View\View->render()
#16 /var/www/html/wp-includes/template-loader.php(106): include('/var/www/html/w...')
#17 /var/www/html/wp-blog-header.php(19): require_once('/var/www/html/w...')
#18 /var/www/html/index.php(17): require('/var/www/html/w...')
#19 {main}

Next Illuminate\View\ViewException: Cannot access offset of type string on string (View: /var/www/html/wp-content/themes/reyjesuspf/resources/views/partials/Yoconstruyo/fotostemplopage/fotostemplo.blade.php) in /var/www/html/wp-content/cache/acorn/framework/views/05b34d8c12b82f11290c5f75c5139ee3.php:49
Stack trace:
#0 /var/www/html/wp-content/themes/reyjesuspf/vendor/illuminate/view/Engines/PhpEngine.php(59): Illuminate\View\Engines\CompilerEngine->handleViewException(Object(TypeError), 2)
#1 /var/www/html/wp-content/themes/reyjesuspf/vendor/illuminate/view/Engines/CompilerEngine.php(74): Illuminate\View\Engines\PhpEngine->evaluatePath('/var/www/html/w...', Array)
#2 /var/www/html/wp-content/themes/reyjesuspf/vendor/illuminate/view/View.php(208): Illuminate\View\Engines\CompilerEngine->get('/var/www/html/w...', Array)
#3 /var/www/html/wp-content/themes/reyjesuspf/vendor/illuminate/view/View.php(191): Illuminate\View\View->getContents()
#4 /var/www/html/wp-content/themes/reyjesuspf/vendor/illuminate/view/View.php(160): Illuminate\View\View->renderContents()
#5 /var/www/html/wp-content/cache/acorn/framework/views/dc966d021c38ce71e1a26dd8bc910081.php(9): Illuminate\View\View->render()
#6 /var/www/html/wp-content/themes/reyjesuspf/vendor/illuminate/filesystem/Filesystem.php(123): require('/var/www/html/w...')
#7 /var/www/html/wp-content/themes/reyjesuspf/vendor/illuminate/filesystem/Filesystem.php(124): Illuminate\Filesystem\Filesystem::Illuminate\Filesystem\{closure}()
#8 /var/www/html/wp-content/themes/reyjesuspf/vendor/illuminate/view/Engines/PhpEngine.php(57): Illuminate\Filesystem\Filesystem->getRequire('/var/www/html/w...', Array)
#9 /var/www/html/wp-content/themes/reyjesuspf/vendor/illuminate/view/Engines/CompilerEngine.php(74): Illuminate\View\Engines\PhpEngine->evaluatePath('/var/www/html/w...', Array)
#10 /var/www/html/wp-content/themes/reyjesuspf/vendor/illuminate/view/View.php(208): Illuminate\View\Engines\CompilerEngine->get('/var/www/html/w...', Array)
#11 /var/www/html/wp-content/themes/reyjesuspf/vendor/illuminate/view/View.php(191): Illuminate\View\View->getContents()
#12 /var/www/html/wp-content/themes/reyjesuspf/vendor/illuminate/view/View.php(160): Illuminate\View\View->renderContents()
#13 /var/www/html/wp-content/themes/reyjesuspf/index.php(3): Illuminate\View\View->render()
#14 /var/www/html/wp-includes/template-loader.php(106): include('/var/www/html/w...')
#15 /var/www/html/wp-blog-header.php(19): require_once('/var/www/html/w...')
#16 /var/www/html/index.php(17): require('/var/www/html/w...')
#17 {main}

Next Illuminate\View\ViewException: Cannot access offset of type string on string (View: /var/www/html/wp-content/themes/reyjesuspf/resources/views/partials/Yoconstruyo/fotostemplopage/fotostemplo.blade.php) (View: /var/www/html/wp-content/themes/reyjesuspf/resources/views/partials/Yoconstruyo/fotostemplopage/fotostemplo.blade.php) in /var/www/html/wp-content/cache/acorn/framework/views/05b34d8c12b82f11290c5f75c5139ee3.php:49
Stack trace:
#0 /var/www/html/wp-content/themes/reyjesuspf/vendor/illuminate/view/Engines/PhpEngine.php(59): Illuminate\View\Engines\CompilerEngine->handleViewException(Object(Illuminate\View\ViewException), 0)
#1 /var/www/html/wp-content/themes/reyjesuspf/vendor/illuminate/view/Engines/CompilerEngine.php(74): Illuminate\View\Engines\PhpEngine->evaluatePath('/var/www/html/w...', Array)
#2 /var/www/html/wp-content/themes/reyjesuspf/vendor/illuminate/view/View.php(208): Illuminate\View\Engines\CompilerEngine->get('/var/www/html/w...', Array)
#3 /var/www/html/wp-content/themes/reyjesuspf/vendor/illuminate/view/View.php(191): Illuminate\View\View->getContents()
#4 /var/www/html/wp-content/themes/reyjesuspf/vendor/illuminate/view/View.php(160): Illuminate\View\View->renderContents()
#5 /var/www/html/wp-content/themes/reyjesuspf/index.php(3): Illuminate\View\View->render()
#6 /var/www/html/wp-includes/template-loader.php(106): include('/var/www/html/w...')
#7 /var/www/html/wp-blog-header.php(19): require_once('/var/www/html/w...')
#8 /var/www/html/index.php(17): require('/var/www/html/w...')
#9 {main}
  thrown in /var/www/html/wp-content/cache/acorn/framework/views/05b34d8c12b82f11290c5f75c5139ee3.php on line 49
[31-Jul-2025 20:28:42 UTC] PHP Warning:  Trying to access array offset on int in /var/www/html/wp-content/cache/acorn/framework/views/05b34d8c12b82f11290c5f75c5139ee3.php on line 49
[31-Jul-2025 20:28:42 UTC] PHP Warning:  Trying to access array offset on null in /var/www/html/wp-content/cache/acorn/framework/views/05b34d8c12b82f11290c5f75c5139ee3.php on line 49
[31-Jul-2025 20:28:42 UTC] PHP Warning:  Trying to access array offset on int in /var/www/html/wp-content/cache/acorn/framework/views/05b34d8c12b82f11290c5f75c5139ee3.php on line 49
[31-Jul-2025 20:28:42 UTC] PHP Warning:  Trying to access array offset on null in /var/www/html/wp-content/cache/acorn/framework/views/05b34d8c12b82f11290c5f75c5139ee3.php on line 49
[31-Jul-2025 20:28:42 UTC] PHP Fatal error:  Uncaught TypeError: Cannot access offset of type string on string in /var/www/html/wp-content/cache/acorn/framework/views/05b34d8c12b82f11290c5f75c5139ee3.php:49
Stack trace:
#0 /var/www/html/wp-content/themes/reyjesuspf/vendor/illuminate/filesystem/Filesystem.php(123): require()
#1 /var/www/html/wp-content/themes/reyjesuspf/vendor/illuminate/filesystem/Filesystem.php(124): Illuminate\Filesystem\Filesystem::Illuminate\Filesystem\{closure}()
#2 /var/www/html/wp-content/themes/reyjesuspf/vendor/illuminate/view/Engines/PhpEngine.php(57): Illuminate\Filesystem\Filesystem->getRequire('/var/www/html/w...', Array)
#3 /var/www/html/wp-content/themes/reyjesuspf/vendor/illuminate/view/Engines/CompilerEngine.php(74): Illuminate\View\Engines\PhpEngine->evaluatePath('/var/www/html/w...', Array)
#4 /var/www/html/wp-content/themes/reyjesuspf/vendor/illuminate/view/View.php(208): Illuminate\View\Engines\CompilerEngine->get('/var/www/html/w...', Array)
#5 /var/www/html/wp-content/themes/reyjesuspf/vendor/illuminate/view/View.php(191): Illuminate\View\View->getContents()
#6 /var/www/html/wp-content/themes/reyjesuspf/vendor/illuminate/view/View.php(160): Illuminate\View\View->renderContents()
#7 /var/www/html/wp-content/cache/acorn/framework/views/dc966d021c38ce71e1a26dd8bc910081.php(9): Illuminate\View\View->render()
#8 /var/www/html/wp-content/themes/reyjesuspf/vendor/illuminate/filesystem/Filesystem.php(123): require('/var/www/html/w...')
#9 /var/www/html/wp-content/themes/reyjesuspf/vendor/illuminate/filesystem/Filesystem.php(124): Illuminate\Filesystem\Filesystem::Illuminate\Filesystem\{closure}()
#10 /var/www/html/wp-content/themes/reyjesuspf/vendor/illuminate/view/Engines/PhpEngine.php(57): Illuminate\Filesystem\Filesystem->getRequire('/var/www/html/w...', Array)
#11 /var/www/html/wp-content/themes/reyjesuspf/vendor/illuminate/view/Engines/CompilerEngine.php(74): Illuminate\View\Engines\PhpEngine->evaluatePath('/var/www/html/w...', Array)
#12 /var/www/html/wp-content/themes/reyjesuspf/vendor/illuminate/view/View.php(208): Illuminate\View\Engines\CompilerEngine->get('/var/www/html/w...', Array)
#13 /var/www/html/wp-content/themes/reyjesuspf/vendor/illuminate/view/View.php(191): Illuminate\View\View->getContents()
#14 /var/www/html/wp-content/themes/reyjesuspf/vendor/illuminate/view/View.php(160): Illuminate\View\View->renderContents()
#15 /var/www/html/wp-content/themes/reyjesuspf/index.php(3): Illuminate\View\View->render()
#16 /var/www/html/wp-includes/template-loader.php(106): include('/var/www/html/w...')
#17 /var/www/html/wp-blog-header.php(19): require_once('/var/www/html/w...')
#18 /var/www/html/index.php(17): require('/var/www/html/w...')
#19 {main}

Next Illuminate\View\ViewException: Cannot access offset of type string on string (View: /var/www/html/wp-content/themes/reyjesuspf/resources/views/partials/Yoconstruyo/fotostemplopage/fotostemplo.blade.php) in /var/www/html/wp-content/cache/acorn/framework/views/05b34d8c12b82f11290c5f75c5139ee3.php:49
Stack trace:
#0 /var/www/html/wp-content/themes/reyjesuspf/vendor/illuminate/view/Engines/PhpEngine.php(59): Illuminate\View\Engines\CompilerEngine->handleViewException(Object(TypeError), 2)
#1 /var/www/html/wp-content/themes/reyjesuspf/vendor/illuminate/view/Engines/CompilerEngine.php(74): Illuminate\View\Engines\PhpEngine->evaluatePath('/var/www/html/w...', Array)
#2 /var/www/html/wp-content/themes/reyjesuspf/vendor/illuminate/view/View.php(208): Illuminate\View\Engines\CompilerEngine->get('/var/www/html/w...', Array)
#3 /var/www/html/wp-content/themes/reyjesuspf/vendor/illuminate/view/View.php(191): Illuminate\View\View->getContents()
#4 /var/www/html/wp-content/themes/reyjesuspf/vendor/illuminate/view/View.php(160): Illuminate\View\View->renderContents()
#5 /var/www/html/wp-content/cache/acorn/framework/views/dc966d021c38ce71e1a26dd8bc910081.php(9): Illuminate\View\View->render()
#6 /var/www/html/wp-content/themes/reyjesuspf/vendor/illuminate/filesystem/Filesystem.php(123): require('/var/www/html/w...')
#7 /var/www/html/wp-content/themes/reyjesuspf/vendor/illuminate/filesystem/Filesystem.php(124): Illuminate\Filesystem\Filesystem::Illuminate\Filesystem\{closure}()
#8 /var/www/html/wp-content/themes/reyjesuspf/vendor/illuminate/view/Engines/PhpEngine.php(57): Illuminate\Filesystem\Filesystem->getRequire('/var/www/html/w...', Array)
#9 /var/www/html/wp-content/themes/reyjesuspf/vendor/illuminate/view/Engines/CompilerEngine.php(74): Illuminate\View\Engines\PhpEngine->evaluatePath('/var/www/html/w...', Array)
#10 /var/www/html/wp-content/themes/reyjesuspf/vendor/illuminate/view/View.php(208): Illuminate\View\Engines\CompilerEngine->get('/var/www/html/w...', Array)
#11 /var/www/html/wp-content/themes/reyjesuspf/vendor/illuminate/view/View.php(191): Illuminate\View\View->getContents()
#12 /var/www/html/wp-content/themes/reyjesuspf/vendor/illuminate/view/View.php(160): Illuminate\View\View->renderContents()
#13 /var/www/html/wp-content/themes/reyjesuspf/index.php(3): Illuminate\View\View->render()
#14 /var/www/html/wp-includes/template-loader.php(106): include('/var/www/html/w...')
#15 /var/www/html/wp-blog-header.php(19): require_once('/var/www/html/w...')
#16 /var/www/html/index.php(17): require('/var/www/html/w...')
#17 {main}

Next Illuminate\View\ViewException: Cannot access offset of type string on string (View: /var/www/html/wp-content/themes/reyjesuspf/resources/views/partials/Yoconstruyo/fotostemplopage/fotostemplo.blade.php) (View: /var/www/html/wp-content/themes/reyjesuspf/resources/views/partials/Yoconstruyo/fotostemplopage/fotostemplo.blade.php) in /var/www/html/wp-content/cache/acorn/framework/views/05b34d8c12b82f11290c5f75c5139ee3.php:49
Stack trace:
#0 /var/www/html/wp-content/themes/reyjesuspf/vendor/illuminate/view/Engines/PhpEngine.php(59): Illuminate\View\Engines\CompilerEngine->handleViewException(Object(Illuminate\View\ViewException), 0)
#1 /var/www/html/wp-content/themes/reyjesuspf/vendor/illuminate/view/Engines/CompilerEngine.php(74): Illuminate\View\Engines\PhpEngine->evaluatePath('/var/www/html/w...', Array)
#2 /var/www/html/wp-content/themes/reyjesuspf/vendor/illuminate/view/View.php(208): Illuminate\View\Engines\CompilerEngine->get('/var/www/html/w...', Array)
#3 /var/www/html/wp-content/themes/reyjesuspf/vendor/illuminate/view/View.php(191): Illuminate\View\View->getContents()
#4 /var/www/html/wp-content/themes/reyjesuspf/vendor/illuminate/view/View.php(160): Illuminate\View\View->renderContents()
#5 /var/www/html/wp-content/themes/reyjesuspf/index.php(3): Illuminate\View\View->render()
#6 /var/www/html/wp-includes/template-loader.php(106): include('/var/www/html/w...')
#7 /var/www/html/wp-blog-header.php(19): require_once('/var/www/html/w...')
#8 /var/www/html/index.php(17): require('/var/www/html/w...')
#9 {main}
  thrown in /var/www/html/wp-content/cache/acorn/framework/views/05b34d8c12b82f11290c5f75c5139ee3.php on line 49
[31-Jul-2025 20:30:01 UTC] PHP Warning:  Undefined array key 0 in /var/www/html/wp-content/cache/acorn/framework/views/05b34d8c12b82f11290c5f75c5139ee3.php on line 33
[31-Jul-2025 20:30:01 UTC] PHP Warning:  Trying to access array offset on null in /var/www/html/wp-content/cache/acorn/framework/views/05b34d8c12b82f11290c5f75c5139ee3.php on line 33
[31-Jul-2025 20:30:01 UTC] PHP Warning:  Undefined array key 0 in /var/www/html/wp-content/cache/acorn/framework/views/05b34d8c12b82f11290c5f75c5139ee3.php on line 33
[31-Jul-2025 20:30:01 UTC] PHP Warning:  Trying to access array offset on null in /var/www/html/wp-content/cache/acorn/framework/views/05b34d8c12b82f11290c5f75c5139ee3.php on line 33
[31-Jul-2025 20:30:01 UTC] PHP Warning:  Trying to access array offset on int in /var/www/html/wp-content/cache/acorn/framework/views/05b34d8c12b82f11290c5f75c5139ee3.php on line 49
[31-Jul-2025 20:30:01 UTC] PHP Warning:  Trying to access array offset on null in /var/www/html/wp-content/cache/acorn/framework/views/05b34d8c12b82f11290c5f75c5139ee3.php on line 49
[31-Jul-2025 20:30:01 UTC] PHP Warning:  Trying to access array offset on int in /var/www/html/wp-content/cache/acorn/framework/views/05b34d8c12b82f11290c5f75c5139ee3.php on line 49
[31-Jul-2025 20:30:01 UTC] PHP Warning:  Trying to access array offset on null in /var/www/html/wp-content/cache/acorn/framework/views/05b34d8c12b82f11290c5f75c5139ee3.php on line 49
[31-Jul-2025 20:30:01 UTC] PHP Fatal error:  Uncaught TypeError: Cannot access offset of type string on string in /var/www/html/wp-content/cache/acorn/framework/views/05b34d8c12b82f11290c5f75c5139ee3.php:49
Stack trace:
#0 /var/www/html/wp-content/themes/reyjesuspf/vendor/illuminate/filesystem/Filesystem.php(123): require()
#1 /var/www/html/wp-content/themes/reyjesuspf/vendor/illuminate/filesystem/Filesystem.php(124): Illuminate\Filesystem\Filesystem::Illuminate\Filesystem\{closure}()
#2 /var/www/html/wp-content/themes/reyjesuspf/vendor/illuminate/view/Engines/PhpEngine.php(57): Illuminate\Filesystem\Filesystem->getRequire('/var/www/html/w...', Array)
#3 /var/www/html/wp-content/themes/reyjesuspf/vendor/illuminate/view/Engines/CompilerEngine.php(74): Illuminate\View\Engines\PhpEngine->evaluatePath('/var/www/html/w...', Array)
#4 /var/www/html/wp-content/themes/reyjesuspf/vendor/illuminate/view/View.php(208): Illuminate\View\Engines\CompilerEngine->get('/var/www/html/w...', Array)
#5 /var/www/html/wp-content/themes/reyjesuspf/vendor/illuminate/view/View.php(191): Illuminate\View\View->getContents()
#6 /var/www/html/wp-content/themes/reyjesuspf/vendor/illuminate/view/View.php(160): Illuminate\View\View->renderContents()
#7 /var/www/html/wp-content/cache/acorn/framework/views/dc966d021c38ce71e1a26dd8bc910081.php(9): Illuminate\View\View->render()
#8 /var/www/html/wp-content/themes/reyjesuspf/vendor/illuminate/filesystem/Filesystem.php(123): require('/var/www/html/w...')
#9 /var/www/html/wp-content/themes/reyjesuspf/vendor/illuminate/filesystem/Filesystem.php(124): Illuminate\Filesystem\Filesystem::Illuminate\Filesystem\{closure}()
#10 /var/www/html/wp-content/themes/reyjesuspf/vendor/illuminate/view/Engines/PhpEngine.php(57): Illuminate\Filesystem\Filesystem->getRequire('/var/www/html/w...', Array)
#11 /var/www/html/wp-content/themes/reyjesuspf/vendor/illuminate/view/Engines/CompilerEngine.php(74): Illuminate\View\Engines\PhpEngine->evaluatePath('/var/www/html/w...', Array)
#12 /var/www/html/wp-content/themes/reyjesuspf/vendor/illuminate/view/View.php(208): Illuminate\View\Engines\CompilerEngine->get('/var/www/html/w...', Array)
#13 /var/www/html/wp-content/themes/reyjesuspf/vendor/illuminate/view/View.php(191): Illuminate\View\View->getContents()
#14 /var/www/html/wp-content/themes/reyjesuspf/vendor/illuminate/view/View.php(160): Illuminate\View\View->renderContents()
#15 /var/www/html/wp-content/themes/reyjesuspf/index.php(3): Illuminate\View\View->render()
#16 /var/www/html/wp-includes/template-loader.php(106): include('/var/www/html/w...')
#17 /var/www/html/wp-blog-header.php(19): require_once('/var/www/html/w...')
#18 /var/www/html/index.php(17): require('/var/www/html/w...')
#19 {main}

Next Illuminate\View\ViewException: Cannot access offset of type string on string (View: /var/www/html/wp-content/themes/reyjesuspf/resources/views/partials/Yoconstruyo/fotostemplopage/fotostemplo.blade.php) in /var/www/html/wp-content/cache/acorn/framework/views/05b34d8c12b82f11290c5f75c5139ee3.php:49
Stack trace:
#0 /var/www/html/wp-content/themes/reyjesuspf/vendor/illuminate/view/Engines/PhpEngine.php(59): Illuminate\View\Engines\CompilerEngine->handleViewException(Object(TypeError), 2)
#1 /var/www/html/wp-content/themes/reyjesuspf/vendor/illuminate/view/Engines/CompilerEngine.php(74): Illuminate\View\Engines\PhpEngine->evaluatePath('/var/www/html/w...', Array)
#2 /var/www/html/wp-content/themes/reyjesuspf/vendor/illuminate/view/View.php(208): Illuminate\View\Engines\CompilerEngine->get('/var/www/html/w...', Array)
#3 /var/www/html/wp-content/themes/reyjesuspf/vendor/illuminate/view/View.php(191): Illuminate\View\View->getContents()
#4 /var/www/html/wp-content/themes/reyjesuspf/vendor/illuminate/view/View.php(160): Illuminate\View\View->renderContents()
#5 /var/www/html/wp-content/cache/acorn/framework/views/dc966d021c38ce71e1a26dd8bc910081.php(9): Illuminate\View\View->render()
#6 /var/www/html/wp-content/themes/reyjesuspf/vendor/illuminate/filesystem/Filesystem.php(123): require('/var/www/html/w...')
#7 /var/www/html/wp-content/themes/reyjesuspf/vendor/illuminate/filesystem/Filesystem.php(124): Illuminate\Filesystem\Filesystem::Illuminate\Filesystem\{closure}()
#8 /var/www/html/wp-content/themes/reyjesuspf/vendor/illuminate/view/Engines/PhpEngine.php(57): Illuminate\Filesystem\Filesystem->getRequire('/var/www/html/w...', Array)
#9 /var/www/html/wp-content/themes/reyjesuspf/vendor/illuminate/view/Engines/CompilerEngine.php(74): Illuminate\View\Engines\PhpEngine->evaluatePath('/var/www/html/w...', Array)
#10 /var/www/html/wp-content/themes/reyjesuspf/vendor/illuminate/view/View.php(208): Illuminate\View\Engines\CompilerEngine->get('/var/www/html/w...', Array)
#11 /var/www/html/wp-content/themes/reyjesuspf/vendor/illuminate/view/View.php(191): Illuminate\View\View->getContents()
#12 /var/www/html/wp-content/themes/reyjesuspf/vendor/illuminate/view/View.php(160): Illuminate\View\View->renderContents()
#13 /var/www/html/wp-content/themes/reyjesuspf/index.php(3): Illuminate\View\View->render()
#14 /var/www/html/wp-includes/template-loader.php(106): include('/var/www/html/w...')
#15 /var/www/html/wp-blog-header.php(19): require_once('/var/www/html/w...')
#16 /var/www/html/index.php(17): require('/var/www/html/w...')
#17 {main}

Next Illuminate\View\ViewException: Cannot access offset of type string on string (View: /var/www/html/wp-content/themes/reyjesuspf/resources/views/partials/Yoconstruyo/fotostemplopage/fotostemplo.blade.php) (View: /var/www/html/wp-content/themes/reyjesuspf/resources/views/partials/Yoconstruyo/fotostemplopage/fotostemplo.blade.php) in /var/www/html/wp-content/cache/acorn/framework/views/05b34d8c12b82f11290c5f75c5139ee3.php:49
Stack trace:
#0 /var/www/html/wp-content/themes/reyjesuspf/vendor/illuminate/view/Engines/PhpEngine.php(59): Illuminate\View\Engines\CompilerEngine->handleViewException(Object(Illuminate\View\ViewException), 0)
#1 /var/www/html/wp-content/themes/reyjesuspf/vendor/illuminate/view/Engines/CompilerEngine.php(74): Illuminate\View\Engines\PhpEngine->evaluatePath('/var/www/html/w...', Array)
#2 /var/www/html/wp-content/themes/reyjesuspf/vendor/illuminate/view/View.php(208): Illuminate\View\Engines\CompilerEngine->get('/var/www/html/w...', Array)
#3 /var/www/html/wp-content/themes/reyjesuspf/vendor/illuminate/view/View.php(191): Illuminate\View\View->getContents()
#4 /var/www/html/wp-content/themes/reyjesuspf/vendor/illuminate/view/View.php(160): Illuminate\View\View->renderContents()
#5 /var/www/html/wp-content/themes/reyjesuspf/index.php(3): Illuminate\View\View->render()
#6 /var/www/html/wp-includes/template-loader.php(106): include('/var/www/html/w...')
#7 /var/www/html/wp-blog-header.php(19): require_once('/var/www/html/w...')
#8 /var/www/html/index.php(17): require('/var/www/html/w...')
#9 {main}
  thrown in /var/www/html/wp-content/cache/acorn/framework/views/05b34d8c12b82f11290c5f75c5139ee3.php on line 49
[31-Jul-2025 20:30:42 UTC] PHP Warning:  Undefined array key 0 in /var/www/html/wp-content/cache/acorn/framework/views/05b34d8c12b82f11290c5f75c5139ee3.php on line 33
[31-Jul-2025 20:30:42 UTC] PHP Warning:  Trying to access array offset on null in /var/www/html/wp-content/cache/acorn/framework/views/05b34d8c12b82f11290c5f75c5139ee3.php on line 33
[31-Jul-2025 20:30:42 UTC] PHP Warning:  Undefined array key 0 in /var/www/html/wp-content/cache/acorn/framework/views/05b34d8c12b82f11290c5f75c5139ee3.php on line 33
[31-Jul-2025 20:30:42 UTC] PHP Warning:  Trying to access array offset on null in /var/www/html/wp-content/cache/acorn/framework/views/05b34d8c12b82f11290c5f75c5139ee3.php on line 33
[31-Jul-2025 20:30:42 UTC] PHP Warning:  Trying to access array offset on int in /var/www/html/wp-content/cache/acorn/framework/views/05b34d8c12b82f11290c5f75c5139ee3.php on line 49
[31-Jul-2025 20:30:42 UTC] PHP Warning:  Trying to access array offset on null in /var/www/html/wp-content/cache/acorn/framework/views/05b34d8c12b82f11290c5f75c5139ee3.php on line 49
[31-Jul-2025 20:30:42 UTC] PHP Warning:  Trying to access array offset on int in /var/www/html/wp-content/cache/acorn/framework/views/05b34d8c12b82f11290c5f75c5139ee3.php on line 49
[31-Jul-2025 20:30:42 UTC] PHP Warning:  Trying to access array offset on null in /var/www/html/wp-content/cache/acorn/framework/views/05b34d8c12b82f11290c5f75c5139ee3.php on line 49
[31-Jul-2025 20:30:42 UTC] PHP Warning:  Trying to access array offset on int in /var/www/html/wp-content/cache/acorn/framework/views/05b34d8c12b82f11290c5f75c5139ee3.php on line 49
[31-Jul-2025 20:30:42 UTC] PHP Fatal error:  Uncaught TypeError: Cannot access offset of type string on string in /var/www/html/wp-content/cache/acorn/framework/views/05b34d8c12b82f11290c5f75c5139ee3.php:49
Stack trace:
#0 /var/www/html/wp-content/themes/reyjesuspf/vendor/illuminate/filesystem/Filesystem.php(123): require()
#1 /var/www/html/wp-content/themes/reyjesuspf/vendor/illuminate/filesystem/Filesystem.php(124): Illuminate\Filesystem\Filesystem::Illuminate\Filesystem\{closure}()
#2 /var/www/html/wp-content/themes/reyjesuspf/vendor/illuminate/view/Engines/PhpEngine.php(57): Illuminate\Filesystem\Filesystem->getRequire('/var/www/html/w...', Array)
#3 /var/www/html/wp-content/themes/reyjesuspf/vendor/illuminate/view/Engines/CompilerEngine.php(74): Illuminate\View\Engines\PhpEngine->evaluatePath('/var/www/html/w...', Array)
#4 /var/www/html/wp-content/themes/reyjesuspf/vendor/illuminate/view/View.php(208): Illuminate\View\Engines\CompilerEngine->get('/var/www/html/w...', Array)
#5 /var/www/html/wp-content/themes/reyjesuspf/vendor/illuminate/view/View.php(191): Illuminate\View\View->getContents()
#6 /var/www/html/wp-content/themes/reyjesuspf/vendor/illuminate/view/View.php(160): Illuminate\View\View->renderContents()
#7 /var/www/html/wp-content/cache/acorn/framework/views/dc966d021c38ce71e1a26dd8bc910081.php(9): Illuminate\View\View->render()
#8 /var/www/html/wp-content/themes/reyjesuspf/vendor/illuminate/filesystem/Filesystem.php(123): require('/var/www/html/w...')
#9 /var/www/html/wp-content/themes/reyjesuspf/vendor/illuminate/filesystem/Filesystem.php(124): Illuminate\Filesystem\Filesystem::Illuminate\Filesystem\{closure}()
#10 /var/www/html/wp-content/themes/reyjesuspf/vendor/illuminate/view/Engines/PhpEngine.php(57): Illuminate\Filesystem\Filesystem->getRequire('/var/www/html/w...', Array)
#11 /var/www/html/wp-content/themes/reyjesuspf/vendor/illuminate/view/Engines/CompilerEngine.php(74): Illuminate\View\Engines\PhpEngine->evaluatePath('/var/www/html/w...', Array)
#12 /var/www/html/wp-content/themes/reyjesuspf/vendor/illuminate/view/View.php(208): Illuminate\View\Engines\CompilerEngine->get('/var/www/html/w...', Array)
#13 /var/www/html/wp-content/themes/reyjesuspf/vendor/illuminate/view/View.php(191): Illuminate\View\View->getContents()
#14 /var/www/html/wp-content/themes/reyjesuspf/vendor/illuminate/view/View.php(160): Illuminate\View\View->renderContents()
#15 /var/www/html/wp-content/themes/reyjesuspf/index.php(3): Illuminate\View\View->render()
#16 /var/www/html/wp-includes/template-loader.php(106): include('/var/www/html/w...')
#17 /var/www/html/wp-blog-header.php(19): require_once('/var/www/html/w...')
#18 /var/www/html/index.php(17): require('/var/www/html/w...')
#19 {main}

Next Illuminate\View\ViewException: Cannot access offset of type string on string (View: /var/www/html/wp-content/themes/reyjesuspf/resources/views/partials/Yoconstruyo/fotostemplopage/fotostemplo.blade.php) in /var/www/html/wp-content/cache/acorn/framework/views/05b34d8c12b82f11290c5f75c5139ee3.php:49
Stack trace:
#0 /var/www/html/wp-content/themes/reyjesuspf/vendor/illuminate/view/Engines/PhpEngine.php(59): Illuminate\View\Engines\CompilerEngine->handleViewException(Object(TypeError), 2)
#1 /var/www/html/wp-content/themes/reyjesuspf/vendor/illuminate/view/Engines/CompilerEngine.php(74): Illuminate\View\Engines\PhpEngine->evaluatePath('/var/www/html/w...', Array)
#2 /var/www/html/wp-content/themes/reyjesuspf/vendor/illuminate/view/View.php(208): Illuminate\View\Engines\CompilerEngine->get('/var/www/html/w...', Array)
#3 /var/www/html/wp-content/themes/reyjesuspf/vendor/illuminate/view/View.php(191): Illuminate\View\View->getContents()
#4 /var/www/html/wp-content/themes/reyjesuspf/vendor/illuminate/view/View.php(160): Illuminate\View\View->renderContents()
#5 /var/www/html/wp-content/cache/acorn/framework/views/dc966d021c38ce71e1a26dd8bc910081.php(9): Illuminate\View\View->render()
#6 /var/www/html/wp-content/themes/reyjesuspf/vendor/illuminate/filesystem/Filesystem.php(123): require('/var/www/html/w...')
#7 /var/www/html/wp-content/themes/reyjesuspf/vendor/illuminate/filesystem/Filesystem.php(124): Illuminate\Filesystem\Filesystem::Illuminate\Filesystem\{closure}()
#8 /var/www/html/wp-content/themes/reyjesuspf/vendor/illuminate/view/Engines/PhpEngine.php(57): Illuminate\Filesystem\Filesystem->getRequire('/var/www/html/w...', Array)
#9 /var/www/html/wp-content/themes/reyjesuspf/vendor/illuminate/view/Engines/CompilerEngine.php(74): Illuminate\View\Engines\PhpEngine->evaluatePath('/var/www/html/w...', Array)
#10 /var/www/html/wp-content/themes/reyjesuspf/vendor/illuminate/view/View.php(208): Illuminate\View\Engines\CompilerEngine->get('/var/www/html/w...', Array)
#11 /var/www/html/wp-content/themes/reyjesuspf/vendor/illuminate/view/View.php(191): Illuminate\View\View->getContents()
#12 /var/www/html/wp-content/themes/reyjesuspf/vendor/illuminate/view/View.php(160): Illuminate\View\View->renderContents()
#13 /var/www/html/wp-content/themes/reyjesuspf/index.php(3): Illuminate\View\View->render()
#14 /var/www/html/wp-includes/template-loader.php(106): include('/var/www/html/w...')
#15 /var/www/html/wp-blog-header.php(19): require_once('/var/www/html/w...')
#16 /var/www/html/index.php(17): require('/var/www/html/w...')
#17 {main}

Next Illuminate\View\ViewException: Cannot access offset of type string on string (View: /var/www/html/wp-content/themes/reyjesuspf/resources/views/partials/Yoconstruyo/fotostemplopage/fotostemplo.blade.php) (View: /var/www/html/wp-content/themes/reyjesuspf/resources/views/partials/Yoconstruyo/fotostemplopage/fotostemplo.blade.php) in /var/www/html/wp-content/cache/acorn/framework/views/05b34d8c12b82f11290c5f75c5139ee3.php:49
Stack trace:
#0 /var/www/html/wp-content/themes/reyjesuspf/vendor/illuminate/view/Engines/PhpEngine.php(59): Illuminate\View\Engines\CompilerEngine->handleViewException(Object(Illuminate\View\ViewException), 0)
#1 /var/www/html/wp-content/themes/reyjesuspf/vendor/illuminate/view/Engines/CompilerEngine.php(74): Illuminate\View\Engines\PhpEngine->evaluatePath('/var/www/html/w...', Array)
#2 /var/www/html/wp-content/themes/reyjesuspf/vendor/illuminate/view/View.php(208): Illuminate\View\Engines\CompilerEngine->get('/var/www/html/w...', Array)
#3 /var/www/html/wp-content/themes/reyjesuspf/vendor/illuminate/view/View.php(191): Illuminate\View\View->getContents()
#4 /var/www/html/wp-content/themes/reyjesuspf/vendor/illuminate/view/View.php(160): Illuminate\View\View->renderContents()
#5 /var/www/html/wp-content/themes/reyjesuspf/index.php(3): Illuminate\View\View->render()
#6 /var/www/html/wp-includes/template-loader.php(106): include('/var/www/html/w...')
#7 /var/www/html/wp-blog-header.php(19): require_once('/var/www/html/w...')
#8 /var/www/html/index.php(17): require('/var/www/html/w...')
#9 {main}
  thrown in /var/www/html/wp-content/cache/acorn/framework/views/05b34d8c12b82f11290c5f75c5139ee3.php on line 49
[31-Jul-2025 20:33:44 UTC] PHP Warning:  Undefined array key 0 in /var/www/html/wp-content/cache/acorn/framework/views/05b34d8c12b82f11290c5f75c5139ee3.php on line 31
[31-Jul-2025 20:33:44 UTC] PHP Warning:  Trying to access array offset on null in /var/www/html/wp-content/cache/acorn/framework/views/05b34d8c12b82f11290c5f75c5139ee3.php on line 31
[31-Jul-2025 20:33:44 UTC] PHP Warning:  Undefined array key 0 in /var/www/html/wp-content/cache/acorn/framework/views/05b34d8c12b82f11290c5f75c5139ee3.php on line 34
[31-Jul-2025 20:33:44 UTC] PHP Warning:  Trying to access array offset on null in /var/www/html/wp-content/cache/acorn/framework/views/05b34d8c12b82f11290c5f75c5139ee3.php on line 34
[31-Jul-2025 20:33:44 UTC] PHP Warning:  Undefined array key 0 in /var/www/html/wp-content/cache/acorn/framework/views/05b34d8c12b82f11290c5f75c5139ee3.php on line 34
[31-Jul-2025 20:33:44 UTC] PHP Warning:  Trying to access array offset on null in /var/www/html/wp-content/cache/acorn/framework/views/05b34d8c12b82f11290c5f75c5139ee3.php on line 34
[31-Jul-2025 20:33:44 UTC] PHP Warning:  Trying to access array offset on int in /var/www/html/wp-content/cache/acorn/framework/views/05b34d8c12b82f11290c5f75c5139ee3.php on line 50
[31-Jul-2025 20:33:44 UTC] PHP Warning:  Trying to access array offset on null in /var/www/html/wp-content/cache/acorn/framework/views/05b34d8c12b82f11290c5f75c5139ee3.php on line 50
[31-Jul-2025 20:33:44 UTC] PHP Warning:  Trying to access array offset on int in /var/www/html/wp-content/cache/acorn/framework/views/05b34d8c12b82f11290c5f75c5139ee3.php on line 50
[31-Jul-2025 20:33:44 UTC] PHP Warning:  Trying to access array offset on null in /var/www/html/wp-content/cache/acorn/framework/views/05b34d8c12b82f11290c5f75c5139ee3.php on line 50
[31-Jul-2025 20:33:44 UTC] PHP Warning:  Trying to access array offset on int in /var/www/html/wp-content/cache/acorn/framework/views/05b34d8c12b82f11290c5f75c5139ee3.php on line 50
[31-Jul-2025 20:33:44 UTC] PHP Fatal error:  Uncaught TypeError: Cannot access offset of type string on string in /var/www/html/wp-content/cache/acorn/framework/views/05b34d8c12b82f11290c5f75c5139ee3.php:50
Stack trace:
#0 /var/www/html/wp-content/themes/reyjesuspf/vendor/illuminate/filesystem/Filesystem.php(123): require()
#1 /var/www/html/wp-content/themes/reyjesuspf/vendor/illuminate/filesystem/Filesystem.php(124): Illuminate\Filesystem\Filesystem::Illuminate\Filesystem\{closure}()
#2 /var/www/html/wp-content/themes/reyjesuspf/vendor/illuminate/view/Engines/PhpEngine.php(57): Illuminate\Filesystem\Filesystem->getRequire('/var/www/html/w...', Array)
#3 /var/www/html/wp-content/themes/reyjesuspf/vendor/illuminate/view/Engines/CompilerEngine.php(74): Illuminate\View\Engines\PhpEngine->evaluatePath('/var/www/html/w...', Array)
#4 /var/www/html/wp-content/themes/reyjesuspf/vendor/illuminate/view/View.php(208): Illuminate\View\Engines\CompilerEngine->get('/var/www/html/w...', Array)
#5 /var/www/html/wp-content/themes/reyjesuspf/vendor/illuminate/view/View.php(191): Illuminate\View\View->getContents()
#6 /var/www/html/wp-content/themes/reyjesuspf/vendor/illuminate/view/View.php(160): Illuminate\View\View->renderContents()
#7 /var/www/html/wp-content/cache/acorn/framework/views/dc966d021c38ce71e1a26dd8bc910081.php(9): Illuminate\View\View->render()
#8 /var/www/html/wp-content/themes/reyjesuspf/vendor/illuminate/filesystem/Filesystem.php(123): require('/var/www/html/w...')
#9 /var/www/html/wp-content/themes/reyjesuspf/vendor/illuminate/filesystem/Filesystem.php(124): Illuminate\Filesystem\Filesystem::Illuminate\Filesystem\{closure}()
#10 /var/www/html/wp-content/themes/reyjesuspf/vendor/illuminate/view/Engines/PhpEngine.php(57): Illuminate\Filesystem\Filesystem->getRequire('/var/www/html/w...', Array)
#11 /var/www/html/wp-content/themes/reyjesuspf/vendor/illuminate/view/Engines/CompilerEngine.php(74): Illuminate\View\Engines\PhpEngine->evaluatePath('/var/www/html/w...', Array)
#12 /var/www/html/wp-content/themes/reyjesuspf/vendor/illuminate/view/View.php(208): Illuminate\View\Engines\CompilerEngine->get('/var/www/html/w...', Array)
#13 /var/www/html/wp-content/themes/reyjesuspf/vendor/illuminate/view/View.php(191): Illuminate\View\View->getContents()
#14 /var/www/html/wp-content/themes/reyjesuspf/vendor/illuminate/view/View.php(160): Illuminate\View\View->renderContents()
#15 /var/www/html/wp-content/themes/reyjesuspf/index.php(3): Illuminate\View\View->render()
#16 /var/www/html/wp-includes/template-loader.php(106): include('/var/www/html/w...')
#17 /var/www/html/wp-blog-header.php(19): require_once('/var/www/html/w...')
#18 /var/www/html/index.php(17): require('/var/www/html/w...')
#19 {main}

Next Illuminate\View\ViewException: Cannot access offset of type string on string (View: /var/www/html/wp-content/themes/reyjesuspf/resources/views/partials/Yoconstruyo/fotostemplopage/fotostemplo.blade.php) in /var/www/html/wp-content/cache/acorn/framework/views/05b34d8c12b82f11290c5f75c5139ee3.php:50
Stack trace:
#0 /var/www/html/wp-content/themes/reyjesuspf/vendor/illuminate/view/Engines/PhpEngine.php(59): Illuminate\View\Engines\CompilerEngine->handleViewException(Object(TypeError), 2)
#1 /var/www/html/wp-content/themes/reyjesuspf/vendor/illuminate/view/Engines/CompilerEngine.php(74): Illuminate\View\Engines\PhpEngine->evaluatePath('/var/www/html/w...', Array)
#2 /var/www/html/wp-content/themes/reyjesuspf/vendor/illuminate/view/View.php(208): Illuminate\View\Engines\CompilerEngine->get('/var/www/html/w...', Array)
#3 /var/www/html/wp-content/themes/reyjesuspf/vendor/illuminate/view/View.php(191): Illuminate\View\View->getContents()
#4 /var/www/html/wp-content/themes/reyjesuspf/vendor/illuminate/view/View.php(160): Illuminate\View\View->renderContents()
#5 /var/www/html/wp-content/cache/acorn/framework/views/dc966d021c38ce71e1a26dd8bc910081.php(9): Illuminate\View\View->render()
#6 /var/www/html/wp-content/themes/reyjesuspf/vendor/illuminate/filesystem/Filesystem.php(123): require('/var/www/html/w...')
#7 /var/www/html/wp-content/themes/reyjesuspf/vendor/illuminate/filesystem/Filesystem.php(124): Illuminate\Filesystem\Filesystem::Illuminate\Filesystem\{closure}()
#8 /var/www/html/wp-content/themes/reyjesuspf/vendor/illuminate/view/Engines/PhpEngine.php(57): Illuminate\Filesystem\Filesystem->getRequire('/var/www/html/w...', Array)
#9 /var/www/html/wp-content/themes/reyjesuspf/vendor/illuminate/view/Engines/CompilerEngine.php(74): Illuminate\View\Engines\PhpEngine->evaluatePath('/var/www/html/w...', Array)
#10 /var/www/html/wp-content/themes/reyjesuspf/vendor/illuminate/view/View.php(208): Illuminate\View\Engines\CompilerEngine->get('/var/www/html/w...', Array)
#11 /var/www/html/wp-content/themes/reyjesuspf/vendor/illuminate/view/View.php(191): Illuminate\View\View->getContents()
#12 /var/www/html/wp-content/themes/reyjesuspf/vendor/illuminate/view/View.php(160): Illuminate\View\View->renderContents()
#13 /var/www/html/wp-content/themes/reyjesuspf/index.php(3): Illuminate\View\View->render()
#14 /var/www/html/wp-includes/template-loader.php(106): include('/var/www/html/w...')
#15 /var/www/html/wp-blog-header.php(19): require_once('/var/www/html/w...')
#16 /var/www/html/index.php(17): require('/var/www/html/w...')
#17 {main}

Next Illuminate\View\ViewException: Cannot access offset of type string on string (View: /var/www/html/wp-content/themes/reyjesuspf/resources/views/partials/Yoconstruyo/fotostemplopage/fotostemplo.blade.php) (View: /var/www/html/wp-content/themes/reyjesuspf/resources/views/partials/Yoconstruyo/fotostemplopage/fotostemplo.blade.php) in /var/www/html/wp-content/cache/acorn/framework/views/05b34d8c12b82f11290c5f75c5139ee3.php:50
Stack trace:
#0 /var/www/html/wp-content/themes/reyjesuspf/vendor/illuminate/view/Engines/PhpEngine.php(59): Illuminate\View\Engines\CompilerEngine->handleViewException(Object(Illuminate\View\ViewException), 0)
#1 /var/www/html/wp-content/themes/reyjesuspf/vendor/illuminate/view/Engines/CompilerEngine.php(74): Illuminate\View\Engines\PhpEngine->evaluatePath('/var/www/html/w...', Array)
#2 /var/www/html/wp-content/themes/reyjesuspf/vendor/illuminate/view/View.php(208): Illuminate\View\Engines\CompilerEngine->get('/var/www/html/w...', Array)
#3 /var/www/html/wp-content/themes/reyjesuspf/vendor/illuminate/view/View.php(191): Illuminate\View\View->getContents()
#4 /var/www/html/wp-content/themes/reyjesuspf/vendor/illuminate/view/View.php(160): Illuminate\View\View->renderContents()
#5 /var/www/html/wp-content/themes/reyjesuspf/index.php(3): Illuminate\View\View->render()
#6 /var/www/html/wp-includes/template-loader.php(106): include('/var/www/html/w...')
#7 /var/www/html/wp-blog-header.php(19): require_once('/var/www/html/w...')
#8 /var/www/html/index.php(17): require('/var/www/html/w...')
#9 {main}
  thrown in /var/www/html/wp-content/cache/acorn/framework/views/05b34d8c12b82f11290c5f75c5139ee3.php on line 50
[31-Jul-2025 20:34:10 UTC] PHP Warning:  Undefined array key 0 in /var/www/html/wp-content/cache/acorn/framework/views/05b34d8c12b82f11290c5f75c5139ee3.php on line 34
[31-Jul-2025 20:34:10 UTC] PHP Warning:  Trying to access array offset on null in /var/www/html/wp-content/cache/acorn/framework/views/05b34d8c12b82f11290c5f75c5139ee3.php on line 34
[31-Jul-2025 20:34:10 UTC] PHP Warning:  Undefined array key 0 in /var/www/html/wp-content/cache/acorn/framework/views/05b34d8c12b82f11290c5f75c5139ee3.php on line 34
[31-Jul-2025 20:34:10 UTC] PHP Warning:  Trying to access array offset on null in /var/www/html/wp-content/cache/acorn/framework/views/05b34d8c12b82f11290c5f75c5139ee3.php on line 34
[31-Jul-2025 20:34:10 UTC] PHP Warning:  Trying to access array offset on int in /var/www/html/wp-content/cache/acorn/framework/views/05b34d8c12b82f11290c5f75c5139ee3.php on line 50
[31-Jul-2025 20:34:10 UTC] PHP Warning:  Trying to access array offset on null in /var/www/html/wp-content/cache/acorn/framework/views/05b34d8c12b82f11290c5f75c5139ee3.php on line 50
[31-Jul-2025 20:34:10 UTC] PHP Warning:  Trying to access array offset on int in /var/www/html/wp-content/cache/acorn/framework/views/05b34d8c12b82f11290c5f75c5139ee3.php on line 50
[31-Jul-2025 20:34:10 UTC] PHP Warning:  Trying to access array offset on null in /var/www/html/wp-content/cache/acorn/framework/views/05b34d8c12b82f11290c5f75c5139ee3.php on line 50
[31-Jul-2025 20:34:10 UTC] PHP Warning:  Trying to access array offset on int in /var/www/html/wp-content/cache/acorn/framework/views/05b34d8c12b82f11290c5f75c5139ee3.php on line 50
[31-Jul-2025 20:34:10 UTC] PHP Fatal error:  Uncaught TypeError: Cannot access offset of type string on string in /var/www/html/wp-content/cache/acorn/framework/views/05b34d8c12b82f11290c5f75c5139ee3.php:50
Stack trace:
#0 /var/www/html/wp-content/themes/reyjesuspf/vendor/illuminate/filesystem/Filesystem.php(123): require()
#1 /var/www/html/wp-content/themes/reyjesuspf/vendor/illuminate/filesystem/Filesystem.php(124): Illuminate\Filesystem\Filesystem::Illuminate\Filesystem\{closure}()
#2 /var/www/html/wp-content/themes/reyjesuspf/vendor/illuminate/view/Engines/PhpEngine.php(57): Illuminate\Filesystem\Filesystem->getRequire('/var/www/html/w...', Array)
#3 /var/www/html/wp-content/themes/reyjesuspf/vendor/illuminate/view/Engines/CompilerEngine.php(74): Illuminate\View\Engines\PhpEngine->evaluatePath('/var/www/html/w...', Array)
#4 /var/www/html/wp-content/themes/reyjesuspf/vendor/illuminate/view/View.php(208): Illuminate\View\Engines\CompilerEngine->get('/var/www/html/w...', Array)
#5 /var/www/html/wp-content/themes/reyjesuspf/vendor/illuminate/view/View.php(191): Illuminate\View\View->getContents()
#6 /var/www/html/wp-content/themes/reyjesuspf/vendor/illuminate/view/View.php(160): Illuminate\View\View->renderContents()
#7 /var/www/html/wp-content/cache/acorn/framework/views/dc966d021c38ce71e1a26dd8bc910081.php(9): Illuminate\View\View->render()
#8 /var/www/html/wp-content/themes/reyjesuspf/vendor/illuminate/filesystem/Filesystem.php(123): require('/var/www/html/w...')
#9 /var/www/html/wp-content/themes/reyjesuspf/vendor/illuminate/filesystem/Filesystem.php(124): Illuminate\Filesystem\Filesystem::Illuminate\Filesystem\{closure}()
#10 /var/www/html/wp-content/themes/reyjesuspf/vendor/illuminate/view/Engines/PhpEngine.php(57): Illuminate\Filesystem\Filesystem->getRequire('/var/www/html/w...', Array)
#11 /var/www/html/wp-content/themes/reyjesuspf/vendor/illuminate/view/Engines/CompilerEngine.php(74): Illuminate\View\Engines\PhpEngine->evaluatePath('/var/www/html/w...', Array)
#12 /var/www/html/wp-content/themes/reyjesuspf/vendor/illuminate/view/View.php(208): Illuminate\View\Engines\CompilerEngine->get('/var/www/html/w...', Array)
#13 /var/www/html/wp-content/themes/reyjesuspf/vendor/illuminate/view/View.php(191): Illuminate\View\View->getContents()
#14 /var/www/html/wp-content/themes/reyjesuspf/vendor/illuminate/view/View.php(160): Illuminate\View\View->renderContents()
#15 /var/www/html/wp-content/themes/reyjesuspf/index.php(3): Illuminate\View\View->render()
#16 /var/www/html/wp-includes/template-loader.php(106): include('/var/www/html/w...')
#17 /var/www/html/wp-blog-header.php(19): require_once('/var/www/html/w...')
#18 /var/www/html/index.php(17): require('/var/www/html/w...')
#19 {main}

Next Illuminate\View\ViewException: Cannot access offset of type string on string (View: /var/www/html/wp-content/themes/reyjesuspf/resources/views/partials/Yoconstruyo/fotostemplopage/fotostemplo.blade.php) in /var/www/html/wp-content/cache/acorn/framework/views/05b34d8c12b82f11290c5f75c5139ee3.php:50
Stack trace:
#0 /var/www/html/wp-content/themes/reyjesuspf/vendor/illuminate/view/Engines/PhpEngine.php(59): Illuminate\View\Engines\CompilerEngine->handleViewException(Object(TypeError), 2)
#1 /var/www/html/wp-content/themes/reyjesuspf/vendor/illuminate/view/Engines/CompilerEngine.php(74): Illuminate\View\Engines\PhpEngine->evaluatePath('/var/www/html/w...', Array)
#2 /var/www/html/wp-content/themes/reyjesuspf/vendor/illuminate/view/View.php(208): Illuminate\View\Engines\CompilerEngine->get('/var/www/html/w...', Array)
#3 /var/www/html/wp-content/themes/reyjesuspf/vendor/illuminate/view/View.php(191): Illuminate\View\View->getContents()
#4 /var/www/html/wp-content/themes/reyjesuspf/vendor/illuminate/view/View.php(160): Illuminate\View\View->renderContents()
#5 /var/www/html/wp-content/cache/acorn/framework/views/dc966d021c38ce71e1a26dd8bc910081.php(9): Illuminate\View\View->render()
#6 /var/www/html/wp-content/themes/reyjesuspf/vendor/illuminate/filesystem/Filesystem.php(123): require('/var/www/html/w...')
#7 /var/www/html/wp-content/themes/reyjesuspf/vendor/illuminate/filesystem/Filesystem.php(124): Illuminate\Filesystem\Filesystem::Illuminate\Filesystem\{closure}()
#8 /var/www/html/wp-content/themes/reyjesuspf/vendor/illuminate/view/Engines/PhpEngine.php(57): Illuminate\Filesystem\Filesystem->getRequire('/var/www/html/w...', Array)
#9 /var/www/html/wp-content/themes/reyjesuspf/vendor/illuminate/view/Engines/CompilerEngine.php(74): Illuminate\View\Engines\PhpEngine->evaluatePath('/var/www/html/w...', Array)
#10 /var/www/html/wp-content/themes/reyjesuspf/vendor/illuminate/view/View.php(208): Illuminate\View\Engines\CompilerEngine->get('/var/www/html/w...', Array)
#11 /var/www/html/wp-content/themes/reyjesuspf/vendor/illuminate/view/View.php(191): Illuminate\View\View->getContents()
#12 /var/www/html/wp-content/themes/reyjesuspf/vendor/illuminate/view/View.php(160): Illuminate\View\View->renderContents()
#13 /var/www/html/wp-content/themes/reyjesuspf/index.php(3): Illuminate\View\View->render()
#14 /var/www/html/wp-includes/template-loader.php(106): include('/var/www/html/w...')
#15 /var/www/html/wp-blog-header.php(19): require_once('/var/www/html/w...')
#16 /var/www/html/index.php(17): require('/var/www/html/w...')
#17 {main}

Next Illuminate\View\ViewException: Cannot access offset of type string on string (View: /var/www/html/wp-content/themes/reyjesuspf/resources/views/partials/Yoconstruyo/fotostemplopage/fotostemplo.blade.php) (View: /var/www/html/wp-content/themes/reyjesuspf/resources/views/partials/Yoconstruyo/fotostemplopage/fotostemplo.blade.php) in /var/www/html/wp-content/cache/acorn/framework/views/05b34d8c12b82f11290c5f75c5139ee3.php:50
Stack trace:
#0 /var/www/html/wp-content/themes/reyjesuspf/vendor/illuminate/view/Engines/PhpEngine.php(59): Illuminate\View\Engines\CompilerEngine->handleViewException(Object(Illuminate\View\ViewException), 0)
#1 /var/www/html/wp-content/themes/reyjesuspf/vendor/illuminate/view/Engines/CompilerEngine.php(74): Illuminate\View\Engines\PhpEngine->evaluatePath('/var/www/html/w...', Array)
#2 /var/www/html/wp-content/themes/reyjesuspf/vendor/illuminate/view/View.php(208): Illuminate\View\Engines\CompilerEngine->get('/var/www/html/w...', Array)
#3 /var/www/html/wp-content/themes/reyjesuspf/vendor/illuminate/view/View.php(191): Illuminate\View\View->getContents()
#4 /var/www/html/wp-content/themes/reyjesuspf/vendor/illuminate/view/View.php(160): Illuminate\View\View->renderContents()
#5 /var/www/html/wp-content/themes/reyjesuspf/index.php(3): Illuminate\View\View->render()
#6 /var/www/html/wp-includes/template-loader.php(106): include('/var/www/html/w...')
#7 /var/www/html/wp-blog-header.php(19): require_once('/var/www/html/w...')
#8 /var/www/html/index.php(17): require('/var/www/html/w...')
#9 {main}
  thrown in /var/www/html/wp-content/cache/acorn/framework/views/05b34d8c12b82f11290c5f75c5139ee3.php on line 50
[31-Jul-2025 20:34:57 UTC] PHP Fatal error:  Uncaught ParseError: syntax error, unexpected end of file, expecting "elseif" or "else" or "endif" in /var/www/html/wp-content/cache/acorn/framework/views/05b34d8c12b82f11290c5f75c5139ee3.php:32
Stack trace:
#0 /var/www/html/wp-content/themes/reyjesuspf/vendor/illuminate/filesystem/Filesystem.php(124): Illuminate\Filesystem\Filesystem::Illuminate\Filesystem\{closure}()
#1 /var/www/html/wp-content/themes/reyjesuspf/vendor/illuminate/view/Engines/PhpEngine.php(57): Illuminate\Filesystem\Filesystem->getRequire('/var/www/html/w...', Array)
#2 /var/www/html/wp-content/themes/reyjesuspf/vendor/illuminate/view/Engines/CompilerEngine.php(74): Illuminate\View\Engines\PhpEngine->evaluatePath('/var/www/html/w...', Array)
#3 /var/www/html/wp-content/themes/reyjesuspf/vendor/illuminate/view/View.php(208): Illuminate\View\Engines\CompilerEngine->get('/var/www/html/w...', Array)
#4 /var/www/html/wp-content/themes/reyjesuspf/vendor/illuminate/view/View.php(191): Illuminate\View\View->getContents()
#5 /var/www/html/wp-content/themes/reyjesuspf/vendor/illuminate/view/View.php(160): Illuminate\View\View->renderContents()
#6 /var/www/html/wp-content/cache/acorn/framework/views/dc966d021c38ce71e1a26dd8bc910081.php(9): Illuminate\View\View->render()
#7 /var/www/html/wp-content/themes/reyjesuspf/vendor/illuminate/filesystem/Filesystem.php(123): require('/var/www/html/w...')
#8 /var/www/html/wp-content/themes/reyjesuspf/vendor/illuminate/filesystem/Filesystem.php(124): Illuminate\Filesystem\Filesystem::Illuminate\Filesystem\{closure}()
#9 /var/www/html/wp-content/themes/reyjesuspf/vendor/illuminate/view/Engines/PhpEngine.php(57): Illuminate\Filesystem\Filesystem->getRequire('/var/www/html/w...', Array)
#10 /var/www/html/wp-content/themes/reyjesuspf/vendor/illuminate/view/Engines/CompilerEngine.php(74): Illuminate\View\Engines\PhpEngine->evaluatePath('/var/www/html/w...', Array)
#11 /var/www/html/wp-content/themes/reyjesuspf/vendor/illuminate/view/View.php(208): Illuminate\View\Engines\CompilerEngine->get('/var/www/html/w...', Array)
#12 /var/www/html/wp-content/themes/reyjesuspf/vendor/illuminate/view/View.php(191): Illuminate\View\View->getContents()
#13 /var/www/html/wp-content/themes/reyjesuspf/vendor/illuminate/view/View.php(160): Illuminate\View\View->renderContents()
#14 /var/www/html/wp-content/themes/reyjesuspf/index.php(3): Illuminate\View\View->render()
#15 /var/www/html/wp-includes/template-loader.php(106): include('/var/www/html/w...')
#16 /var/www/html/wp-blog-header.php(19): require_once('/var/www/html/w...')
#17 /var/www/html/index.php(17): require('/var/www/html/w...')
#18 {main}

Next Illuminate\View\ViewException: syntax error, unexpected end of file, expecting "elseif" or "else" or "endif" (View: /var/www/html/wp-content/themes/reyjesuspf/resources/views/partials/Yoconstruyo/fotostemplopage/fotostemplo.blade.php) in /var/www/html/wp-content/cache/acorn/framework/views/05b34d8c12b82f11290c5f75c5139ee3.php:32
Stack trace:
#0 /var/www/html/wp-content/themes/reyjesuspf/vendor/illuminate/view/Engines/PhpEngine.php(59): Illuminate\View\Engines\CompilerEngine->handleViewException(Object(ParseError), 2)
#1 /var/www/html/wp-content/themes/reyjesuspf/vendor/illuminate/view/Engines/CompilerEngine.php(74): Illuminate\View\Engines\PhpEngine->evaluatePath('/var/www/html/w...', Array)
#2 /var/www/html/wp-content/themes/reyjesuspf/vendor/illuminate/view/View.php(208): Illuminate\View\Engines\CompilerEngine->get('/var/www/html/w...', Array)
#3 /var/www/html/wp-content/themes/reyjesuspf/vendor/illuminate/view/View.php(191): Illuminate\View\View->getContents()
#4 /var/www/html/wp-content/themes/reyjesuspf/vendor/illuminate/view/View.php(160): Illuminate\View\View->renderContents()
#5 /var/www/html/wp-content/cache/acorn/framework/views/dc966d021c38ce71e1a26dd8bc910081.php(9): Illuminate\View\View->render()
#6 /var/www/html/wp-content/themes/reyjesuspf/vendor/illuminate/filesystem/Filesystem.php(123): require('/var/www/html/w...')
#7 /var/www/html/wp-content/themes/reyjesuspf/vendor/illuminate/filesystem/Filesystem.php(124): Illuminate\Filesystem\Filesystem::Illuminate\Filesystem\{closure}()
#8 /var/www/html/wp-content/themes/reyjesuspf/vendor/illuminate/view/Engines/PhpEngine.php(57): Illuminate\Filesystem\Filesystem->getRequire('/var/www/html/w...', Array)
#9 /var/www/html/wp-content/themes/reyjesuspf/vendor/illuminate/view/Engines/CompilerEngine.php(74): Illuminate\View\Engines\PhpEngine->evaluatePath('/var/www/html/w...', Array)
#10 /var/www/html/wp-content/themes/reyjesuspf/vendor/illuminate/view/View.php(208): Illuminate\View\Engines\CompilerEngine->get('/var/www/html/w...', Array)
#11 /var/www/html/wp-content/themes/reyjesuspf/vendor/illuminate/view/View.php(191): Illuminate\View\View->getContents()
#12 /var/www/html/wp-content/themes/reyjesuspf/vendor/illuminate/view/View.php(160): Illuminate\View\View->renderContents()
#13 /var/www/html/wp-content/themes/reyjesuspf/index.php(3): Illuminate\View\View->render()
#14 /var/www/html/wp-includes/template-loader.php(106): include('/var/www/html/w...')
#15 /var/www/html/wp-blog-header.php(19): require_once('/var/www/html/w...')
#16 /var/www/html/index.php(17): require('/var/www/html/w...')
#17 {main}

Next Illuminate\View\ViewException: syntax error, unexpected end of file, expecting "elseif" or "else" or "endif" (View: /var/www/html/wp-content/themes/reyjesuspf/resources/views/partials/Yoconstruyo/fotostemplopage/fotostemplo.blade.php) (View: /var/www/html/wp-content/themes/reyjesuspf/resources/views/partials/Yoconstruyo/fotostemplopage/fotostemplo.blade.php) in /var/www/html/wp-content/cache/acorn/framework/views/05b34d8c12b82f11290c5f75c5139ee3.php:32
Stack trace:
#0 /var/www/html/wp-content/themes/reyjesuspf/vendor/illuminate/view/Engines/PhpEngine.php(59): Illuminate\View\Engines\CompilerEngine->handleViewException(Object(Illuminate\View\ViewException), 0)
#1 /var/www/html/wp-content/themes/reyjesuspf/vendor/illuminate/view/Engines/CompilerEngine.php(74): Illuminate\View\Engines\PhpEngine->evaluatePath('/var/www/html/w...', Array)
#2 /var/www/html/wp-content/themes/reyjesuspf/vendor/illuminate/view/View.php(208): Illuminate\View\Engines\CompilerEngine->get('/var/www/html/w...', Array)
#3 /var/www/html/wp-content/themes/reyjesuspf/vendor/illuminate/view/View.php(191): Illuminate\View\View->getContents()
#4 /var/www/html/wp-content/themes/reyjesuspf/vendor/illuminate/view/View.php(160): Illuminate\View\View->renderContents()
#5 /var/www/html/wp-content/themes/reyjesuspf/index.php(3): Illuminate\View\View->render()
#6 /var/www/html/wp-includes/template-loader.php(106): include('/var/www/html/w...')
#7 /var/www/html/wp-blog-header.php(19): require_once('/var/www/html/w...')
#8 /var/www/html/index.php(17): require('/var/www/html/w...')
#9 {main}
  thrown in /var/www/html/wp-content/cache/acorn/framework/views/05b34d8c12b82f11290c5f75c5139ee3.php on line 32
[31-Jul-2025 20:36:53 UTC] PHP Warning:  Undefined array key 0 in /var/www/html/wp-content/cache/acorn/framework/views/05b34d8c12b82f11290c5f75c5139ee3.php on line 31
[31-Jul-2025 20:50:48 UTC] PHP Warning:  Undefined array key 0 in /var/www/html/wp-content/cache/acorn/framework/views/05b34d8c12b82f11290c5f75c5139ee3.php on line 33
[31-Jul-2025 20:58:56 UTC] PHP Warning:  Undefined array key 0 in /var/www/html/wp-content/cache/acorn/framework/views/05b34d8c12b82f11290c5f75c5139ee3.php on line 34
[31-Jul-2025 20:58:56 UTC] PHP Warning:  Trying to access array offset on null in /var/www/html/wp-content/cache/acorn/framework/views/05b34d8c12b82f11290c5f75c5139ee3.php on line 34
[31-Jul-2025 20:58:56 UTC] PHP Warning:  Undefined array key 0 in /var/www/html/wp-content/cache/acorn/framework/views/05b34d8c12b82f11290c5f75c5139ee3.php on line 34
[31-Jul-2025 20:58:56 UTC] PHP Warning:  Trying to access array offset on null in /var/www/html/wp-content/cache/acorn/framework/views/05b34d8c12b82f11290c5f75c5139ee3.php on line 34
[31-Jul-2025 20:58:56 UTC] PHP Warning:  Trying to access array offset on int in /var/www/html/wp-content/cache/acorn/framework/views/05b34d8c12b82f11290c5f75c5139ee3.php on line 50
[31-Jul-2025 20:58:56 UTC] PHP Warning:  Trying to access array offset on null in /var/www/html/wp-content/cache/acorn/framework/views/05b34d8c12b82f11290c5f75c5139ee3.php on line 50
[31-Jul-2025 20:58:56 UTC] PHP Warning:  Trying to access array offset on int in /var/www/html/wp-content/cache/acorn/framework/views/05b34d8c12b82f11290c5f75c5139ee3.php on line 50
[31-Jul-2025 20:58:56 UTC] PHP Warning:  Trying to access array offset on null in /var/www/html/wp-content/cache/acorn/framework/views/05b34d8c12b82f11290c5f75c5139ee3.php on line 50
[31-Jul-2025 20:58:56 UTC] PHP Warning:  Trying to access array offset on int in /var/www/html/wp-content/cache/acorn/framework/views/05b34d8c12b82f11290c5f75c5139ee3.php on line 50
[31-Jul-2025 20:58:56 UTC] PHP Fatal error:  Uncaught TypeError: Cannot access offset of type string on string in /var/www/html/wp-content/cache/acorn/framework/views/05b34d8c12b82f11290c5f75c5139ee3.php:50
Stack trace:
#0 /var/www/html/wp-content/themes/reyjesuspf/vendor/illuminate/filesystem/Filesystem.php(123): require()
#1 /var/www/html/wp-content/themes/reyjesuspf/vendor/illuminate/filesystem/Filesystem.php(124): Illuminate\Filesystem\Filesystem::Illuminate\Filesystem\{closure}()
#2 /var/www/html/wp-content/themes/reyjesuspf/vendor/illuminate/view/Engines/PhpEngine.php(57): Illuminate\Filesystem\Filesystem->getRequire('/var/www/html/w...', Array)
#3 /var/www/html/wp-content/themes/reyjesuspf/vendor/illuminate/view/Engines/CompilerEngine.php(74): Illuminate\View\Engines\PhpEngine->evaluatePath('/var/www/html/w...', Array)
#4 /var/www/html/wp-content/themes/reyjesuspf/vendor/illuminate/view/View.php(208): Illuminate\View\Engines\CompilerEngine->get('/var/www/html/w...', Array)
#5 /var/www/html/wp-content/themes/reyjesuspf/vendor/illuminate/view/View.php(191): Illuminate\View\View->getContents()
#6 /var/www/html/wp-content/themes/reyjesuspf/vendor/illuminate/view/View.php(160): Illuminate\View\View->renderContents()
#7 /var/www/html/wp-content/cache/acorn/framework/views/dc966d021c38ce71e1a26dd8bc910081.php(9): Illuminate\View\View->render()
#8 /var/www/html/wp-content/themes/reyjesuspf/vendor/illuminate/filesystem/Filesystem.php(123): require('/var/www/html/w...')
#9 /var/www/html/wp-content/themes/reyjesuspf/vendor/illuminate/filesystem/Filesystem.php(124): Illuminate\Filesystem\Filesystem::Illuminate\Filesystem\{closure}()
#10 /var/www/html/wp-content/themes/reyjesuspf/vendor/illuminate/view/Engines/PhpEngine.php(57): Illuminate\Filesystem\Filesystem->getRequire('/var/www/html/w...', Array)
#11 /var/www/html/wp-content/themes/reyjesuspf/vendor/illuminate/view/Engines/CompilerEngine.php(74): Illuminate\View\Engines\PhpEngine->evaluatePath('/var/www/html/w...', Array)
#12 /var/www/html/wp-content/themes/reyjesuspf/vendor/illuminate/view/View.php(208): Illuminate\View\Engines\CompilerEngine->get('/var/www/html/w...', Array)
#13 /var/www/html/wp-content/themes/reyjesuspf/vendor/illuminate/view/View.php(191): Illuminate\View\View->getContents()
#14 /var/www/html/wp-content/themes/reyjesuspf/vendor/illuminate/view/View.php(160): Illuminate\View\View->renderContents()
#15 /var/www/html/wp-content/themes/reyjesuspf/index.php(3): Illuminate\View\View->render()
#16 /var/www/html/wp-includes/template-loader.php(106): include('/var/www/html/w...')
#17 /var/www/html/wp-blog-header.php(19): require_once('/var/www/html/w...')
#18 /var/www/html/index.php(17): require('/var/www/html/w...')
#19 {main}

Next Illuminate\View\ViewException: Cannot access offset of type string on string (View: /var/www/html/wp-content/themes/reyjesuspf/resources/views/partials/Yoconstruyo/fotostemplopage/fotostemplo.blade.php) in /var/www/html/wp-content/cache/acorn/framework/views/05b34d8c12b82f11290c5f75c5139ee3.php:50
Stack trace:
#0 /var/www/html/wp-content/themes/reyjesuspf/vendor/illuminate/view/Engines/PhpEngine.php(59): Illuminate\View\Engines\CompilerEngine->handleViewException(Object(TypeError), 2)
#1 /var/www/html/wp-content/themes/reyjesuspf/vendor/illuminate/view/Engines/CompilerEngine.php(74): Illuminate\View\Engines\PhpEngine->evaluatePath('/var/www/html/w...', Array)
#2 /var/www/html/wp-content/themes/reyjesuspf/vendor/illuminate/view/View.php(208): Illuminate\View\Engines\CompilerEngine->get('/var/www/html/w...', Array)
#3 /var/www/html/wp-content/themes/reyjesuspf/vendor/illuminate/view/View.php(191): Illuminate\View\View->getContents()
#4 /var/www/html/wp-content/themes/reyjesuspf/vendor/illuminate/view/View.php(160): Illuminate\View\View->renderContents()
#5 /var/www/html/wp-content/cache/acorn/framework/views/dc966d021c38ce71e1a26dd8bc910081.php(9): Illuminate\View\View->render()
#6 /var/www/html/wp-content/themes/reyjesuspf/vendor/illuminate/filesystem/Filesystem.php(123): require('/var/www/html/w...')
#7 /var/www/html/wp-content/themes/reyjesuspf/vendor/illuminate/filesystem/Filesystem.php(124): Illuminate\Filesystem\Filesystem::Illuminate\Filesystem\{closure}()
#8 /var/www/html/wp-content/themes/reyjesuspf/vendor/illuminate/view/Engines/PhpEngine.php(57): Illuminate\Filesystem\Filesystem->getRequire('/var/www/html/w...', Array)
#9 /var/www/html/wp-content/themes/reyjesuspf/vendor/illuminate/view/Engines/CompilerEngine.php(74): Illuminate\View\Engines\PhpEngine->evaluatePath('/var/www/html/w...', Array)
#10 /var/www/html/wp-content/themes/reyjesuspf/vendor/illuminate/view/View.php(208): Illuminate\View\Engines\CompilerEngine->get('/var/www/html/w...', Array)
#11 /var/www/html/wp-content/themes/reyjesuspf/vendor/illuminate/view/View.php(191): Illuminate\View\View->getContents()
#12 /var/www/html/wp-content/themes/reyjesuspf/vendor/illuminate/view/View.php(160): Illuminate\View\View->renderContents()
#13 /var/www/html/wp-content/themes/reyjesuspf/index.php(3): Illuminate\View\View->render()
#14 /var/www/html/wp-includes/template-loader.php(106): include('/var/www/html/w...')
#15 /var/www/html/wp-blog-header.php(19): require_once('/var/www/html/w...')
#16 /var/www/html/index.php(17): require('/var/www/html/w...')
#17 {main}

Next Illuminate\View\ViewException: Cannot access offset of type string on string (View: /var/www/html/wp-content/themes/reyjesuspf/resources/views/partials/Yoconstruyo/fotostemplopage/fotostemplo.blade.php) (View: /var/www/html/wp-content/themes/reyjesuspf/resources/views/partials/Yoconstruyo/fotostemplopage/fotostemplo.blade.php) in /var/www/html/wp-content/cache/acorn/framework/views/05b34d8c12b82f11290c5f75c5139ee3.php:50
Stack trace:
#0 /var/www/html/wp-content/themes/reyjesuspf/vendor/illuminate/view/Engines/PhpEngine.php(59): Illuminate\View\Engines\CompilerEngine->handleViewException(Object(Illuminate\View\ViewException), 0)
#1 /var/www/html/wp-content/themes/reyjesuspf/vendor/illuminate/view/Engines/CompilerEngine.php(74): Illuminate\View\Engines\PhpEngine->evaluatePath('/var/www/html/w...', Array)
#2 /var/www/html/wp-content/themes/reyjesuspf/vendor/illuminate/view/View.php(208): Illuminate\View\Engines\CompilerEngine->get('/var/www/html/w...', Array)
#3 /var/www/html/wp-content/themes/reyjesuspf/vendor/illuminate/view/View.php(191): Illuminate\View\View->getContents()
#4 /var/www/html/wp-content/themes/reyjesuspf/vendor/illuminate/view/View.php(160): Illuminate\View\View->renderContents()
#5 /var/www/html/wp-content/themes/reyjesuspf/index.php(3): Illuminate\View\View->render()
#6 /var/www/html/wp-includes/template-loader.php(106): include('/var/www/html/w...')
#7 /var/www/html/wp-blog-header.php(19): require_once('/var/www/html/w...')
#8 /var/www/html/index.php(17): require('/var/www/html/w...')
#9 {main}
  thrown in /var/www/html/wp-content/cache/acorn/framework/views/05b34d8c12b82f11290c5f75c5139ee3.php on line 50
[31-Jul-2025 21:00:01 UTC] PHP Warning:  Undefined array key 0 in /var/www/html/wp-content/cache/acorn/framework/views/05b34d8c12b82f11290c5f75c5139ee3.php on line 34
[31-Jul-2025 21:00:01 UTC] PHP Warning:  Trying to access array offset on null in /var/www/html/wp-content/cache/acorn/framework/views/05b34d8c12b82f11290c5f75c5139ee3.php on line 34
[31-Jul-2025 21:00:01 UTC] PHP Warning:  Trying to access array offset on int in /var/www/html/wp-content/cache/acorn/framework/views/05b34d8c12b82f11290c5f75c5139ee3.php on line 50
[31-Jul-2025 21:00:01 UTC] PHP Warning:  Trying to access array offset on null in /var/www/html/wp-content/cache/acorn/framework/views/05b34d8c12b82f11290c5f75c5139ee3.php on line 50
[31-Jul-2025 21:00:01 UTC] PHP Warning:  Trying to access array offset on int in /var/www/html/wp-content/cache/acorn/framework/views/05b34d8c12b82f11290c5f75c5139ee3.php on line 50
[31-Jul-2025 21:00:01 UTC] PHP Warning:  Trying to access array offset on null in /var/www/html/wp-content/cache/acorn/framework/views/05b34d8c12b82f11290c5f75c5139ee3.php on line 50
[31-Jul-2025 21:00:01 UTC] PHP Fatal error:  Uncaught TypeError: Cannot access offset of type string on string in /var/www/html/wp-content/cache/acorn/framework/views/05b34d8c12b82f11290c5f75c5139ee3.php:50
Stack trace:
#0 /var/www/html/wp-content/themes/reyjesuspf/vendor/illuminate/filesystem/Filesystem.php(123): require()
#1 /var/www/html/wp-content/themes/reyjesuspf/vendor/illuminate/filesystem/Filesystem.php(124): Illuminate\Filesystem\Filesystem::Illuminate\Filesystem\{closure}()
#2 /var/www/html/wp-content/themes/reyjesuspf/vendor/illuminate/view/Engines/PhpEngine.php(57): Illuminate\Filesystem\Filesystem->getRequire('/var/www/html/w...', Array)
#3 /var/www/html/wp-content/themes/reyjesuspf/vendor/illuminate/view/Engines/CompilerEngine.php(74): Illuminate\View\Engines\PhpEngine->evaluatePath('/var/www/html/w...', Array)
#4 /var/www/html/wp-content/themes/reyjesuspf/vendor/illuminate/view/View.php(208): Illuminate\View\Engines\CompilerEngine->get('/var/www/html/w...', Array)
#5 /var/www/html/wp-content/themes/reyjesuspf/vendor/illuminate/view/View.php(191): Illuminate\View\View->getContents()
#6 /var/www/html/wp-content/themes/reyjesuspf/vendor/illuminate/view/View.php(160): Illuminate\View\View->renderContents()
#7 /var/www/html/wp-content/cache/acorn/framework/views/dc966d021c38ce71e1a26dd8bc910081.php(9): Illuminate\View\View->render()
#8 /var/www/html/wp-content/themes/reyjesuspf/vendor/illuminate/filesystem/Filesystem.php(123): require('/var/www/html/w...')
#9 /var/www/html/wp-content/themes/reyjesuspf/vendor/illuminate/filesystem/Filesystem.php(124): Illuminate\Filesystem\Filesystem::Illuminate\Filesystem\{closure}()
#10 /var/www/html/wp-content/themes/reyjesuspf/vendor/illuminate/view/Engines/PhpEngine.php(57): Illuminate\Filesystem\Filesystem->getRequire('/var/www/html/w...', Array)
#11 /var/www/html/wp-content/themes/reyjesuspf/vendor/illuminate/view/Engines/CompilerEngine.php(74): Illuminate\View\Engines\PhpEngine->evaluatePath('/var/www/html/w...', Array)
#12 /var/www/html/wp-content/themes/reyjesuspf/vendor/illuminate/view/View.php(208): Illuminate\View\Engines\CompilerEngine->get('/var/www/html/w...', Array)
#13 /var/www/html/wp-content/themes/reyjesuspf/vendor/illuminate/view/View.php(191): Illuminate\View\View->getContents()
#14 /var/www/html/wp-content/themes/reyjesuspf/vendor/illuminate/view/View.php(160): Illuminate\View\View->renderContents()
#15 /var/www/html/wp-content/themes/reyjesuspf/index.php(3): Illuminate\View\View->render()
#16 /var/www/html/wp-includes/template-loader.php(106): include('/var/www/html/w...')
#17 /var/www/html/wp-blog-header.php(19): require_once('/var/www/html/w...')
#18 /var/www/html/index.php(17): require('/var/www/html/w...')
#19 {main}

Next Illuminate\View\ViewException: Cannot access offset of type string on string (View: /var/www/html/wp-content/themes/reyjesuspf/resources/views/partials/Yoconstruyo/fotostemplopage/fotostemplo.blade.php) in /var/www/html/wp-content/cache/acorn/framework/views/05b34d8c12b82f11290c5f75c5139ee3.php:50
Stack trace:
#0 /var/www/html/wp-content/themes/reyjesuspf/vendor/illuminate/view/Engines/PhpEngine.php(59): Illuminate\View\Engines\CompilerEngine->handleViewException(Object(TypeError), 2)
#1 /var/www/html/wp-content/themes/reyjesuspf/vendor/illuminate/view/Engines/CompilerEngine.php(74): Illuminate\View\Engines\PhpEngine->evaluatePath('/var/www/html/w...', Array)
#2 /var/www/html/wp-content/themes/reyjesuspf/vendor/illuminate/view/View.php(208): Illuminate\View\Engines\CompilerEngine->get('/var/www/html/w...', Array)
#3 /var/www/html/wp-content/themes/reyjesuspf/vendor/illuminate/view/View.php(191): Illuminate\View\View->getContents()
#4 /var/www/html/wp-content/themes/reyjesuspf/vendor/illuminate/view/View.php(160): Illuminate\View\View->renderContents()
#5 /var/www/html/wp-content/cache/acorn/framework/views/dc966d021c38ce71e1a26dd8bc910081.php(9): Illuminate\View\View->render()
#6 /var/www/html/wp-content/themes/reyjesuspf/vendor/illuminate/filesystem/Filesystem.php(123): require('/var/www/html/w...')
#7 /var/www/html/wp-content/themes/reyjesuspf/vendor/illuminate/filesystem/Filesystem.php(124): Illuminate\Filesystem\Filesystem::Illuminate\Filesystem\{closure}()
#8 /var/www/html/wp-content/themes/reyjesuspf/vendor/illuminate/view/Engines/PhpEngine.php(57): Illuminate\Filesystem\Filesystem->getRequire('/var/www/html/w...', Array)
#9 /var/www/html/wp-content/themes/reyjesuspf/vendor/illuminate/view/Engines/CompilerEngine.php(74): Illuminate\View\Engines\PhpEngine->evaluatePath('/var/www/html/w...', Array)
#10 /var/www/html/wp-content/themes/reyjesuspf/vendor/illuminate/view/View.php(208): Illuminate\View\Engines\CompilerEngine->get('/var/www/html/w...', Array)
#11 /var/www/html/wp-content/themes/reyjesuspf/vendor/illuminate/view/View.php(191): Illuminate\View\View->getContents()
#12 /var/www/html/wp-content/themes/reyjesuspf/vendor/illuminate/view/View.php(160): Illuminate\View\View->renderContents()
#13 /var/www/html/wp-content/themes/reyjesuspf/index.php(3): Illuminate\View\View->render()
#14 /var/www/html/wp-includes/template-loader.php(106): include('/var/www/html/w...')
#15 /var/www/html/wp-blog-header.php(19): require_once('/var/www/html/w...')
#16 /var/www/html/index.php(17): require('/var/www/html/w...')
#17 {main}

Next Illuminate\View\ViewException: Cannot access offset of type string on string (View: /var/www/html/wp-content/themes/reyjesuspf/resources/views/partials/Yoconstruyo/fotostemplopage/fotostemplo.blade.php) (View: /var/www/html/wp-content/themes/reyjesuspf/resources/views/partials/Yoconstruyo/fotostemplopage/fotostemplo.blade.php) in /var/www/html/wp-content/cache/acorn/framework/views/05b34d8c12b82f11290c5f75c5139ee3.php:50
Stack trace:
#0 /var/www/html/wp-content/themes/reyjesuspf/vendor/illuminate/view/Engines/PhpEngine.php(59): Illuminate\View\Engines\CompilerEngine->handleViewException(Object(Illuminate\View\ViewException), 0)
#1 /var/www/html/wp-content/themes/reyjesuspf/vendor/illuminate/view/Engines/CompilerEngine.php(74): Illuminate\View\Engines\PhpEngine->evaluatePath('/var/www/html/w...', Array)
#2 /var/www/html/wp-content/themes/reyjesuspf/vendor/illuminate/view/View.php(208): Illuminate\View\Engines\CompilerEngine->get('/var/www/html/w...', Array)
#3 /var/www/html/wp-content/themes/reyjesuspf/vendor/illuminate/view/View.php(191): Illuminate\View\View->getContents()
#4 /var/www/html/wp-content/themes/reyjesuspf/vendor/illuminate/view/View.php(160): Illuminate\View\View->renderContents()
#5 /var/www/html/wp-content/themes/reyjesuspf/index.php(3): Illuminate\View\View->render()
#6 /var/www/html/wp-includes/template-loader.php(106): include('/var/www/html/w...')
#7 /var/www/html/wp-blog-header.php(19): require_once('/var/www/html/w...')
#8 /var/www/html/index.php(17): require('/var/www/html/w...')
#9 {main}
  thrown in /var/www/html/wp-content/cache/acorn/framework/views/05b34d8c12b82f11290c5f75c5139ee3.php on line 50
[31-Jul-2025 21:01:32 UTC] PHP Warning:  Undefined array key 0 in /var/www/html/wp-content/cache/acorn/framework/views/05b34d8c12b82f11290c5f75c5139ee3.php on line 34
[31-Jul-2025 21:01:32 UTC] PHP Warning:  Trying to access array offset on null in /var/www/html/wp-content/cache/acorn/framework/views/05b34d8c12b82f11290c5f75c5139ee3.php on line 34
[31-Jul-2025 21:01:32 UTC] PHP Warning:  Trying to access array offset on int in /var/www/html/wp-content/cache/acorn/framework/views/05b34d8c12b82f11290c5f75c5139ee3.php on line 50
[31-Jul-2025 21:01:32 UTC] PHP Warning:  Trying to access array offset on null in /var/www/html/wp-content/cache/acorn/framework/views/05b34d8c12b82f11290c5f75c5139ee3.php on line 50
[31-Jul-2025 21:01:32 UTC] PHP Warning:  Trying to access array offset on int in /var/www/html/wp-content/cache/acorn/framework/views/05b34d8c12b82f11290c5f75c5139ee3.php on line 50
[31-Jul-2025 21:01:32 UTC] PHP Warning:  Trying to access array offset on null in /var/www/html/wp-content/cache/acorn/framework/views/05b34d8c12b82f11290c5f75c5139ee3.php on line 50
[31-Jul-2025 21:01:32 UTC] PHP Fatal error:  Uncaught TypeError: Cannot access offset of type string on string in /var/www/html/wp-content/cache/acorn/framework/views/05b34d8c12b82f11290c5f75c5139ee3.php:50
Stack trace:
#0 /var/www/html/wp-content/themes/reyjesuspf/vendor/illuminate/filesystem/Filesystem.php(123): require()
#1 /var/www/html/wp-content/themes/reyjesuspf/vendor/illuminate/filesystem/Filesystem.php(124): Illuminate\Filesystem\Filesystem::Illuminate\Filesystem\{closure}()
#2 /var/www/html/wp-content/themes/reyjesuspf/vendor/illuminate/view/Engines/PhpEngine.php(57): Illuminate\Filesystem\Filesystem->getRequire('/var/www/html/w...', Array)
#3 /var/www/html/wp-content/themes/reyjesuspf/vendor/illuminate/view/Engines/CompilerEngine.php(74): Illuminate\View\Engines\PhpEngine->evaluatePath('/var/www/html/w...', Array)
#4 /var/www/html/wp-content/themes/reyjesuspf/vendor/illuminate/view/View.php(208): Illuminate\View\Engines\CompilerEngine->get('/var/www/html/w...', Array)
#5 /var/www/html/wp-content/themes/reyjesuspf/vendor/illuminate/view/View.php(191): Illuminate\View\View->getContents()
#6 /var/www/html/wp-content/themes/reyjesuspf/vendor/illuminate/view/View.php(160): Illuminate\View\View->renderContents()
#7 /var/www/html/wp-content/cache/acorn/framework/views/dc966d021c38ce71e1a26dd8bc910081.php(9): Illuminate\View\View->render()
#8 /var/www/html/wp-content/themes/reyjesuspf/vendor/illuminate/filesystem/Filesystem.php(123): require('/var/www/html/w...')
#9 /var/www/html/wp-content/themes/reyjesuspf/vendor/illuminate/filesystem/Filesystem.php(124): Illuminate\Filesystem\Filesystem::Illuminate\Filesystem\{closure}()
#10 /var/www/html/wp-content/themes/reyjesuspf/vendor/illuminate/view/Engines/PhpEngine.php(57): Illuminate\Filesystem\Filesystem->getRequire('/var/www/html/w...', Array)
#11 /var/www/html/wp-content/themes/reyjesuspf/vendor/illuminate/view/Engines/CompilerEngine.php(74): Illuminate\View\Engines\PhpEngine->evaluatePath('/var/www/html/w...', Array)
#12 /var/www/html/wp-content/themes/reyjesuspf/vendor/illuminate/view/View.php(208): Illuminate\View\Engines\CompilerEngine->get('/var/www/html/w...', Array)
#13 /var/www/html/wp-content/themes/reyjesuspf/vendor/illuminate/view/View.php(191): Illuminate\View\View->getContents()
#14 /var/www/html/wp-content/themes/reyjesuspf/vendor/illuminate/view/View.php(160): Illuminate\View\View->renderContents()
#15 /var/www/html/wp-content/themes/reyjesuspf/index.php(3): Illuminate\View\View->render()
#16 /var/www/html/wp-includes/template-loader.php(106): include('/var/www/html/w...')
#17 /var/www/html/wp-blog-header.php(19): require_once('/var/www/html/w...')
#18 /var/www/html/index.php(17): require('/var/www/html/w...')
#19 {main}

Next Illuminate\View\ViewException: Cannot access offset of type string on string (View: /var/www/html/wp-content/themes/reyjesuspf/resources/views/partials/Yoconstruyo/fotostemplopage/fotostemplo.blade.php) in /var/www/html/wp-content/cache/acorn/framework/views/05b34d8c12b82f11290c5f75c5139ee3.php:50
Stack trace:
#0 /var/www/html/wp-content/themes/reyjesuspf/vendor/illuminate/view/Engines/PhpEngine.php(59): Illuminate\View\Engines\CompilerEngine->handleViewException(Object(TypeError), 2)
#1 /var/www/html/wp-content/themes/reyjesuspf/vendor/illuminate/view/Engines/CompilerEngine.php(74): Illuminate\View\Engines\PhpEngine->evaluatePath('/var/www/html/w...', Array)
#2 /var/www/html/wp-content/themes/reyjesuspf/vendor/illuminate/view/View.php(208): Illuminate\View\Engines\CompilerEngine->get('/var/www/html/w...', Array)
#3 /var/www/html/wp-content/themes/reyjesuspf/vendor/illuminate/view/View.php(191): Illuminate\View\View->getContents()
#4 /var/www/html/wp-content/themes/reyjesuspf/vendor/illuminate/view/View.php(160): Illuminate\View\View->renderContents()
#5 /var/www/html/wp-content/cache/acorn/framework/views/dc966d021c38ce71e1a26dd8bc910081.php(9): Illuminate\View\View->render()
#6 /var/www/html/wp-content/themes/reyjesuspf/vendor/illuminate/filesystem/Filesystem.php(123): require('/var/www/html/w...')
#7 /var/www/html/wp-content/themes/reyjesuspf/vendor/illuminate/filesystem/Filesystem.php(124): Illuminate\Filesystem\Filesystem::Illuminate\Filesystem\{closure}()
#8 /var/www/html/wp-content/themes/reyjesuspf/vendor/illuminate/view/Engines/PhpEngine.php(57): Illuminate\Filesystem\Filesystem->getRequire('/var/www/html/w...', Array)
#9 /var/www/html/wp-content/themes/reyjesuspf/vendor/illuminate/view/Engines/CompilerEngine.php(74): Illuminate\View\Engines\PhpEngine->evaluatePath('/var/www/html/w...', Array)
#10 /var/www/html/wp-content/themes/reyjesuspf/vendor/illuminate/view/View.php(208): Illuminate\View\Engines\CompilerEngine->get('/var/www/html/w...', Array)
#11 /var/www/html/wp-content/themes/reyjesuspf/vendor/illuminate/view/View.php(191): Illuminate\View\View->getContents()
#12 /var/www/html/wp-content/themes/reyjesuspf/vendor/illuminate/view/View.php(160): Illuminate\View\View->renderContents()
#13 /var/www/html/wp-content/themes/reyjesuspf/index.php(3): Illuminate\View\View->render()
#14 /var/www/html/wp-includes/template-loader.php(106): include('/var/www/html/w...')
#15 /var/www/html/wp-blog-header.php(19): require_once('/var/www/html/w...')
#16 /var/www/html/index.php(17): require('/var/www/html/w...')
#17 {main}

Next Illuminate\View\ViewException: Cannot access offset of type string on string (View: /var/www/html/wp-content/themes/reyjesuspf/resources/views/partials/Yoconstruyo/fotostemplopage/fotostemplo.blade.php) (View: /var/www/html/wp-content/themes/reyjesuspf/resources/views/partials/Yoconstruyo/fotostemplopage/fotostemplo.blade.php) in /var/www/html/wp-content/cache/acorn/framework/views/05b34d8c12b82f11290c5f75c5139ee3.php:50
Stack trace:
#0 /var/www/html/wp-content/themes/reyjesuspf/vendor/illuminate/view/Engines/PhpEngine.php(59): Illuminate\View\Engines\CompilerEngine->handleViewException(Object(Illuminate\View\ViewException), 0)
#1 /var/www/html/wp-content/themes/reyjesuspf/vendor/illuminate/view/Engines/CompilerEngine.php(74): Illuminate\View\Engines\PhpEngine->evaluatePath('/var/www/html/w...', Array)
#2 /var/www/html/wp-content/themes/reyjesuspf/vendor/illuminate/view/View.php(208): Illuminate\View\Engines\CompilerEngine->get('/var/www/html/w...', Array)
#3 /var/www/html/wp-content/themes/reyjesuspf/vendor/illuminate/view/View.php(191): Illuminate\View\View->getContents()
#4 /var/www/html/wp-content/themes/reyjesuspf/vendor/illuminate/view/View.php(160): Illuminate\View\View->renderContents()
#5 /var/www/html/wp-content/themes/reyjesuspf/index.php(3): Illuminate\View\View->render()
#6 /var/www/html/wp-includes/template-loader.php(106): include('/var/www/html/w...')
#7 /var/www/html/wp-blog-header.php(19): require_once('/var/www/html/w...')
#8 /var/www/html/index.php(17): require('/var/www/html/w...')
#9 {main}
  thrown in /var/www/html/wp-content/cache/acorn/framework/views/05b34d8c12b82f11290c5f75c5139ee3.php on line 50
[31-Jul-2025 21:02:46 UTC] PHP Warning:  Undefined array key 0 in /var/www/html/wp-content/cache/acorn/framework/views/05b34d8c12b82f11290c5f75c5139ee3.php on line 33
[31-Jul-2025 21:03:47 UTC] PHP Fatal error:  Uncaught TypeError: reset(): Argument #1 ($array) must be of type array, null given in /var/www/html/wp-content/cache/acorn/framework/views/05b34d8c12b82f11290c5f75c5139ee3.php:32
Stack trace:
#0 /var/www/html/wp-content/cache/acorn/framework/views/05b34d8c12b82f11290c5f75c5139ee3.php(32): reset(NULL)
#1 /var/www/html/wp-content/themes/reyjesuspf/vendor/illuminate/filesystem/Filesystem.php(123): require('/var/www/html/w...')
#2 /var/www/html/wp-content/themes/reyjesuspf/vendor/illuminate/filesystem/Filesystem.php(124): Illuminate\Filesystem\Filesystem::Illuminate\Filesystem\{closure}()
#3 /var/www/html/wp-content/themes/reyjesuspf/vendor/illuminate/view/Engines/PhpEngine.php(57): Illuminate\Filesystem\Filesystem->getRequire('/var/www/html/w...', Array)
#4 /var/www/html/wp-content/themes/reyjesuspf/vendor/illuminate/view/Engines/CompilerEngine.php(74): Illuminate\View\Engines\PhpEngine->evaluatePath('/var/www/html/w...', Array)
#5 /var/www/html/wp-content/themes/reyjesuspf/vendor/illuminate/view/View.php(208): Illuminate\View\Engines\CompilerEngine->get('/var/www/html/w...', Array)
#6 /var/www/html/wp-content/themes/reyjesuspf/vendor/illuminate/view/View.php(191): Illuminate\View\View->getContents()
#7 /var/www/html/wp-content/themes/reyjesuspf/vendor/illuminate/view/View.php(160): Illuminate\View\View->renderContents()
#8 /var/www/html/wp-content/cache/acorn/framework/views/dc966d021c38ce71e1a26dd8bc910081.php(9): Illuminate\View\View->render()
#9 /var/www/html/wp-content/themes/reyjesuspf/vendor/illuminate/filesystem/Filesystem.php(123): require('/var/www/html/w...')
#10 /var/www/html/wp-content/themes/reyjesuspf/vendor/illuminate/filesystem/Filesystem.php(124): Illuminate\Filesystem\Filesystem::Illuminate\Filesystem\{closure}()
#11 /var/www/html/wp-content/themes/reyjesuspf/vendor/illuminate/view/Engines/PhpEngine.php(57): Illuminate\Filesystem\Filesystem->getRequire('/var/www/html/w...', Array)
#12 /var/www/html/wp-content/themes/reyjesuspf/vendor/illuminate/view/Engines/CompilerEngine.php(74): Illuminate\View\Engines\PhpEngine->evaluatePath('/var/www/html/w...', Array)
#13 /var/www/html/wp-content/themes/reyjesuspf/vendor/illuminate/view/View.php(208): Illuminate\View\Engines\CompilerEngine->get('/var/www/html/w...', Array)
#14 /var/www/html/wp-content/themes/reyjesuspf/vendor/illuminate/view/View.php(191): Illuminate\View\View->getContents()
#15 /var/www/html/wp-content/themes/reyjesuspf/vendor/illuminate/view/View.php(160): Illuminate\View\View->renderContents()
#16 /var/www/html/wp-content/themes/reyjesuspf/index.php(3): Illuminate\View\View->render()
#17 /var/www/html/wp-includes/template-loader.php(106): include('/var/www/html/w...')
#18 /var/www/html/wp-blog-header.php(19): require_once('/var/www/html/w...')
#19 /var/www/html/index.php(17): require('/var/www/html/w...')
#20 {main}

Next Illuminate\View\ViewException: reset(): Argument #1 ($array) must be of type array, null given (View: /var/www/html/wp-content/themes/reyjesuspf/resources/views/partials/Yoconstruyo/fotostemplopage/fotostemplo.blade.php) in /var/www/html/wp-content/cache/acorn/framework/views/05b34d8c12b82f11290c5f75c5139ee3.php:32
Stack trace:
#0 /var/www/html/wp-content/themes/reyjesuspf/vendor/illuminate/view/Engines/PhpEngine.php(59): Illuminate\View\Engines\CompilerEngine->handleViewException(Object(TypeError), 2)
#1 /var/www/html/wp-content/themes/reyjesuspf/vendor/illuminate/view/Engines/CompilerEngine.php(74): Illuminate\View\Engines\PhpEngine->evaluatePath('/var/www/html/w...', Array)
#2 /var/www/html/wp-content/themes/reyjesuspf/vendor/illuminate/view/View.php(208): Illuminate\View\Engines\CompilerEngine->get('/var/www/html/w...', Array)
#3 /var/www/html/wp-content/themes/reyjesuspf/vendor/illuminate/view/View.php(191): Illuminate\View\View->getContents()
#4 /var/www/html/wp-content/themes/reyjesuspf/vendor/illuminate/view/View.php(160): Illuminate\View\View->renderContents()
#5 /var/www/html/wp-content/cache/acorn/framework/views/dc966d021c38ce71e1a26dd8bc910081.php(9): Illuminate\View\View->render()
#6 /var/www/html/wp-content/themes/reyjesuspf/vendor/illuminate/filesystem/Filesystem.php(123): require('/var/www/html/w...')
#7 /var/www/html/wp-content/themes/reyjesuspf/vendor/illuminate/filesystem/Filesystem.php(124): Illuminate\Filesystem\Filesystem::Illuminate\Filesystem\{closure}()
#8 /var/www/html/wp-content/themes/reyjesuspf/vendor/illuminate/view/Engines/PhpEngine.php(57): Illuminate\Filesystem\Filesystem->getRequire('/var/www/html/w...', Array)
#9 /var/www/html/wp-content/themes/reyjesuspf/vendor/illuminate/view/Engines/CompilerEngine.php(74): Illuminate\View\Engines\PhpEngine->evaluatePath('/var/www/html/w...', Array)
#10 /var/www/html/wp-content/themes/reyjesuspf/vendor/illuminate/view/View.php(208): Illuminate\View\Engines\CompilerEngine->get('/var/www/html/w...', Array)
#11 /var/www/html/wp-content/themes/reyjesuspf/vendor/illuminate/view/View.php(191): Illuminate\View\View->getContents()
#12 /var/www/html/wp-content/themes/reyjesuspf/vendor/illuminate/view/View.php(160): Illuminate\View\View->renderContents()
#13 /var/www/html/wp-content/themes/reyjesuspf/index.php(3): Illuminate\View\View->render()
#14 /var/www/html/wp-includes/template-loader.php(106): include('/var/www/html/w...')
#15 /var/www/html/wp-blog-header.php(19): require_once('/var/www/html/w...')
#16 /var/www/html/index.php(17): require('/var/www/html/w...')
#17 {main}

Next Illuminate\View\ViewException: reset(): Argument #1 ($array) must be of type array, null given (View: /var/www/html/wp-content/themes/reyjesuspf/resources/views/partials/Yoconstruyo/fotostemplopage/fotostemplo.blade.php) (View: /var/www/html/wp-content/themes/reyjesuspf/resources/views/partials/Yoconstruyo/fotostemplopage/fotostemplo.blade.php) in /var/www/html/wp-content/cache/acorn/framework/views/05b34d8c12b82f11290c5f75c5139ee3.php:32
Stack trace:
#0 /var/www/html/wp-content/themes/reyjesuspf/vendor/illuminate/view/Engines/PhpEngine.php(59): Illuminate\View\Engines\CompilerEngine->handleViewException(Object(Illuminate\View\ViewException), 0)
#1 /var/www/html/wp-content/themes/reyjesuspf/vendor/illuminate/view/Engines/CompilerEngine.php(74): Illuminate\View\Engines\PhpEngine->evaluatePath('/var/www/html/w...', Array)
#2 /var/www/html/wp-content/themes/reyjesuspf/vendor/illuminate/view/View.php(208): Illuminate\View\Engines\CompilerEngine->get('/var/www/html/w...', Array)
#3 /var/www/html/wp-content/themes/reyjesuspf/vendor/illuminate/view/View.php(191): Illuminate\View\View->getContents()
#4 /var/www/html/wp-content/themes/reyjesuspf/vendor/illuminate/view/View.php(160): Illuminate\View\View->renderContents()
#5 /var/www/html/wp-content/themes/reyjesuspf/index.php(3): Illuminate\View\View->render()
#6 /var/www/html/wp-includes/template-loader.php(106): include('/var/www/html/w...')
#7 /var/www/html/wp-blog-header.php(19): require_once('/var/www/html/w...')
#8 /var/www/html/index.php(17): require('/var/www/html/w...')
#9 {main}
  thrown in /var/www/html/wp-content/cache/acorn/framework/views/05b34d8c12b82f11290c5f75c5139ee3.php on line 32
[31-Jul-2025 21:04:25 UTC] PHP Warning:  Trying to access array offset on int in /var/www/html/wp-content/cache/acorn/framework/views/05b34d8c12b82f11290c5f75c5139ee3.php on line 33
[31-Jul-2025 21:07:46 UTC] PHP Warning:  Trying to access array offset on int in /var/www/html/wp-content/cache/acorn/framework/views/05b34d8c12b82f11290c5f75c5139ee3.php on line 50
[31-Jul-2025 21:07:46 UTC] PHP Warning:  Trying to access array offset on null in /var/www/html/wp-content/cache/acorn/framework/views/05b34d8c12b82f11290c5f75c5139ee3.php on line 50
[31-Jul-2025 21:07:46 UTC] PHP Warning:  Trying to access array offset on int in /var/www/html/wp-content/cache/acorn/framework/views/05b34d8c12b82f11290c5f75c5139ee3.php on line 50
[31-Jul-2025 21:07:46 UTC] PHP Warning:  Trying to access array offset on null in /var/www/html/wp-content/cache/acorn/framework/views/05b34d8c12b82f11290c5f75c5139ee3.php on line 50
[31-Jul-2025 21:07:46 UTC] PHP Fatal error:  Uncaught TypeError: Cannot access offset of type string on string in /var/www/html/wp-content/cache/acorn/framework/views/05b34d8c12b82f11290c5f75c5139ee3.php:50
Stack trace:
#0 /var/www/html/wp-content/themes/reyjesuspf/vendor/illuminate/filesystem/Filesystem.php(123): require()
#1 /var/www/html/wp-content/themes/reyjesuspf/vendor/illuminate/filesystem/Filesystem.php(124): Illuminate\Filesystem\Filesystem::Illuminate\Filesystem\{closure}()
#2 /var/www/html/wp-content/themes/reyjesuspf/vendor/illuminate/view/Engines/PhpEngine.php(57): Illuminate\Filesystem\Filesystem->getRequire('/var/www/html/w...', Array)
#3 /var/www/html/wp-content/themes/reyjesuspf/vendor/illuminate/view/Engines/CompilerEngine.php(74): Illuminate\View\Engines\PhpEngine->evaluatePath('/var/www/html/w...', Array)
#4 /var/www/html/wp-content/themes/reyjesuspf/vendor/illuminate/view/View.php(208): Illuminate\View\Engines\CompilerEngine->get('/var/www/html/w...', Array)
#5 /var/www/html/wp-content/themes/reyjesuspf/vendor/illuminate/view/View.php(191): Illuminate\View\View->getContents()
#6 /var/www/html/wp-content/themes/reyjesuspf/vendor/illuminate/view/View.php(160): Illuminate\View\View->renderContents()
#7 /var/www/html/wp-content/cache/acorn/framework/views/dc966d021c38ce71e1a26dd8bc910081.php(9): Illuminate\View\View->render()
#8 /var/www/html/wp-content/themes/reyjesuspf/vendor/illuminate/filesystem/Filesystem.php(123): require('/var/www/html/w...')
#9 /var/www/html/wp-content/themes/reyjesuspf/vendor/illuminate/filesystem/Filesystem.php(124): Illuminate\Filesystem\Filesystem::Illuminate\Filesystem\{closure}()
#10 /var/www/html/wp-content/themes/reyjesuspf/vendor/illuminate/view/Engines/PhpEngine.php(57): Illuminate\Filesystem\Filesystem->getRequire('/var/www/html/w...', Array)
#11 /var/www/html/wp-content/themes/reyjesuspf/vendor/illuminate/view/Engines/CompilerEngine.php(74): Illuminate\View\Engines\PhpEngine->evaluatePath('/var/www/html/w...', Array)
#12 /var/www/html/wp-content/themes/reyjesuspf/vendor/illuminate/view/View.php(208): Illuminate\View\Engines\CompilerEngine->get('/var/www/html/w...', Array)
#13 /var/www/html/wp-content/themes/reyjesuspf/vendor/illuminate/view/View.php(191): Illuminate\View\View->getContents()
#14 /var/www/html/wp-content/themes/reyjesuspf/vendor/illuminate/view/View.php(160): Illuminate\View\View->renderContents()
#15 /var/www/html/wp-content/themes/reyjesuspf/index.php(3): Illuminate\View\View->render()
#16 /var/www/html/wp-includes/template-loader.php(106): include('/var/www/html/w...')
#17 /var/www/html/wp-blog-header.php(19): require_once('/var/www/html/w...')
#18 /var/www/html/index.php(17): require('/var/www/html/w...')
#19 {main}

Next Illuminate\View\ViewException: Cannot access offset of type string on string (View: /var/www/html/wp-content/themes/reyjesuspf/resources/views/partials/Yoconstruyo/fotostemplopage/fotostemplo.blade.php) in /var/www/html/wp-content/cache/acorn/framework/views/05b34d8c12b82f11290c5f75c5139ee3.php:50
Stack trace:
#0 /var/www/html/wp-content/themes/reyjesuspf/vendor/illuminate/view/Engines/PhpEngine.php(59): Illuminate\View\Engines\CompilerEngine->handleViewException(Object(TypeError), 2)
#1 /var/www/html/wp-content/themes/reyjesuspf/vendor/illuminate/view/Engines/CompilerEngine.php(74): Illuminate\View\Engines\PhpEngine->evaluatePath('/var/www/html/w...', Array)
#2 /var/www/html/wp-content/themes/reyjesuspf/vendor/illuminate/view/View.php(208): Illuminate\View\Engines\CompilerEngine->get('/var/www/html/w...', Array)
#3 /var/www/html/wp-content/themes/reyjesuspf/vendor/illuminate/view/View.php(191): Illuminate\View\View->getContents()
#4 /var/www/html/wp-content/themes/reyjesuspf/vendor/illuminate/view/View.php(160): Illuminate\View\View->renderContents()
#5 /var/www/html/wp-content/cache/acorn/framework/views/dc966d021c38ce71e1a26dd8bc910081.php(9): Illuminate\View\View->render()
#6 /var/www/html/wp-content/themes/reyjesuspf/vendor/illuminate/filesystem/Filesystem.php(123): require('/var/www/html/w...')
#7 /var/www/html/wp-content/themes/reyjesuspf/vendor/illuminate/filesystem/Filesystem.php(124): Illuminate\Filesystem\Filesystem::Illuminate\Filesystem\{closure}()
#8 /var/www/html/wp-content/themes/reyjesuspf/vendor/illuminate/view/Engines/PhpEngine.php(57): Illuminate\Filesystem\Filesystem->getRequire('/var/www/html/w...', Array)
#9 /var/www/html/wp-content/themes/reyjesuspf/vendor/illuminate/view/Engines/CompilerEngine.php(74): Illuminate\View\Engines\PhpEngine->evaluatePath('/var/www/html/w...', Array)
#10 /var/www/html/wp-content/themes/reyjesuspf/vendor/illuminate/view/View.php(208): Illuminate\View\Engines\CompilerEngine->get('/var/www/html/w...', Array)
#11 /var/www/html/wp-content/themes/reyjesuspf/vendor/illuminate/view/View.php(191): Illuminate\View\View->getContents()
#12 /var/www/html/wp-content/themes/reyjesuspf/vendor/illuminate/view/View.php(160): Illuminate\View\View->renderContents()
#13 /var/www/html/wp-content/themes/reyjesuspf/index.php(3): Illuminate\View\View->render()
#14 /var/www/html/wp-includes/template-loader.php(106): include('/var/www/html/w...')
#15 /var/www/html/wp-blog-header.php(19): require_once('/var/www/html/w...')
#16 /var/www/html/index.php(17): require('/var/www/html/w...')
#17 {main}

Next Illuminate\View\ViewException: Cannot access offset of type string on string (View: /var/www/html/wp-content/themes/reyjesuspf/resources/views/partials/Yoconstruyo/fotostemplopage/fotostemplo.blade.php) (View: /var/www/html/wp-content/themes/reyjesuspf/resources/views/partials/Yoconstruyo/fotostemplopage/fotostemplo.blade.php) in /var/www/html/wp-content/cache/acorn/framework/views/05b34d8c12b82f11290c5f75c5139ee3.php:50
Stack trace:
#0 /var/www/html/wp-content/themes/reyjesuspf/vendor/illuminate/view/Engines/PhpEngine.php(59): Illuminate\View\Engines\CompilerEngine->handleViewException(Object(Illuminate\View\ViewException), 0)
#1 /var/www/html/wp-content/themes/reyjesuspf/vendor/illuminate/view/Engines/CompilerEngine.php(74): Illuminate\View\Engines\PhpEngine->evaluatePath('/var/www/html/w...', Array)
#2 /var/www/html/wp-content/themes/reyjesuspf/vendor/illuminate/view/View.php(208): Illuminate\View\Engines\CompilerEngine->get('/var/www/html/w...', Array)
#3 /var/www/html/wp-content/themes/reyjesuspf/vendor/illuminate/view/View.php(191): Illuminate\View\View->getContents()
#4 /var/www/html/wp-content/themes/reyjesuspf/vendor/illuminate/view/View.php(160): Illuminate\View\View->renderContents()
#5 /var/www/html/wp-content/themes/reyjesuspf/index.php(3): Illuminate\View\View->render()
#6 /var/www/html/wp-includes/template-loader.php(106): include('/var/www/html/w...')
#7 /var/www/html/wp-blog-header.php(19): require_once('/var/www/html/w...')
#8 /var/www/html/index.php(17): require('/var/www/html/w...')
#9 {main}
  thrown in /var/www/html/wp-content/cache/acorn/framework/views/05b34d8c12b82f11290c5f75c5139ee3.php on line 50
[31-Jul-2025 21:09:20 UTC] PHP Warning:  Trying to access array offset on int in /var/www/html/wp-content/cache/acorn/framework/views/05b34d8c12b82f11290c5f75c5139ee3.php on line 50
[31-Jul-2025 21:09:20 UTC] PHP Fatal error:  Uncaught TypeError: Cannot access offset of type string on string in /var/www/html/wp-content/cache/acorn/framework/views/05b34d8c12b82f11290c5f75c5139ee3.php:50
Stack trace:
#0 /var/www/html/wp-content/themes/reyjesuspf/vendor/illuminate/filesystem/Filesystem.php(123): require()
#1 /var/www/html/wp-content/themes/reyjesuspf/vendor/illuminate/filesystem/Filesystem.php(124): Illuminate\Filesystem\Filesystem::Illuminate\Filesystem\{closure}()
#2 /var/www/html/wp-content/themes/reyjesuspf/vendor/illuminate/view/Engines/PhpEngine.php(57): Illuminate\Filesystem\Filesystem->getRequire('/var/www/html/w...', Array)
#3 /var/www/html/wp-content/themes/reyjesuspf/vendor/illuminate/view/Engines/CompilerEngine.php(74): Illuminate\View\Engines\PhpEngine->evaluatePath('/var/www/html/w...', Array)
#4 /var/www/html/wp-content/themes/reyjesuspf/vendor/illuminate/view/View.php(208): Illuminate\View\Engines\CompilerEngine->get('/var/www/html/w...', Array)
#5 /var/www/html/wp-content/themes/reyjesuspf/vendor/illuminate/view/View.php(191): Illuminate\View\View->getContents()
#6 /var/www/html/wp-content/themes/reyjesuspf/vendor/illuminate/view/View.php(160): Illuminate\View\View->renderContents()
#7 /var/www/html/wp-content/cache/acorn/framework/views/dc966d021c38ce71e1a26dd8bc910081.php(9): Illuminate\View\View->render()
#8 /var/www/html/wp-content/themes/reyjesuspf/vendor/illuminate/filesystem/Filesystem.php(123): require('/var/www/html/w...')
#9 /var/www/html/wp-content/themes/reyjesuspf/vendor/illuminate/filesystem/Filesystem.php(124): Illuminate\Filesystem\Filesystem::Illuminate\Filesystem\{closure}()
#10 /var/www/html/wp-content/themes/reyjesuspf/vendor/illuminate/view/Engines/PhpEngine.php(57): Illuminate\Filesystem\Filesystem->getRequire('/var/www/html/w...', Array)
#11 /var/www/html/wp-content/themes/reyjesuspf/vendor/illuminate/view/Engines/CompilerEngine.php(74): Illuminate\View\Engines\PhpEngine->evaluatePath('/var/www/html/w...', Array)
#12 /var/www/html/wp-content/themes/reyjesuspf/vendor/illuminate/view/View.php(208): Illuminate\View\Engines\CompilerEngine->get('/var/www/html/w...', Array)
#13 /var/www/html/wp-content/themes/reyjesuspf/vendor/illuminate/view/View.php(191): Illuminate\View\View->getContents()
#14 /var/www/html/wp-content/themes/reyjesuspf/vendor/illuminate/view/View.php(160): Illuminate\View\View->renderContents()
#15 /var/www/html/wp-content/themes/reyjesuspf/index.php(3): Illuminate\View\View->render()
#16 /var/www/html/wp-includes/template-loader.php(106): include('/var/www/html/w...')
#17 /var/www/html/wp-blog-header.php(19): require_once('/var/www/html/w...')
#18 /var/www/html/index.php(17): require('/var/www/html/w...')
#19 {main}

Next Illuminate\View\ViewException: Cannot access offset of type string on string (View: /var/www/html/wp-content/themes/reyjesuspf/resources/views/partials/Yoconstruyo/fotostemplopage/fotostemplo.blade.php) in /var/www/html/wp-content/cache/acorn/framework/views/05b34d8c12b82f11290c5f75c5139ee3.php:50
Stack trace:
#0 /var/www/html/wp-content/themes/reyjesuspf/vendor/illuminate/view/Engines/PhpEngine.php(59): Illuminate\View\Engines\CompilerEngine->handleViewException(Object(TypeError), 2)
#1 /var/www/html/wp-content/themes/reyjesuspf/vendor/illuminate/view/Engines/CompilerEngine.php(74): Illuminate\View\Engines\PhpEngine->evaluatePath('/var/www/html/w...', Array)
#2 /var/www/html/wp-content/themes/reyjesuspf/vendor/illuminate/view/View.php(208): Illuminate\View\Engines\CompilerEngine->get('/var/www/html/w...', Array)
#3 /var/www/html/wp-content/themes/reyjesuspf/vendor/illuminate/view/View.php(191): Illuminate\View\View->getContents()
#4 /var/www/html/wp-content/themes/reyjesuspf/vendor/illuminate/view/View.php(160): Illuminate\View\View->renderContents()
#5 /var/www/html/wp-content/cache/acorn/framework/views/dc966d021c38ce71e1a26dd8bc910081.php(9): Illuminate\View\View->render()
#6 /var/www/html/wp-content/themes/reyjesuspf/vendor/illuminate/filesystem/Filesystem.php(123): require('/var/www/html/w...')
#7 /var/www/html/wp-content/themes/reyjesuspf/vendor/illuminate/filesystem/Filesystem.php(124): Illuminate\Filesystem\Filesystem::Illuminate\Filesystem\{closure}()
#8 /var/www/html/wp-content/themes/reyjesuspf/vendor/illuminate/view/Engines/PhpEngine.php(57): Illuminate\Filesystem\Filesystem->getRequire('/var/www/html/w...', Array)
#9 /var/www/html/wp-content/themes/reyjesuspf/vendor/illuminate/view/Engines/CompilerEngine.php(74): Illuminate\View\Engines\PhpEngine->evaluatePath('/var/www/html/w...', Array)
#10 /var/www/html/wp-content/themes/reyjesuspf/vendor/illuminate/view/View.php(208): Illuminate\View\Engines\CompilerEngine->get('/var/www/html/w...', Array)
#11 /var/www/html/wp-content/themes/reyjesuspf/vendor/illuminate/view/View.php(191): Illuminate\View\View->getContents()
#12 /var/www/html/wp-content/themes/reyjesuspf/vendor/illuminate/view/View.php(160): Illuminate\View\View->renderContents()
#13 /var/www/html/wp-content/themes/reyjesuspf/index.php(3): Illuminate\View\View->render()
#14 /var/www/html/wp-includes/template-loader.php(106): include('/var/www/html/w...')
#15 /var/www/html/wp-blog-header.php(19): require_once('/var/www/html/w...')
#16 /var/www/html/index.php(17): require('/var/www/html/w...')
#17 {main}

Next Illuminate\View\ViewException: Cannot access offset of type string on string (View: /var/www/html/wp-content/themes/reyjesuspf/resources/views/partials/Yoconstruyo/fotostemplopage/fotostemplo.blade.php) (View: /var/www/html/wp-content/themes/reyjesuspf/resources/views/partials/Yoconstruyo/fotostemplopage/fotostemplo.blade.php) in /var/www/html/wp-content/cache/acorn/framework/views/05b34d8c12b82f11290c5f75c5139ee3.php:50
Stack trace:
#0 /var/www/html/wp-content/themes/reyjesuspf/vendor/illuminate/view/Engines/PhpEngine.php(59): Illuminate\View\Engines\CompilerEngine->handleViewException(Object(Illuminate\View\ViewException), 0)
#1 /var/www/html/wp-content/themes/reyjesuspf/vendor/illuminate/view/Engines/CompilerEngine.php(74): Illuminate\View\Engines\PhpEngine->evaluatePath('/var/www/html/w...', Array)
#2 /var/www/html/wp-content/themes/reyjesuspf/vendor/illuminate/view/View.php(208): Illuminate\View\Engines\CompilerEngine->get('/var/www/html/w...', Array)
#3 /var/www/html/wp-content/themes/reyjesuspf/vendor/illuminate/view/View.php(191): Illuminate\View\View->getContents()
#4 /var/www/html/wp-content/themes/reyjesuspf/vendor/illuminate/view/View.php(160): Illuminate\View\View->renderContents()
#5 /var/www/html/wp-content/themes/reyjesuspf/index.php(3): Illuminate\View\View->render()
#6 /var/www/html/wp-includes/template-loader.php(106): include('/var/www/html/w...')
#7 /var/www/html/wp-blog-header.php(19): require_once('/var/www/html/w...')
#8 /var/www/html/index.php(17): require('/var/www/html/w...')
#9 {main}
  thrown in /var/www/html/wp-content/cache/acorn/framework/views/05b34d8c12b82f11290c5f75c5139ee3.php on line 50
[31-Jul-2025 21:09:53 UTC] PHP Warning:  Trying to access array offset on int in /var/www/html/wp-content/cache/acorn/framework/views/05b34d8c12b82f11290c5f75c5139ee3.php on line 50
[31-Jul-2025 21:09:53 UTC] PHP Fatal error:  Uncaught TypeError: Cannot access offset of type string on string in /var/www/html/wp-content/cache/acorn/framework/views/05b34d8c12b82f11290c5f75c5139ee3.php:50
Stack trace:
#0 /var/www/html/wp-content/themes/reyjesuspf/vendor/illuminate/filesystem/Filesystem.php(123): require()
#1 /var/www/html/wp-content/themes/reyjesuspf/vendor/illuminate/filesystem/Filesystem.php(124): Illuminate\Filesystem\Filesystem::Illuminate\Filesystem\{closure}()
#2 /var/www/html/wp-content/themes/reyjesuspf/vendor/illuminate/view/Engines/PhpEngine.php(57): Illuminate\Filesystem\Filesystem->getRequire('/var/www/html/w...', Array)
#3 /var/www/html/wp-content/themes/reyjesuspf/vendor/illuminate/view/Engines/CompilerEngine.php(74): Illuminate\View\Engines\PhpEngine->evaluatePath('/var/www/html/w...', Array)
#4 /var/www/html/wp-content/themes/reyjesuspf/vendor/illuminate/view/View.php(208): Illuminate\View\Engines\CompilerEngine->get('/var/www/html/w...', Array)
#5 /var/www/html/wp-content/themes/reyjesuspf/vendor/illuminate/view/View.php(191): Illuminate\View\View->getContents()
#6 /var/www/html/wp-content/themes/reyjesuspf/vendor/illuminate/view/View.php(160): Illuminate\View\View->renderContents()
#7 /var/www/html/wp-content/cache/acorn/framework/views/dc966d021c38ce71e1a26dd8bc910081.php(9): Illuminate\View\View->render()
#8 /var/www/html/wp-content/themes/reyjesuspf/vendor/illuminate/filesystem/Filesystem.php(123): require('/var/www/html/w...')
#9 /var/www/html/wp-content/themes/reyjesuspf/vendor/illuminate/filesystem/Filesystem.php(124): Illuminate\Filesystem\Filesystem::Illuminate\Filesystem\{closure}()
#10 /var/www/html/wp-content/themes/reyjesuspf/vendor/illuminate/view/Engines/PhpEngine.php(57): Illuminate\Filesystem\Filesystem->getRequire('/var/www/html/w...', Array)
#11 /var/www/html/wp-content/themes/reyjesuspf/vendor/illuminate/view/Engines/CompilerEngine.php(74): Illuminate\View\Engines\PhpEngine->evaluatePath('/var/www/html/w...', Array)
#12 /var/www/html/wp-content/themes/reyjesuspf/vendor/illuminate/view/View.php(208): Illuminate\View\Engines\CompilerEngine->get('/var/www/html/w...', Array)
#13 /var/www/html/wp-content/themes/reyjesuspf/vendor/illuminate/view/View.php(191): Illuminate\View\View->getContents()
#14 /var/www/html/wp-content/themes/reyjesuspf/vendor/illuminate/view/View.php(160): Illuminate\View\View->renderContents()
#15 /var/www/html/wp-content/themes/reyjesuspf/index.php(3): Illuminate\View\View->render()
#16 /var/www/html/wp-includes/template-loader.php(106): include('/var/www/html/w...')
#17 /var/www/html/wp-blog-header.php(19): require_once('/var/www/html/w...')
#18 /var/www/html/index.php(17): require('/var/www/html/w...')
#19 {main}

Next Illuminate\View\ViewException: Cannot access offset of type string on string (View: /var/www/html/wp-content/themes/reyjesuspf/resources/views/partials/Yoconstruyo/fotostemplopage/fotostemplo.blade.php) in /var/www/html/wp-content/cache/acorn/framework/views/05b34d8c12b82f11290c5f75c5139ee3.php:50
Stack trace:
#0 /var/www/html/wp-content/themes/reyjesuspf/vendor/illuminate/view/Engines/PhpEngine.php(59): Illuminate\View\Engines\CompilerEngine->handleViewException(Object(TypeError), 2)
#1 /var/www/html/wp-content/themes/reyjesuspf/vendor/illuminate/view/Engines/CompilerEngine.php(74): Illuminate\View\Engines\PhpEngine->evaluatePath('/var/www/html/w...', Array)
#2 /var/www/html/wp-content/themes/reyjesuspf/vendor/illuminate/view/View.php(208): Illuminate\View\Engines\CompilerEngine->get('/var/www/html/w...', Array)
#3 /var/www/html/wp-content/themes/reyjesuspf/vendor/illuminate/view/View.php(191): Illuminate\View\View->getContents()
#4 /var/www/html/wp-content/themes/reyjesuspf/vendor/illuminate/view/View.php(160): Illuminate\View\View->renderContents()
#5 /var/www/html/wp-content/cache/acorn/framework/views/dc966d021c38ce71e1a26dd8bc910081.php(9): Illuminate\View\View->render()
#6 /var/www/html/wp-content/themes/reyjesuspf/vendor/illuminate/filesystem/Filesystem.php(123): require('/var/www/html/w...')
#7 /var/www/html/wp-content/themes/reyjesuspf/vendor/illuminate/filesystem/Filesystem.php(124): Illuminate\Filesystem\Filesystem::Illuminate\Filesystem\{closure}()
#8 /var/www/html/wp-content/themes/reyjesuspf/vendor/illuminate/view/Engines/PhpEngine.php(57): Illuminate\Filesystem\Filesystem->getRequire('/var/www/html/w...', Array)
#9 /var/www/html/wp-content/themes/reyjesuspf/vendor/illuminate/view/Engines/CompilerEngine.php(74): Illuminate\View\Engines\PhpEngine->evaluatePath('/var/www/html/w...', Array)
#10 /var/www/html/wp-content/themes/reyjesuspf/vendor/illuminate/view/View.php(208): Illuminate\View\Engines\CompilerEngine->get('/var/www/html/w...', Array)
#11 /var/www/html/wp-content/themes/reyjesuspf/vendor/illuminate/view/View.php(191): Illuminate\View\View->getContents()
#12 /var/www/html/wp-content/themes/reyjesuspf/vendor/illuminate/view/View.php(160): Illuminate\View\View->renderContents()
#13 /var/www/html/wp-content/themes/reyjesuspf/index.php(3): Illuminate\View\View->render()
#14 /var/www/html/wp-includes/template-loader.php(106): include('/var/www/html/w...')
#15 /var/www/html/wp-blog-header.php(19): require_once('/var/www/html/w...')
#16 /var/www/html/index.php(17): require('/var/www/html/w...')
#17 {main}

Next Illuminate\View\ViewException: Cannot access offset of type string on string (View: /var/www/html/wp-content/themes/reyjesuspf/resources/views/partials/Yoconstruyo/fotostemplopage/fotostemplo.blade.php) (View: /var/www/html/wp-content/themes/reyjesuspf/resources/views/partials/Yoconstruyo/fotostemplopage/fotostemplo.blade.php) in /var/www/html/wp-content/cache/acorn/framework/views/05b34d8c12b82f11290c5f75c5139ee3.php:50
Stack trace:
#0 /var/www/html/wp-content/themes/reyjesuspf/vendor/illuminate/view/Engines/PhpEngine.php(59): Illuminate\View\Engines\CompilerEngine->handleViewException(Object(Illuminate\View\ViewException), 0)
#1 /var/www/html/wp-content/themes/reyjesuspf/vendor/illuminate/view/Engines/CompilerEngine.php(74): Illuminate\View\Engines\PhpEngine->evaluatePath('/var/www/html/w...', Array)
#2 /var/www/html/wp-content/themes/reyjesuspf/vendor/illuminate/view/View.php(208): Illuminate\View\Engines\CompilerEngine->get('/var/www/html/w...', Array)
#3 /var/www/html/wp-content/themes/reyjesuspf/vendor/illuminate/view/View.php(191): Illuminate\View\View->getContents()
#4 /var/www/html/wp-content/themes/reyjesuspf/vendor/illuminate/view/View.php(160): Illuminate\View\View->renderContents()
#5 /var/www/html/wp-content/themes/reyjesuspf/index.php(3): Illuminate\View\View->render()
#6 /var/www/html/wp-includes/template-loader.php(106): include('/var/www/html/w...')
#7 /var/www/html/wp-blog-header.php(19): require_once('/var/www/html/w...')
#8 /var/www/html/index.php(17): require('/var/www/html/w...')
#9 {main}
  thrown in /var/www/html/wp-content/cache/acorn/framework/views/05b34d8c12b82f11290c5f75c5139ee3.php on line 50
[31-Jul-2025 21:13:45 UTC] PHP Warning:  foreach() argument must be of type array|object, string given in /var/www/html/wp-content/cache/acorn/framework/views/05b34d8c12b82f11290c5f75c5139ee3.php on line 49
[31-Jul-2025 21:15:43 UTC] PHP Fatal error:  Uncaught TypeError: Cannot access offset of type string on string in /var/www/html/wp-content/cache/acorn/framework/views/05b34d8c12b82f11290c5f75c5139ee3.php:49
Stack trace:
#0 /var/www/html/wp-content/themes/reyjesuspf/vendor/illuminate/filesystem/Filesystem.php(123): require()
#1 /var/www/html/wp-content/themes/reyjesuspf/vendor/illuminate/filesystem/Filesystem.php(124): Illuminate\Filesystem\Filesystem::Illuminate\Filesystem\{closure}()
#2 /var/www/html/wp-content/themes/reyjesuspf/vendor/illuminate/view/Engines/PhpEngine.php(57): Illuminate\Filesystem\Filesystem->getRequire('/var/www/html/w...', Array)
#3 /var/www/html/wp-content/themes/reyjesuspf/vendor/illuminate/view/Engines/CompilerEngine.php(74): Illuminate\View\Engines\PhpEngine->evaluatePath('/var/www/html/w...', Array)
#4 /var/www/html/wp-content/themes/reyjesuspf/vendor/illuminate/view/View.php(208): Illuminate\View\Engines\CompilerEngine->get('/var/www/html/w...', Array)
#5 /var/www/html/wp-content/themes/reyjesuspf/vendor/illuminate/view/View.php(191): Illuminate\View\View->getContents()
#6 /var/www/html/wp-content/themes/reyjesuspf/vendor/illuminate/view/View.php(160): Illuminate\View\View->renderContents()
#7 /var/www/html/wp-content/cache/acorn/framework/views/dc966d021c38ce71e1a26dd8bc910081.php(9): Illuminate\View\View->render()
#8 /var/www/html/wp-content/themes/reyjesuspf/vendor/illuminate/filesystem/Filesystem.php(123): require('/var/www/html/w...')
#9 /var/www/html/wp-content/themes/reyjesuspf/vendor/illuminate/filesystem/Filesystem.php(124): Illuminate\Filesystem\Filesystem::Illuminate\Filesystem\{closure}()
#10 /var/www/html/wp-content/themes/reyjesuspf/vendor/illuminate/view/Engines/PhpEngine.php(57): Illuminate\Filesystem\Filesystem->getRequire('/var/www/html/w...', Array)
#11 /var/www/html/wp-content/themes/reyjesuspf/vendor/illuminate/view/Engines/CompilerEngine.php(74): Illuminate\View\Engines\PhpEngine->evaluatePath('/var/www/html/w...', Array)
#12 /var/www/html/wp-content/themes/reyjesuspf/vendor/illuminate/view/View.php(208): Illuminate\View\Engines\CompilerEngine->get('/var/www/html/w...', Array)
#13 /var/www/html/wp-content/themes/reyjesuspf/vendor/illuminate/view/View.php(191): Illuminate\View\View->getContents()
#14 /var/www/html/wp-content/themes/reyjesuspf/vendor/illuminate/view/View.php(160): Illuminate\View\View->renderContents()
#15 /var/www/html/wp-content/themes/reyjesuspf/index.php(3): Illuminate\View\View->render()
#16 /var/www/html/wp-includes/template-loader.php(106): include('/var/www/html/w...')
#17 /var/www/html/wp-blog-header.php(19): require_once('/var/www/html/w...')
#18 /var/www/html/index.php(17): require('/var/www/html/w...')
#19 {main}

Next Illuminate\View\ViewException: Cannot access offset of type string on string (View: /var/www/html/wp-content/themes/reyjesuspf/resources/views/partials/Yoconstruyo/fotostemplopage/fotostemplo.blade.php) in /var/www/html/wp-content/cache/acorn/framework/views/05b34d8c12b82f11290c5f75c5139ee3.php:49
Stack trace:
#0 /var/www/html/wp-content/themes/reyjesuspf/vendor/illuminate/view/Engines/PhpEngine.php(59): Illuminate\View\Engines\CompilerEngine->handleViewException(Object(TypeError), 2)
#1 /var/www/html/wp-content/themes/reyjesuspf/vendor/illuminate/view/Engines/CompilerEngine.php(74): Illuminate\View\Engines\PhpEngine->evaluatePath('/var/www/html/w...', Array)
#2 /var/www/html/wp-content/themes/reyjesuspf/vendor/illuminate/view/View.php(208): Illuminate\View\Engines\CompilerEngine->get('/var/www/html/w...', Array)
#3 /var/www/html/wp-content/themes/reyjesuspf/vendor/illuminate/view/View.php(191): Illuminate\View\View->getContents()
#4 /var/www/html/wp-content/themes/reyjesuspf/vendor/illuminate/view/View.php(160): Illuminate\View\View->renderContents()
#5 /var/www/html/wp-content/cache/acorn/framework/views/dc966d021c38ce71e1a26dd8bc910081.php(9): Illuminate\View\View->render()
#6 /var/www/html/wp-content/themes/reyjesuspf/vendor/illuminate/filesystem/Filesystem.php(123): require('/var/www/html/w...')
#7 /var/www/html/wp-content/themes/reyjesuspf/vendor/illuminate/filesystem/Filesystem.php(124): Illuminate\Filesystem\Filesystem::Illuminate\Filesystem\{closure}()
#8 /var/www/html/wp-content/themes/reyjesuspf/vendor/illuminate/view/Engines/PhpEngine.php(57): Illuminate\Filesystem\Filesystem->getRequire('/var/www/html/w...', Array)
#9 /var/www/html/wp-content/themes/reyjesuspf/vendor/illuminate/view/Engines/CompilerEngine.php(74): Illuminate\View\Engines\PhpEngine->evaluatePath('/var/www/html/w...', Array)
#10 /var/www/html/wp-content/themes/reyjesuspf/vendor/illuminate/view/View.php(208): Illuminate\View\Engines\CompilerEngine->get('/var/www/html/w...', Array)
#11 /var/www/html/wp-content/themes/reyjesuspf/vendor/illuminate/view/View.php(191): Illuminate\View\View->getContents()
#12 /var/www/html/wp-content/themes/reyjesuspf/vendor/illuminate/view/View.php(160): Illuminate\View\View->renderContents()
#13 /var/www/html/wp-content/themes/reyjesuspf/index.php(3): Illuminate\View\View->render()
#14 /var/www/html/wp-includes/template-loader.php(106): include('/var/www/html/w...')
#15 /var/www/html/wp-blog-header.php(19): require_once('/var/www/html/w...')
#16 /var/www/html/index.php(17): require('/var/www/html/w...')
#17 {main}

Next Illuminate\View\ViewException: Cannot access offset of type string on string (View: /var/www/html/wp-content/themes/reyjesuspf/resources/views/partials/Yoconstruyo/fotostemplopage/fotostemplo.blade.php) (View: /var/www/html/wp-content/themes/reyjesuspf/resources/views/partials/Yoconstruyo/fotostemplopage/fotostemplo.blade.php) in /var/www/html/wp-content/cache/acorn/framework/views/05b34d8c12b82f11290c5f75c5139ee3.php:49
Stack trace:
#0 /var/www/html/wp-content/themes/reyjesuspf/vendor/illuminate/view/Engines/PhpEngine.php(59): Illuminate\View\Engines\CompilerEngine->handleViewException(Object(Illuminate\View\ViewException), 0)
#1 /var/www/html/wp-content/themes/reyjesuspf/vendor/illuminate/view/Engines/CompilerEngine.php(74): Illuminate\View\Engines\PhpEngine->evaluatePath('/var/www/html/w...', Array)
#2 /var/www/html/wp-content/themes/reyjesuspf/vendor/illuminate/view/View.php(208): Illuminate\View\Engines\CompilerEngine->get('/var/www/html/w...', Array)
#3 /var/www/html/wp-content/themes/reyjesuspf/vendor/illuminate/view/View.php(191): Illuminate\View\View->getContents()
#4 /var/www/html/wp-content/themes/reyjesuspf/vendor/illuminate/view/View.php(160): Illuminate\View\View->renderContents()
#5 /var/www/html/wp-content/themes/reyjesuspf/index.php(3): Illuminate\View\View->render()
#6 /var/www/html/wp-includes/template-loader.php(106): include('/var/www/html/w...')
#7 /var/www/html/wp-blog-header.php(19): require_once('/var/www/html/w...')
#8 /var/www/html/index.php(17): require('/var/www/html/w...')
#9 {main}
  thrown in /var/www/html/wp-content/cache/acorn/framework/views/05b34d8c12b82f11290c5f75c5139ee3.php on line 49
[31-Jul-2025 21:22:16 UTC] PHP Warning:  Undefined variable $galeria_imagenes in /var/www/html/wp-content/cache/acorn/framework/views/05b34d8c12b82f11290c5f75c5139ee3.php on line 64
[31-Jul-2025 21:22:16 UTC] PHP Warning:  Trying to access array offset on null in /var/www/html/wp-content/cache/acorn/framework/views/05b34d8c12b82f11290c5f75c5139ee3.php on line 64
[31-Jul-2025 21:22:16 UTC] PHP Warning:  Undefined variable $galeria_imagenes in /var/www/html/wp-content/cache/acorn/framework/views/05b34d8c12b82f11290c5f75c5139ee3.php on line 64
[31-Jul-2025 21:22:16 UTC] PHP Warning:  Trying to access array offset on null in /var/www/html/wp-content/cache/acorn/framework/views/05b34d8c12b82f11290c5f75c5139ee3.php on line 64
[31-Jul-2025 21:23:13 UTC] PHP Warning:  Undefined variable $galeria_imagenes in /var/www/html/wp-content/cache/acorn/framework/views/05b34d8c12b82f11290c5f75c5139ee3.php on line 64
[31-Jul-2025 21:23:13 UTC] PHP Warning:  Trying to access array offset on null in /var/www/html/wp-content/cache/acorn/framework/views/05b34d8c12b82f11290c5f75c5139ee3.php on line 64
[31-Jul-2025 21:23:13 UTC] PHP Warning:  Undefined variable $galeria_imagenes in /var/www/html/wp-content/cache/acorn/framework/views/05b34d8c12b82f11290c5f75c5139ee3.php on line 64
[31-Jul-2025 21:23:13 UTC] PHP Warning:  Trying to access array offset on null in /var/www/html/wp-content/cache/acorn/framework/views/05b34d8c12b82f11290c5f75c5139ee3.php on line 64
[31-Jul-2025 21:24:20 UTC] PHP Warning:  Undefined variable $galeria_imagenes in /var/www/html/wp-content/cache/acorn/framework/views/05b34d8c12b82f11290c5f75c5139ee3.php on line 64
[31-Jul-2025 21:24:20 UTC] PHP Warning:  Trying to access array offset on null in /var/www/html/wp-content/cache/acorn/framework/views/05b34d8c12b82f11290c5f75c5139ee3.php on line 64
[31-Jul-2025 21:24:20 UTC] PHP Warning:  Undefined variable $galeria_imagenes in /var/www/html/wp-content/cache/acorn/framework/views/05b34d8c12b82f11290c5f75c5139ee3.php on line 64
[31-Jul-2025 21:24:20 UTC] PHP Warning:  Trying to access array offset on null in /var/www/html/wp-content/cache/acorn/framework/views/05b34d8c12b82f11290c5f75c5139ee3.php on line 64
[31-Jul-2025 21:24:36 UTC] PHP Warning:  Undefined variable $galeria_imagenes in /var/www/html/wp-content/cache/acorn/framework/views/05b34d8c12b82f11290c5f75c5139ee3.php on line 64
[31-Jul-2025 21:24:36 UTC] PHP Warning:  Trying to access array offset on null in /var/www/html/wp-content/cache/acorn/framework/views/05b34d8c12b82f11290c5f75c5139ee3.php on line 64
[31-Jul-2025 21:24:36 UTC] PHP Warning:  Undefined variable $galeria_imagenes in /var/www/html/wp-content/cache/acorn/framework/views/05b34d8c12b82f11290c5f75c5139ee3.php on line 64
[31-Jul-2025 21:24:36 UTC] PHP Warning:  Trying to access array offset on null in /var/www/html/wp-content/cache/acorn/framework/views/05b34d8c12b82f11290c5f75c5139ee3.php on line 64
[31-Jul-2025 21:26:40 UTC] PHP Warning:  Undefined variable $galeria_imagenes in /var/www/html/wp-content/cache/acorn/framework/views/05b34d8c12b82f11290c5f75c5139ee3.php on line 70
[31-Jul-2025 21:26:40 UTC] PHP Warning:  Trying to access array offset on null in /var/www/html/wp-content/cache/acorn/framework/views/05b34d8c12b82f11290c5f75c5139ee3.php on line 70
[31-Jul-2025 21:26:40 UTC] PHP Warning:  Undefined variable $galeria_imagenes in /var/www/html/wp-content/cache/acorn/framework/views/05b34d8c12b82f11290c5f75c5139ee3.php on line 70
[31-Jul-2025 21:26:40 UTC] PHP Warning:  Trying to access array offset on null in /var/www/html/wp-content/cache/acorn/framework/views/05b34d8c12b82f11290c5f75c5139ee3.php on line 70
[31-Jul-2025 21:28:10 UTC] PHP Warning:  Undefined variable $galeria_imagenes in /var/www/html/wp-content/cache/acorn/framework/views/05b34d8c12b82f11290c5f75c5139ee3.php on line 74
[31-Jul-2025 21:28:10 UTC] PHP Warning:  Trying to access array offset on null in /var/www/html/wp-content/cache/acorn/framework/views/05b34d8c12b82f11290c5f75c5139ee3.php on line 74
[31-Jul-2025 21:28:10 UTC] PHP Warning:  Undefined variable $galeria_imagenes in /var/www/html/wp-content/cache/acorn/framework/views/05b34d8c12b82f11290c5f75c5139ee3.php on line 74
[31-Jul-2025 21:28:10 UTC] PHP Warning:  Trying to access array offset on null in /var/www/html/wp-content/cache/acorn/framework/views/05b34d8c12b82f11290c5f75c5139ee3.php on line 74
[31-Jul-2025 21:28:32 UTC] PHP Warning:  Undefined variable $galeria_imagenes in /var/www/html/wp-content/cache/acorn/framework/views/05b34d8c12b82f11290c5f75c5139ee3.php on line 74
[31-Jul-2025 21:28:32 UTC] PHP Warning:  Trying to access array offset on null in /var/www/html/wp-content/cache/acorn/framework/views/05b34d8c12b82f11290c5f75c5139ee3.php on line 74
[31-Jul-2025 21:28:32 UTC] PHP Warning:  Undefined variable $galeria_imagenes in /var/www/html/wp-content/cache/acorn/framework/views/05b34d8c12b82f11290c5f75c5139ee3.php on line 74
[31-Jul-2025 21:28:32 UTC] PHP Warning:  Trying to access array offset on null in /var/www/html/wp-content/cache/acorn/framework/views/05b34d8c12b82f11290c5f75c5139ee3.php on line 74
[31-Jul-2025 21:28:49 UTC] PHP Warning:  Undefined variable $galeria_imagenes in /var/www/html/wp-content/cache/acorn/framework/views/05b34d8c12b82f11290c5f75c5139ee3.php on line 74
[31-Jul-2025 21:28:49 UTC] PHP Warning:  Trying to access array offset on null in /var/www/html/wp-content/cache/acorn/framework/views/05b34d8c12b82f11290c5f75c5139ee3.php on line 74
[31-Jul-2025 21:28:49 UTC] PHP Warning:  Undefined variable $galeria_imagenes in /var/www/html/wp-content/cache/acorn/framework/views/05b34d8c12b82f11290c5f75c5139ee3.php on line 74
[31-Jul-2025 21:28:49 UTC] PHP Warning:  Trying to access array offset on null in /var/www/html/wp-content/cache/acorn/framework/views/05b34d8c12b82f11290c5f75c5139ee3.php on line 74
[31-Jul-2025 21:29:28 UTC] PHP Warning:  Undefined variable $galeria_imagenes in /var/www/html/wp-content/cache/acorn/framework/views/05b34d8c12b82f11290c5f75c5139ee3.php on line 74
[31-Jul-2025 21:29:28 UTC] PHP Warning:  Trying to access array offset on null in /var/www/html/wp-content/cache/acorn/framework/views/05b34d8c12b82f11290c5f75c5139ee3.php on line 74
[31-Jul-2025 21:29:28 UTC] PHP Warning:  Undefined variable $galeria_imagenes in /var/www/html/wp-content/cache/acorn/framework/views/05b34d8c12b82f11290c5f75c5139ee3.php on line 74
[31-Jul-2025 21:29:28 UTC] PHP Warning:  Trying to access array offset on null in /var/www/html/wp-content/cache/acorn/framework/views/05b34d8c12b82f11290c5f75c5139ee3.php on line 74
[01-Aug-2025 00:22:33 UTC] PHP Fatal error:  Uncaught ParseError: syntax error, unexpected token ";" in /var/www/html/wp-content/cache/acorn/framework/views/c169eeea013edc2ef97fd63c1998860c.php:57
Stack trace:
#0 /var/www/html/wp-content/themes/reyjesuspf/vendor/illuminate/filesystem/Filesystem.php(124): Illuminate\Filesystem\Filesystem::Illuminate\Filesystem\{closure}()
#1 /var/www/html/wp-content/themes/reyjesuspf/vendor/illuminate/view/Engines/PhpEngine.php(57): Illuminate\Filesystem\Filesystem->getRequire('/var/www/html/w...', Array)
#2 /var/www/html/wp-content/themes/reyjesuspf/vendor/illuminate/view/Engines/CompilerEngine.php(74): Illuminate\View\Engines\PhpEngine->evaluatePath('/var/www/html/w...', Array)
#3 /var/www/html/wp-content/themes/reyjesuspf/vendor/illuminate/view/View.php(208): Illuminate\View\Engines\CompilerEngine->get('/var/www/html/w...', Array)
#4 /var/www/html/wp-content/themes/reyjesuspf/vendor/illuminate/view/View.php(191): Illuminate\View\View->getContents()
#5 /var/www/html/wp-content/themes/reyjesuspf/vendor/illuminate/view/View.php(160): Illuminate\View\View->renderContents()
#6 /var/www/html/wp-content/cache/acorn/framework/views/872aeea5bc83526cef78522aea6c4ac7.php(32): Illuminate\View\View->render()
#7 /var/www/html/wp-content/themes/reyjesuspf/vendor/illuminate/filesystem/Filesystem.php(123): require('/var/www/html/w...')
#8 /var/www/html/wp-content/themes/reyjesuspf/vendor/illuminate/filesystem/Filesystem.php(124): Illuminate\Filesystem\Filesystem::Illuminate\Filesystem\{closure}()
#9 /var/www/html/wp-content/themes/reyjesuspf/vendor/illuminate/view/Engines/PhpEngine.php(57): Illuminate\Filesystem\Filesystem->getRequire('/var/www/html/w...', Array)
#10 /var/www/html/wp-content/themes/reyjesuspf/vendor/illuminate/view/Engines/CompilerEngine.php(74): Illuminate\View\Engines\PhpEngine->evaluatePath('/var/www/html/w...', Array)
#11 /var/www/html/wp-content/themes/reyjesuspf/vendor/illuminate/view/View.php(208): Illuminate\View\Engines\CompilerEngine->get('/var/www/html/w...', Array)
#12 /var/www/html/wp-content/themes/reyjesuspf/vendor/illuminate/view/View.php(191): Illuminate\View\View->getContents()
#13 /var/www/html/wp-content/themes/reyjesuspf/vendor/illuminate/view/View.php(160): Illuminate\View\View->renderContents()
#14 /var/www/html/wp-content/cache/acorn/framework/views/4e85496a1c8783340d210e65441ad863.php(12): Illuminate\View\View->render()
#15 /var/www/html/wp-content/themes/reyjesuspf/vendor/illuminate/filesystem/Filesystem.php(123): require('/var/www/html/w...')
#16 /var/www/html/wp-content/themes/reyjesuspf/vendor/illuminate/filesystem/Filesystem.php(124): Illuminate\Filesystem\Filesystem::Illuminate\Filesystem\{closure}()
#17 /var/www/html/wp-content/themes/reyjesuspf/vendor/illuminate/view/Engines/PhpEngine.php(57): Illuminate\Filesystem\Filesystem->getRequire('/var/www/html/w...', Array)
#18 /var/www/html/wp-content/themes/reyjesuspf/vendor/illuminate/view/Engines/CompilerEngine.php(74): Illuminate\View\Engines\PhpEngine->evaluatePath('/var/www/html/w...', Array)
#19 /var/www/html/wp-content/themes/reyjesuspf/vendor/illuminate/view/View.php(208): Illuminate\View\Engines\CompilerEngine->get('/var/www/html/w...', Array)
#20 /var/www/html/wp-content/themes/reyjesuspf/vendor/illuminate/view/View.php(191): Illuminate\View\View->getContents()
#21 /var/www/html/wp-content/themes/reyjesuspf/vendor/illuminate/view/View.php(160): Illuminate\View\View->renderContents()
#22 /var/www/html/wp-content/themes/reyjesuspf/index.php(3): Illuminate\View\View->render()
#23 /var/www/html/wp-includes/template-loader.php(106): include('/var/www/html/w...')
#24 /var/www/html/wp-blog-header.php(19): require_once('/var/www/html/w...')
#25 /var/www/html/index.php(17): require('/var/www/html/w...')
#26 {main}

Next Illuminate\View\ViewException: syntax error, unexpected token ";" (View: /var/www/html/wp-content/themes/reyjesuspf/resources/views/sections/footer.blade.php) in /var/www/html/wp-content/cache/acorn/framework/views/c169eeea013edc2ef97fd63c1998860c.php:57
Stack trace:
#0 /var/www/html/wp-content/themes/reyjesuspf/vendor/illuminate/view/Engines/PhpEngine.php(59): Illuminate\View\Engines\CompilerEngine->handleViewException(Object(ParseError), 2)
#1 /var/www/html/wp-content/themes/reyjesuspf/vendor/illuminate/view/Engines/CompilerEngine.php(74): Illuminate\View\Engines\PhpEngine->evaluatePath('/var/www/html/w...', Array)
#2 /var/www/html/wp-content/themes/reyjesuspf/vendor/illuminate/view/View.php(208): Illuminate\View\Engines\CompilerEngine->get('/var/www/html/w...', Array)
#3 /var/www/html/wp-content/themes/reyjesuspf/vendor/illuminate/view/View.php(191): Illuminate\View\View->getContents()
#4 /var/www/html/wp-content/themes/reyjesuspf/vendor/illuminate/view/View.php(160): Illuminate\View\View->renderContents()
#5 /var/www/html/wp-content/cache/acorn/framework/views/872aeea5bc83526cef78522aea6c4ac7.php(32): Illuminate\View\View->render()
#6 /var/www/html/wp-content/themes/reyjesuspf/vendor/illuminate/filesystem/Filesystem.php(123): require('/var/www/html/w...')
#7 /var/www/html/wp-content/themes/reyjesuspf/vendor/illuminate/filesystem/Filesystem.php(124): Illuminate\Filesystem\Filesystem::Illuminate\Filesystem\{closure}()
#8 /var/www/html/wp-content/themes/reyjesuspf/vendor/illuminate/view/Engines/PhpEngine.php(57): Illuminate\Filesystem\Filesystem->getRequire('/var/www/html/w...', Array)
#9 /var/www/html/wp-content/themes/reyjesuspf/vendor/illuminate/view/Engines/CompilerEngine.php(74): Illuminate\View\Engines\PhpEngine->evaluatePath('/var/www/html/w...', Array)
#10 /var/www/html/wp-content/themes/reyjesuspf/vendor/illuminate/view/View.php(208): Illuminate\View\Engines\CompilerEngine->get('/var/www/html/w...', Array)
#11 /var/www/html/wp-content/themes/reyjesuspf/vendor/illuminate/view/View.php(191): Illuminate\View\View->getContents()
#12 /var/www/html/wp-content/themes/reyjesuspf/vendor/illuminate/view/View.php(160): Illuminate\View\View->renderContents()
#13 /var/www/html/wp-content/cache/acorn/framework/views/4e85496a1c8783340d210e65441ad863.php(12): Illuminate\View\View->render()
#14 /var/www/html/wp-content/themes/reyjesuspf/vendor/illuminate/filesystem/Filesystem.php(123): require('/var/www/html/w...')
#15 /var/www/html/wp-content/themes/reyjesuspf/vendor/illuminate/filesystem/Filesystem.php(124): Illuminate\Filesystem\Filesystem::Illuminate\Filesystem\{closure}()
#16 /var/www/html/wp-content/themes/reyjesuspf/vendor/illuminate/view/Engines/PhpEngine.php(57): Illuminate\Filesystem\Filesystem->getRequire('/var/www/html/w...', Array)
#17 /var/www/html/wp-content/themes/reyjesuspf/vendor/illuminate/view/Engines/CompilerEngine.php(74): Illuminate\View\Engines\PhpEngine->evaluatePath('/var/www/html/w...', Array)
#18 /var/www/html/wp-content/themes/reyjesuspf/vendor/illuminate/view/View.php(208): Illuminate\View\Engines\CompilerEngine->get('/var/www/html/w...', Array)
#19 /var/www/html/wp-content/themes/reyjesuspf/vendor/illuminate/view/View.php(191): Illuminate\View\View->getContents()
#20 /var/www/html/wp-content/themes/reyjesuspf/vendor/illuminate/view/View.php(160): Illuminate\View\View->renderContents()
#21 /var/www/html/wp-content/themes/reyjesuspf/index.php(3): Illuminate\View\View->render()
#22 /var/www/html/wp-includes/template-loader.php(106): include('/var/www/html/w...')
#23 /var/www/html/wp-blog-header.php(19): require_once('/var/www/html/w...')
#24 /var/www/html/index.php(17): require('/var/www/html/w...')
#25 {main}

Next Illuminate\View\ViewException: syntax error, unexpected token ";" (View: /var/www/html/wp-content/themes/reyjesuspf/resources/views/sections/footer.blade.php) (View: /var/www/html/wp-content/themes/reyjesuspf/resources/views/sections/footer.blade.php) in /var/www/html/wp-content/cache/acorn/framework/views/c169eeea013edc2ef97fd63c1998860c.php:57
Stack trace:
#0 /var/www/html/wp-content/themes/reyjesuspf/vendor/illuminate/view/Engines/PhpEngine.php(59): Illuminate\View\Engines\CompilerEngine->handleViewException(Object(Illuminate\View\ViewException), 1)
#1 /var/www/html/wp-content/themes/reyjesuspf/vendor/illuminate/view/Engines/CompilerEngine.php(74): Illuminate\View\Engines\PhpEngine->evaluatePath('/var/www/html/w...', Array)
#2 /var/www/html/wp-content/themes/reyjesuspf/vendor/illuminate/view/View.php(208): Illuminate\View\Engines\CompilerEngine->get('/var/www/html/w...', Array)
#3 /var/www/html/wp-content/themes/reyjesuspf/vendor/illuminate/view/View.php(191): Illuminate\View\View->getContents()
#4 /var/www/html/wp-content/themes/reyjesuspf/vendor/illuminate/view/View.php(160): Illuminate\View\View->renderContents()
#5 /var/www/html/wp-content/cache/acorn/framework/views/4e85496a1c8783340d210e65441ad863.php(12): Illuminate\View\View->render()
#6 /var/www/html/wp-content/themes/reyjesuspf/vendor/illuminate/filesystem/Filesystem.php(123): require('/var/www/html/w...')
#7 /var/www/html/wp-content/themes/reyjesuspf/vendor/illuminate/filesystem/Filesystem.php(124): Illuminate\Filesystem\Filesystem::Illuminate\Filesystem\{closure}()
#8 /var/www/html/wp-content/themes/reyjesuspf/vendor/illuminate/view/Engines/PhpEngine.php(57): Illuminate\Filesystem\Filesystem->getRequire('/var/www/html/w...', Array)
#9 /var/www/html/wp-content/themes/reyjesuspf/vendor/illuminate/view/Engines/CompilerEngine.php(74): Illuminate\View\Engines\PhpEngine->evaluatePath('/var/www/html/w...', Array)
#10 /var/www/html/wp-content/themes/reyjesuspf/vendor/illuminate/view/View.php(208): Illuminate\View\Engines\CompilerEngine->get('/var/www/html/w...', Array)
#11 /var/www/html/wp-content/themes/reyjesuspf/vendor/illuminate/view/View.php(191): Illuminate\View\View->getContents()
#12 /var/www/html/wp-content/themes/reyjesuspf/vendor/illuminate/view/View.php(160): Illuminate\View\View->renderContents()
#13 /var/www/html/wp-content/themes/reyjesuspf/index.php(3): Illuminate\View\View->render()
#14 /var/www/html/wp-includes/template-loader.php(106): include('/var/www/html/w...')
#15 /var/www/html/wp-blog-header.php(19): require_once('/var/www/html/w...')
#16 /var/www/html/index.php(17): require('/var/www/html/w...')
#17 {main}

Next Illuminate\View\ViewException: syntax error, unexpected token ";" (View: /var/www/html/wp-content/themes/reyjesuspf/resources/views/sections/footer.blade.php) (View: /var/www/html/wp-content/themes/reyjesuspf/resources/views/sections/footer.blade.php) (View: /var/www/html/wp-content/themes/reyjesuspf/resources/views/sections/footer.blade.php) in /var/www/html/wp-content/cache/acorn/framework/views/c169eeea013edc2ef97fd63c1998860c.php:57
Stack trace:
#0 /var/www/html/wp-content/themes/reyjesuspf/vendor/illuminate/view/Engines/PhpEngine.php(59): Illuminate\View\Engines\CompilerEngine->handleViewException(Object(Illuminate\View\ViewException), 0)
#1 /var/www/html/wp-content/themes/reyjesuspf/vendor/illuminate/view/Engines/CompilerEngine.php(74): Illuminate\View\Engines\PhpEngine->evaluatePath('/var/www/html/w...', Array)
#2 /var/www/html/wp-content/themes/reyjesuspf/vendor/illuminate/view/View.php(208): Illuminate\View\Engines\CompilerEngine->get('/var/www/html/w...', Array)
#3 /var/www/html/wp-content/themes/reyjesuspf/vendor/illuminate/view/View.php(191): Illuminate\View\View->getContents()
#4 /var/www/html/wp-content/themes/reyjesuspf/vendor/illuminate/view/View.php(160): Illuminate\View\View->renderContents()
#5 /var/www/html/wp-content/themes/reyjesuspf/index.php(3): Illuminate\View\View->render()
#6 /var/www/html/wp-includes/template-loader.php(106): include('/var/www/html/w...')
#7 /var/www/html/wp-blog-header.php(19): require_once('/var/www/html/w...')
#8 /var/www/html/index.php(17): require('/var/www/html/w...')
#9 {main}
  thrown in /var/www/html/wp-content/cache/acorn/framework/views/c169eeea013edc2ef97fd63c1998860c.php on line 57
[01-Aug-2025 00:36:07 UTC] PHP Fatal error:  Uncaught TypeError: Cannot access offset of type string on string in /var/www/html/wp-content/cache/acorn/framework/views/c169eeea013edc2ef97fd63c1998860c.php:50
Stack trace:
#0 /var/www/html/wp-content/themes/reyjesuspf/vendor/illuminate/filesystem/Filesystem.php(123): require()
#1 /var/www/html/wp-content/themes/reyjesuspf/vendor/illuminate/filesystem/Filesystem.php(124): Illuminate\Filesystem\Filesystem::Illuminate\Filesystem\{closure}()
#2 /var/www/html/wp-content/themes/reyjesuspf/vendor/illuminate/view/Engines/PhpEngine.php(57): Illuminate\Filesystem\Filesystem->getRequire('/var/www/html/w...', Array)
#3 /var/www/html/wp-content/themes/reyjesuspf/vendor/illuminate/view/Engines/CompilerEngine.php(74): Illuminate\View\Engines\PhpEngine->evaluatePath('/var/www/html/w...', Array)
#4 /var/www/html/wp-content/themes/reyjesuspf/vendor/illuminate/view/View.php(208): Illuminate\View\Engines\CompilerEngine->get('/var/www/html/w...', Array)
#5 /var/www/html/wp-content/themes/reyjesuspf/vendor/illuminate/view/View.php(191): Illuminate\View\View->getContents()
#6 /var/www/html/wp-content/themes/reyjesuspf/vendor/illuminate/view/View.php(160): Illuminate\View\View->renderContents()
#7 /var/www/html/wp-content/cache/acorn/framework/views/872aeea5bc83526cef78522aea6c4ac7.php(32): Illuminate\View\View->render()
#8 /var/www/html/wp-content/themes/reyjesuspf/vendor/illuminate/filesystem/Filesystem.php(123): require('/var/www/html/w...')
#9 /var/www/html/wp-content/themes/reyjesuspf/vendor/illuminate/filesystem/Filesystem.php(124): Illuminate\Filesystem\Filesystem::Illuminate\Filesystem\{closure}()
#10 /var/www/html/wp-content/themes/reyjesuspf/vendor/illuminate/view/Engines/PhpEngine.php(57): Illuminate\Filesystem\Filesystem->getRequire('/var/www/html/w...', Array)
#11 /var/www/html/wp-content/themes/reyjesuspf/vendor/illuminate/view/Engines/CompilerEngine.php(74): Illuminate\View\Engines\PhpEngine->evaluatePath('/var/www/html/w...', Array)
#12 /var/www/html/wp-content/themes/reyjesuspf/vendor/illuminate/view/View.php(208): Illuminate\View\Engines\CompilerEngine->get('/var/www/html/w...', Array)
#13 /var/www/html/wp-content/themes/reyjesuspf/vendor/illuminate/view/View.php(191): Illuminate\View\View->getContents()
#14 /var/www/html/wp-content/themes/reyjesuspf/vendor/illuminate/view/View.php(160): Illuminate\View\View->renderContents()
#15 /var/www/html/wp-content/cache/acorn/framework/views/4e85496a1c8783340d210e65441ad863.php(12): Illuminate\View\View->render()
#16 /var/www/html/wp-content/themes/reyjesuspf/vendor/illuminate/filesystem/Filesystem.php(123): require('/var/www/html/w...')
#17 /var/www/html/wp-content/themes/reyjesuspf/vendor/illuminate/filesystem/Filesystem.php(124): Illuminate\Filesystem\Filesystem::Illuminate\Filesystem\{closure}()
#18 /var/www/html/wp-content/themes/reyjesuspf/vendor/illuminate/view/Engines/PhpEngine.php(57): Illuminate\Filesystem\Filesystem->getRequire('/var/www/html/w...', Array)
#19 /var/www/html/wp-content/themes/reyjesuspf/vendor/illuminate/view/Engines/CompilerEngine.php(74): Illuminate\View\Engines\PhpEngine->evaluatePath('/var/www/html/w...', Array)
#20 /var/www/html/wp-content/themes/reyjesuspf/vendor/illuminate/view/View.php(208): Illuminate\View\Engines\CompilerEngine->get('/var/www/html/w...', Array)
#21 /var/www/html/wp-content/themes/reyjesuspf/vendor/illuminate/view/View.php(191): Illuminate\View\View->getContents()
#22 /var/www/html/wp-content/themes/reyjesuspf/vendor/illuminate/view/View.php(160): Illuminate\View\View->renderContents()
#23 /var/www/html/wp-content/themes/reyjesuspf/index.php(3): Illuminate\View\View->render()
#24 /var/www/html/wp-includes/template-loader.php(106): include('/var/www/html/w...')
#25 /var/www/html/wp-blog-header.php(19): require_once('/var/www/html/w...')
#26 /var/www/html/index.php(17): require('/var/www/html/w...')
#27 {main}

Next Illuminate\View\ViewException: Cannot access offset of type string on string (View: /var/www/html/wp-content/themes/reyjesuspf/resources/views/sections/footer.blade.php) in /var/www/html/wp-content/cache/acorn/framework/views/c169eeea013edc2ef97fd63c1998860c.php:50
Stack trace:
#0 /var/www/html/wp-content/themes/reyjesuspf/vendor/illuminate/view/Engines/PhpEngine.php(59): Illuminate\View\Engines\CompilerEngine->handleViewException(Object(TypeError), 2)
#1 /var/www/html/wp-content/themes/reyjesuspf/vendor/illuminate/view/Engines/CompilerEngine.php(74): Illuminate\View\Engines\PhpEngine->evaluatePath('/var/www/html/w...', Array)
#2 /var/www/html/wp-content/themes/reyjesuspf/vendor/illuminate/view/View.php(208): Illuminate\View\Engines\CompilerEngine->get('/var/www/html/w...', Array)
#3 /var/www/html/wp-content/themes/reyjesuspf/vendor/illuminate/view/View.php(191): Illuminate\View\View->getContents()
#4 /var/www/html/wp-content/themes/reyjesuspf/vendor/illuminate/view/View.php(160): Illuminate\View\View->renderContents()
#5 /var/www/html/wp-content/cache/acorn/framework/views/872aeea5bc83526cef78522aea6c4ac7.php(32): Illuminate\View\View->render()
#6 /var/www/html/wp-content/themes/reyjesuspf/vendor/illuminate/filesystem/Filesystem.php(123): require('/var/www/html/w...')
#7 /var/www/html/wp-content/themes/reyjesuspf/vendor/illuminate/filesystem/Filesystem.php(124): Illuminate\Filesystem\Filesystem::Illuminate\Filesystem\{closure}()
#8 /var/www/html/wp-content/themes/reyjesuspf/vendor/illuminate/view/Engines/PhpEngine.php(57): Illuminate\Filesystem\Filesystem->getRequire('/var/www/html/w...', Array)
#9 /var/www/html/wp-content/themes/reyjesuspf/vendor/illuminate/view/Engines/CompilerEngine.php(74): Illuminate\View\Engines\PhpEngine->evaluatePath('/var/www/html/w...', Array)
#10 /var/www/html/wp-content/themes/reyjesuspf/vendor/illuminate/view/View.php(208): Illuminate\View\Engines\CompilerEngine->get('/var/www/html/w...', Array)
#11 /var/www/html/wp-content/themes/reyjesuspf/vendor/illuminate/view/View.php(191): Illuminate\View\View->getContents()
#12 /var/www/html/wp-content/themes/reyjesuspf/vendor/illuminate/view/View.php(160): Illuminate\View\View->renderContents()
#13 /var/www/html/wp-content/cache/acorn/framework/views/4e85496a1c8783340d210e65441ad863.php(12): Illuminate\View\View->render()
#14 /var/www/html/wp-content/themes/reyjesuspf/vendor/illuminate/filesystem/Filesystem.php(123): require('/var/www/html/w...')
#15 /var/www/html/wp-content/themes/reyjesuspf/vendor/illuminate/filesystem/Filesystem.php(124): Illuminate\Filesystem\Filesystem::Illuminate\Filesystem\{closure}()
#16 /var/www/html/wp-content/themes/reyjesuspf/vendor/illuminate/view/Engines/PhpEngine.php(57): Illuminate\Filesystem\Filesystem->getRequire('/var/www/html/w...', Array)
#17 /var/www/html/wp-content/themes/reyjesuspf/vendor/illuminate/view/Engines/CompilerEngine.php(74): Illuminate\View\Engines\PhpEngine->evaluatePath('/var/www/html/w...', Array)
#18 /var/www/html/wp-content/themes/reyjesuspf/vendor/illuminate/view/View.php(208): Illuminate\View\Engines\CompilerEngine->get('/var/www/html/w...', Array)
#19 /var/www/html/wp-content/themes/reyjesuspf/vendor/illuminate/view/View.php(191): Illuminate\View\View->getContents()
#20 /var/www/html/wp-content/themes/reyjesuspf/vendor/illuminate/view/View.php(160): Illuminate\View\View->renderContents()
#21 /var/www/html/wp-content/themes/reyjesuspf/index.php(3): Illuminate\View\View->render()
#22 /var/www/html/wp-includes/template-loader.php(106): include('/var/www/html/w...')
#23 /var/www/html/wp-blog-header.php(19): require_once('/var/www/html/w...')
#24 /var/www/html/index.php(17): require('/var/www/html/w...')
#25 {main}

Next Illuminate\View\ViewException: Cannot access offset of type string on string (View: /var/www/html/wp-content/themes/reyjesuspf/resources/views/sections/footer.blade.php) (View: /var/www/html/wp-content/themes/reyjesuspf/resources/views/sections/footer.blade.php) in /var/www/html/wp-content/cache/acorn/framework/views/c169eeea013edc2ef97fd63c1998860c.php:50
Stack trace:
#0 /var/www/html/wp-content/themes/reyjesuspf/vendor/illuminate/view/Engines/PhpEngine.php(59): Illuminate\View\Engines\CompilerEngine->handleViewException(Object(Illuminate\View\ViewException), 1)
#1 /var/www/html/wp-content/themes/reyjesuspf/vendor/illuminate/view/Engines/CompilerEngine.php(74): Illuminate\View\Engines\PhpEngine->evaluatePath('/var/www/html/w...', Array)
#2 /var/www/html/wp-content/themes/reyjesuspf/vendor/illuminate/view/View.php(208): Illuminate\View\Engines\CompilerEngine->get('/var/www/html/w...', Array)
#3 /var/www/html/wp-content/themes/reyjesuspf/vendor/illuminate/view/View.php(191): Illuminate\View\View->getContents()
#4 /var/www/html/wp-content/themes/reyjesuspf/vendor/illuminate/view/View.php(160): Illuminate\View\View->renderContents()
#5 /var/www/html/wp-content/cache/acorn/framework/views/4e85496a1c8783340d210e65441ad863.php(12): Illuminate\View\View->render()
#6 /var/www/html/wp-content/themes/reyjesuspf/vendor/illuminate/filesystem/Filesystem.php(123): require('/var/www/html/w...')
#7 /var/www/html/wp-content/themes/reyjesuspf/vendor/illuminate/filesystem/Filesystem.php(124): Illuminate\Filesystem\Filesystem::Illuminate\Filesystem\{closure}()
#8 /var/www/html/wp-content/themes/reyjesuspf/vendor/illuminate/view/Engines/PhpEngine.php(57): Illuminate\Filesystem\Filesystem->getRequire('/var/www/html/w...', Array)
#9 /var/www/html/wp-content/themes/reyjesuspf/vendor/illuminate/view/Engines/CompilerEngine.php(74): Illuminate\View\Engines\PhpEngine->evaluatePath('/var/www/html/w...', Array)
#10 /var/www/html/wp-content/themes/reyjesuspf/vendor/illuminate/view/View.php(208): Illuminate\View\Engines\CompilerEngine->get('/var/www/html/w...', Array)
#11 /var/www/html/wp-content/themes/reyjesuspf/vendor/illuminate/view/View.php(191): Illuminate\View\View->getContents()
#12 /var/www/html/wp-content/themes/reyjesuspf/vendor/illuminate/view/View.php(160): Illuminate\View\View->renderContents()
#13 /var/www/html/wp-content/themes/reyjesuspf/index.php(3): Illuminate\View\View->render()
#14 /var/www/html/wp-includes/template-loader.php(106): include('/var/www/html/w...')
#15 /var/www/html/wp-blog-header.php(19): require_once('/var/www/html/w...')
#16 /var/www/html/index.php(17): require('/var/www/html/w...')
#17 {main}

Next Illuminate\View\ViewException: Cannot access offset of type string on string (View: /var/www/html/wp-content/themes/reyjesuspf/resources/views/sections/footer.blade.php) (View: /var/www/html/wp-content/themes/reyjesuspf/resources/views/sections/footer.blade.php) (View: /var/www/html/wp-content/themes/reyjesuspf/resources/views/sections/footer.blade.php) in /var/www/html/wp-content/cache/acorn/framework/views/c169eeea013edc2ef97fd63c1998860c.php:50
Stack trace:
#0 /var/www/html/wp-content/themes/reyjesuspf/vendor/illuminate/view/Engines/PhpEngine.php(59): Illuminate\View\Engines\CompilerEngine->handleViewException(Object(Illuminate\View\ViewException), 0)
#1 /var/www/html/wp-content/themes/reyjesuspf/vendor/illuminate/view/Engines/CompilerEngine.php(74): Illuminate\View\Engines\PhpEngine->evaluatePath('/var/www/html/w...', Array)
#2 /var/www/html/wp-content/themes/reyjesuspf/vendor/illuminate/view/View.php(208): Illuminate\View\Engines\CompilerEngine->get('/var/www/html/w...', Array)
#3 /var/www/html/wp-content/themes/reyjesuspf/vendor/illuminate/view/View.php(191): Illuminate\View\View->getContents()
#4 /var/www/html/wp-content/themes/reyjesuspf/vendor/illuminate/view/View.php(160): Illuminate\View\View->renderContents()
#5 /var/www/html/wp-content/themes/reyjesuspf/index.php(3): Illuminate\View\View->render()
#6 /var/www/html/wp-includes/template-loader.php(106): include('/var/www/html/w...')
#7 /var/www/html/wp-blog-header.php(19): require_once('/var/www/html/w...')
#8 /var/www/html/index.php(17): require('/var/www/html/w...')
#9 {main}
  thrown in /var/www/html/wp-content/cache/acorn/framework/views/c169eeea013edc2ef97fd63c1998860c.php on line 50
[01-Aug-2025 00:36:12 UTC] PHP Fatal error:  Uncaught TypeError: Cannot access offset of type string on string in /var/www/html/wp-content/cache/acorn/framework/views/c169eeea013edc2ef97fd63c1998860c.php:50
Stack trace:
#0 /var/www/html/wp-content/themes/reyjesuspf/vendor/illuminate/filesystem/Filesystem.php(123): require()
#1 /var/www/html/wp-content/themes/reyjesuspf/vendor/illuminate/filesystem/Filesystem.php(124): Illuminate\Filesystem\Filesystem::Illuminate\Filesystem\{closure}()
#2 /var/www/html/wp-content/themes/reyjesuspf/vendor/illuminate/view/Engines/PhpEngine.php(57): Illuminate\Filesystem\Filesystem->getRequire('/var/www/html/w...', Array)
#3 /var/www/html/wp-content/themes/reyjesuspf/vendor/illuminate/view/Engines/CompilerEngine.php(74): Illuminate\View\Engines\PhpEngine->evaluatePath('/var/www/html/w...', Array)
#4 /var/www/html/wp-content/themes/reyjesuspf/vendor/illuminate/view/View.php(208): Illuminate\View\Engines\CompilerEngine->get('/var/www/html/w...', Array)
#5 /var/www/html/wp-content/themes/reyjesuspf/vendor/illuminate/view/View.php(191): Illuminate\View\View->getContents()
#6 /var/www/html/wp-content/themes/reyjesuspf/vendor/illuminate/view/View.php(160): Illuminate\View\View->renderContents()
#7 /var/www/html/wp-content/cache/acorn/framework/views/872aeea5bc83526cef78522aea6c4ac7.php(32): Illuminate\View\View->render()
#8 /var/www/html/wp-content/themes/reyjesuspf/vendor/illuminate/filesystem/Filesystem.php(123): require('/var/www/html/w...')
#9 /var/www/html/wp-content/themes/reyjesuspf/vendor/illuminate/filesystem/Filesystem.php(124): Illuminate\Filesystem\Filesystem::Illuminate\Filesystem\{closure}()
#10 /var/www/html/wp-content/themes/reyjesuspf/vendor/illuminate/view/Engines/PhpEngine.php(57): Illuminate\Filesystem\Filesystem->getRequire('/var/www/html/w...', Array)
#11 /var/www/html/wp-content/themes/reyjesuspf/vendor/illuminate/view/Engines/CompilerEngine.php(74): Illuminate\View\Engines\PhpEngine->evaluatePath('/var/www/html/w...', Array)
#12 /var/www/html/wp-content/themes/reyjesuspf/vendor/illuminate/view/View.php(208): Illuminate\View\Engines\CompilerEngine->get('/var/www/html/w...', Array)
#13 /var/www/html/wp-content/themes/reyjesuspf/vendor/illuminate/view/View.php(191): Illuminate\View\View->getContents()
#14 /var/www/html/wp-content/themes/reyjesuspf/vendor/illuminate/view/View.php(160): Illuminate\View\View->renderContents()
#15 /var/www/html/wp-content/cache/acorn/framework/views/4e85496a1c8783340d210e65441ad863.php(12): Illuminate\View\View->render()
#16 /var/www/html/wp-content/themes/reyjesuspf/vendor/illuminate/filesystem/Filesystem.php(123): require('/var/www/html/w...')
#17 /var/www/html/wp-content/themes/reyjesuspf/vendor/illuminate/filesystem/Filesystem.php(124): Illuminate\Filesystem\Filesystem::Illuminate\Filesystem\{closure}()
#18 /var/www/html/wp-content/themes/reyjesuspf/vendor/illuminate/view/Engines/PhpEngine.php(57): Illuminate\Filesystem\Filesystem->getRequire('/var/www/html/w...', Array)
#19 /var/www/html/wp-content/themes/reyjesuspf/vendor/illuminate/view/Engines/CompilerEngine.php(74): Illuminate\View\Engines\PhpEngine->evaluatePath('/var/www/html/w...', Array)
#20 /var/www/html/wp-content/themes/reyjesuspf/vendor/illuminate/view/View.php(208): Illuminate\View\Engines\CompilerEngine->get('/var/www/html/w...', Array)
#21 /var/www/html/wp-content/themes/reyjesuspf/vendor/illuminate/view/View.php(191): Illuminate\View\View->getContents()
#22 /var/www/html/wp-content/themes/reyjesuspf/vendor/illuminate/view/View.php(160): Illuminate\View\View->renderContents()
#23 /var/www/html/wp-content/themes/reyjesuspf/index.php(3): Illuminate\View\View->render()
#24 /var/www/html/wp-includes/template-loader.php(106): include('/var/www/html/w...')
#25 /var/www/html/wp-blog-header.php(19): require_once('/var/www/html/w...')
#26 /var/www/html/index.php(17): require('/var/www/html/w...')
#27 {main}

Next Illuminate\View\ViewException: Cannot access offset of type string on string (View: /var/www/html/wp-content/themes/reyjesuspf/resources/views/sections/footer.blade.php) in /var/www/html/wp-content/cache/acorn/framework/views/c169eeea013edc2ef97fd63c1998860c.php:50
Stack trace:
#0 /var/www/html/wp-content/themes/reyjesuspf/vendor/illuminate/view/Engines/PhpEngine.php(59): Illuminate\View\Engines\CompilerEngine->handleViewException(Object(TypeError), 2)
#1 /var/www/html/wp-content/themes/reyjesuspf/vendor/illuminate/view/Engines/CompilerEngine.php(74): Illuminate\View\Engines\PhpEngine->evaluatePath('/var/www/html/w...', Array)
#2 /var/www/html/wp-content/themes/reyjesuspf/vendor/illuminate/view/View.php(208): Illuminate\View\Engines\CompilerEngine->get('/var/www/html/w...', Array)
#3 /var/www/html/wp-content/themes/reyjesuspf/vendor/illuminate/view/View.php(191): Illuminate\View\View->getContents()
#4 /var/www/html/wp-content/themes/reyjesuspf/vendor/illuminate/view/View.php(160): Illuminate\View\View->renderContents()
#5 /var/www/html/wp-content/cache/acorn/framework/views/872aeea5bc83526cef78522aea6c4ac7.php(32): Illuminate\View\View->render()
#6 /var/www/html/wp-content/themes/reyjesuspf/vendor/illuminate/filesystem/Filesystem.php(123): require('/var/www/html/w...')
#7 /var/www/html/wp-content/themes/reyjesuspf/vendor/illuminate/filesystem/Filesystem.php(124): Illuminate\Filesystem\Filesystem::Illuminate\Filesystem\{closure}()
#8 /var/www/html/wp-content/themes/reyjesuspf/vendor/illuminate/view/Engines/PhpEngine.php(57): Illuminate\Filesystem\Filesystem->getRequire('/var/www/html/w...', Array)
#9 /var/www/html/wp-content/themes/reyjesuspf/vendor/illuminate/view/Engines/CompilerEngine.php(74): Illuminate\View\Engines\PhpEngine->evaluatePath('/var/www/html/w...', Array)
#10 /var/www/html/wp-content/themes/reyjesuspf/vendor/illuminate/view/View.php(208): Illuminate\View\Engines\CompilerEngine->get('/var/www/html/w...', Array)
#11 /var/www/html/wp-content/themes/reyjesuspf/vendor/illuminate/view/View.php(191): Illuminate\View\View->getContents()
#12 /var/www/html/wp-content/themes/reyjesuspf/vendor/illuminate/view/View.php(160): Illuminate\View\View->renderContents()
#13 /var/www/html/wp-content/cache/acorn/framework/views/4e85496a1c8783340d210e65441ad863.php(12): Illuminate\View\View->render()
#14 /var/www/html/wp-content/themes/reyjesuspf/vendor/illuminate/filesystem/Filesystem.php(123): require('/var/www/html/w...')
#15 /var/www/html/wp-content/themes/reyjesuspf/vendor/illuminate/filesystem/Filesystem.php(124): Illuminate\Filesystem\Filesystem::Illuminate\Filesystem\{closure}()
#16 /var/www/html/wp-content/themes/reyjesuspf/vendor/illuminate/view/Engines/PhpEngine.php(57): Illuminate\Filesystem\Filesystem->getRequire('/var/www/html/w...', Array)
#17 /var/www/html/wp-content/themes/reyjesuspf/vendor/illuminate/view/Engines/CompilerEngine.php(74): Illuminate\View\Engines\PhpEngine->evaluatePath('/var/www/html/w...', Array)
#18 /var/www/html/wp-content/themes/reyjesuspf/vendor/illuminate/view/View.php(208): Illuminate\View\Engines\CompilerEngine->get('/var/www/html/w...', Array)
#19 /var/www/html/wp-content/themes/reyjesuspf/vendor/illuminate/view/View.php(191): Illuminate\View\View->getContents()
#20 /var/www/html/wp-content/themes/reyjesuspf/vendor/illuminate/view/View.php(160): Illuminate\View\View->renderContents()
#21 /var/www/html/wp-content/themes/reyjesuspf/index.php(3): Illuminate\View\View->render()
#22 /var/www/html/wp-includes/template-loader.php(106): include('/var/www/html/w...')
#23 /var/www/html/wp-blog-header.php(19): require_once('/var/www/html/w...')
#24 /var/www/html/index.php(17): require('/var/www/html/w...')
#25 {main}

Next Illuminate\View\ViewException: Cannot access offset of type string on string (View: /var/www/html/wp-content/themes/reyjesuspf/resources/views/sections/footer.blade.php) (View: /var/www/html/wp-content/themes/reyjesuspf/resources/views/sections/footer.blade.php) in /var/www/html/wp-content/cache/acorn/framework/views/c169eeea013edc2ef97fd63c1998860c.php:50
Stack trace:
#0 /var/www/html/wp-content/themes/reyjesuspf/vendor/illuminate/view/Engines/PhpEngine.php(59): Illuminate\View\Engines\CompilerEngine->handleViewException(Object(Illuminate\View\ViewException), 1)
#1 /var/www/html/wp-content/themes/reyjesuspf/vendor/illuminate/view/Engines/CompilerEngine.php(74): Illuminate\View\Engines\PhpEngine->evaluatePath('/var/www/html/w...', Array)
#2 /var/www/html/wp-content/themes/reyjesuspf/vendor/illuminate/view/View.php(208): Illuminate\View\Engines\CompilerEngine->get('/var/www/html/w...', Array)
#3 /var/www/html/wp-content/themes/reyjesuspf/vendor/illuminate/view/View.php(191): Illuminate\View\View->getContents()
#4 /var/www/html/wp-content/themes/reyjesuspf/vendor/illuminate/view/View.php(160): Illuminate\View\View->renderContents()
#5 /var/www/html/wp-content/cache/acorn/framework/views/4e85496a1c8783340d210e65441ad863.php(12): Illuminate\View\View->render()
#6 /var/www/html/wp-content/themes/reyjesuspf/vendor/illuminate/filesystem/Filesystem.php(123): require('/var/www/html/w...')
#7 /var/www/html/wp-content/themes/reyjesuspf/vendor/illuminate/filesystem/Filesystem.php(124): Illuminate\Filesystem\Filesystem::Illuminate\Filesystem\{closure}()
#8 /var/www/html/wp-content/themes/reyjesuspf/vendor/illuminate/view/Engines/PhpEngine.php(57): Illuminate\Filesystem\Filesystem->getRequire('/var/www/html/w...', Array)
#9 /var/www/html/wp-content/themes/reyjesuspf/vendor/illuminate/view/Engines/CompilerEngine.php(74): Illuminate\View\Engines\PhpEngine->evaluatePath('/var/www/html/w...', Array)
#10 /var/www/html/wp-content/themes/reyjesuspf/vendor/illuminate/view/View.php(208): Illuminate\View\Engines\CompilerEngine->get('/var/www/html/w...', Array)
#11 /var/www/html/wp-content/themes/reyjesuspf/vendor/illuminate/view/View.php(191): Illuminate\View\View->getContents()
#12 /var/www/html/wp-content/themes/reyjesuspf/vendor/illuminate/view/View.php(160): Illuminate\View\View->renderContents()
#13 /var/www/html/wp-content/themes/reyjesuspf/index.php(3): Illuminate\View\View->render()
#14 /var/www/html/wp-includes/template-loader.php(106): include('/var/www/html/w...')
#15 /var/www/html/wp-blog-header.php(19): require_once('/var/www/html/w...')
#16 /var/www/html/index.php(17): require('/var/www/html/w...')
#17 {main}

Next Illuminate\View\ViewException: Cannot access offset of type string on string (View: /var/www/html/wp-content/themes/reyjesuspf/resources/views/sections/footer.blade.php) (View: /var/www/html/wp-content/themes/reyjesuspf/resources/views/sections/footer.blade.php) (View: /var/www/html/wp-content/themes/reyjesuspf/resources/views/sections/footer.blade.php) in /var/www/html/wp-content/cache/acorn/framework/views/c169eeea013edc2ef97fd63c1998860c.php:50
Stack trace:
#0 /var/www/html/wp-content/themes/reyjesuspf/vendor/illuminate/view/Engines/PhpEngine.php(59): Illuminate\View\Engines\CompilerEngine->handleViewException(Object(Illuminate\View\ViewException), 0)
#1 /var/www/html/wp-content/themes/reyjesuspf/vendor/illuminate/view/Engines/CompilerEngine.php(74): Illuminate\View\Engines\PhpEngine->evaluatePath('/var/www/html/w...', Array)
#2 /var/www/html/wp-content/themes/reyjesuspf/vendor/illuminate/view/View.php(208): Illuminate\View\Engines\CompilerEngine->get('/var/www/html/w...', Array)
#3 /var/www/html/wp-content/themes/reyjesuspf/vendor/illuminate/view/View.php(191): Illuminate\View\View->getContents()
#4 /var/www/html/wp-content/themes/reyjesuspf/vendor/illuminate/view/View.php(160): Illuminate\View\View->renderContents()
#5 /var/www/html/wp-content/themes/reyjesuspf/index.php(3): Illuminate\View\View->render()
#6 /var/www/html/wp-includes/template-loader.php(106): include('/var/www/html/w...')
#7 /var/www/html/wp-blog-header.php(19): require_once('/var/www/html/w...')
#8 /var/www/html/index.php(17): require('/var/www/html/w...')
#9 {main}
  thrown in /var/www/html/wp-content/cache/acorn/framework/views/c169eeea013edc2ef97fd63c1998860c.php on line 50
[01-Aug-2025 00:36:40 UTC] PHP Fatal error:  Uncaught TypeError: Cannot access offset of type string on string in /var/www/html/wp-content/cache/acorn/framework/views/c169eeea013edc2ef97fd63c1998860c.php:50
Stack trace:
#0 /var/www/html/wp-content/themes/reyjesuspf/vendor/illuminate/filesystem/Filesystem.php(123): require()
#1 /var/www/html/wp-content/themes/reyjesuspf/vendor/illuminate/filesystem/Filesystem.php(124): Illuminate\Filesystem\Filesystem::Illuminate\Filesystem\{closure}()
#2 /var/www/html/wp-content/themes/reyjesuspf/vendor/illuminate/view/Engines/PhpEngine.php(57): Illuminate\Filesystem\Filesystem->getRequire('/var/www/html/w...', Array)
#3 /var/www/html/wp-content/themes/reyjesuspf/vendor/illuminate/view/Engines/CompilerEngine.php(74): Illuminate\View\Engines\PhpEngine->evaluatePath('/var/www/html/w...', Array)
#4 /var/www/html/wp-content/themes/reyjesuspf/vendor/illuminate/view/View.php(208): Illuminate\View\Engines\CompilerEngine->get('/var/www/html/w...', Array)
#5 /var/www/html/wp-content/themes/reyjesuspf/vendor/illuminate/view/View.php(191): Illuminate\View\View->getContents()
#6 /var/www/html/wp-content/themes/reyjesuspf/vendor/illuminate/view/View.php(160): Illuminate\View\View->renderContents()
#7 /var/www/html/wp-content/cache/acorn/framework/views/872aeea5bc83526cef78522aea6c4ac7.php(32): Illuminate\View\View->render()
#8 /var/www/html/wp-content/themes/reyjesuspf/vendor/illuminate/filesystem/Filesystem.php(123): require('/var/www/html/w...')
#9 /var/www/html/wp-content/themes/reyjesuspf/vendor/illuminate/filesystem/Filesystem.php(124): Illuminate\Filesystem\Filesystem::Illuminate\Filesystem\{closure}()
#10 /var/www/html/wp-content/themes/reyjesuspf/vendor/illuminate/view/Engines/PhpEngine.php(57): Illuminate\Filesystem\Filesystem->getRequire('/var/www/html/w...', Array)
#11 /var/www/html/wp-content/themes/reyjesuspf/vendor/illuminate/view/Engines/CompilerEngine.php(74): Illuminate\View\Engines\PhpEngine->evaluatePath('/var/www/html/w...', Array)
#12 /var/www/html/wp-content/themes/reyjesuspf/vendor/illuminate/view/View.php(208): Illuminate\View\Engines\CompilerEngine->get('/var/www/html/w...', Array)
#13 /var/www/html/wp-content/themes/reyjesuspf/vendor/illuminate/view/View.php(191): Illuminate\View\View->getContents()
#14 /var/www/html/wp-content/themes/reyjesuspf/vendor/illuminate/view/View.php(160): Illuminate\View\View->renderContents()
#15 /var/www/html/wp-content/cache/acorn/framework/views/4e85496a1c8783340d210e65441ad863.php(12): Illuminate\View\View->render()
#16 /var/www/html/wp-content/themes/reyjesuspf/vendor/illuminate/filesystem/Filesystem.php(123): require('/var/www/html/w...')
#17 /var/www/html/wp-content/themes/reyjesuspf/vendor/illuminate/filesystem/Filesystem.php(124): Illuminate\Filesystem\Filesystem::Illuminate\Filesystem\{closure}()
#18 /var/www/html/wp-content/themes/reyjesuspf/vendor/illuminate/view/Engines/PhpEngine.php(57): Illuminate\Filesystem\Filesystem->getRequire('/var/www/html/w...', Array)
#19 /var/www/html/wp-content/themes/reyjesuspf/vendor/illuminate/view/Engines/CompilerEngine.php(74): Illuminate\View\Engines\PhpEngine->evaluatePath('/var/www/html/w...', Array)
#20 /var/www/html/wp-content/themes/reyjesuspf/vendor/illuminate/view/View.php(208): Illuminate\View\Engines\CompilerEngine->get('/var/www/html/w...', Array)
#21 /var/www/html/wp-content/themes/reyjesuspf/vendor/illuminate/view/View.php(191): Illuminate\View\View->getContents()
#22 /var/www/html/wp-content/themes/reyjesuspf/vendor/illuminate/view/View.php(160): Illuminate\View\View->renderContents()
#23 /var/www/html/wp-content/themes/reyjesuspf/index.php(3): Illuminate\View\View->render()
#24 /var/www/html/wp-includes/template-loader.php(106): include('/var/www/html/w...')
#25 /var/www/html/wp-blog-header.php(19): require_once('/var/www/html/w...')
#26 /var/www/html/index.php(17): require('/var/www/html/w...')
#27 {main}

Next Illuminate\View\ViewException: Cannot access offset of type string on string (View: /var/www/html/wp-content/themes/reyjesuspf/resources/views/sections/footer.blade.php) in /var/www/html/wp-content/cache/acorn/framework/views/c169eeea013edc2ef97fd63c1998860c.php:50
Stack trace:
#0 /var/www/html/wp-content/themes/reyjesuspf/vendor/illuminate/view/Engines/PhpEngine.php(59): Illuminate\View\Engines\CompilerEngine->handleViewException(Object(TypeError), 2)
#1 /var/www/html/wp-content/themes/reyjesuspf/vendor/illuminate/view/Engines/CompilerEngine.php(74): Illuminate\View\Engines\PhpEngine->evaluatePath('/var/www/html/w...', Array)
#2 /var/www/html/wp-content/themes/reyjesuspf/vendor/illuminate/view/View.php(208): Illuminate\View\Engines\CompilerEngine->get('/var/www/html/w...', Array)
#3 /var/www/html/wp-content/themes/reyjesuspf/vendor/illuminate/view/View.php(191): Illuminate\View\View->getContents()
#4 /var/www/html/wp-content/themes/reyjesuspf/vendor/illuminate/view/View.php(160): Illuminate\View\View->renderContents()
#5 /var/www/html/wp-content/cache/acorn/framework/views/872aeea5bc83526cef78522aea6c4ac7.php(32): Illuminate\View\View->render()
#6 /var/www/html/wp-content/themes/reyjesuspf/vendor/illuminate/filesystem/Filesystem.php(123): require('/var/www/html/w...')
#7 /var/www/html/wp-content/themes/reyjesuspf/vendor/illuminate/filesystem/Filesystem.php(124): Illuminate\Filesystem\Filesystem::Illuminate\Filesystem\{closure}()
#8 /var/www/html/wp-content/themes/reyjesuspf/vendor/illuminate/view/Engines/PhpEngine.php(57): Illuminate\Filesystem\Filesystem->getRequire('/var/www/html/w...', Array)
#9 /var/www/html/wp-content/themes/reyjesuspf/vendor/illuminate/view/Engines/CompilerEngine.php(74): Illuminate\View\Engines\PhpEngine->evaluatePath('/var/www/html/w...', Array)
#10 /var/www/html/wp-content/themes/reyjesuspf/vendor/illuminate/view/View.php(208): Illuminate\View\Engines\CompilerEngine->get('/var/www/html/w...', Array)
#11 /var/www/html/wp-content/themes/reyjesuspf/vendor/illuminate/view/View.php(191): Illuminate\View\View->getContents()
#12 /var/www/html/wp-content/themes/reyjesuspf/vendor/illuminate/view/View.php(160): Illuminate\View\View->renderContents()
#13 /var/www/html/wp-content/cache/acorn/framework/views/4e85496a1c8783340d210e65441ad863.php(12): Illuminate\View\View->render()
#14 /var/www/html/wp-content/themes/reyjesuspf/vendor/illuminate/filesystem/Filesystem.php(123): require('/var/www/html/w...')
#15 /var/www/html/wp-content/themes/reyjesuspf/vendor/illuminate/filesystem/Filesystem.php(124): Illuminate\Filesystem\Filesystem::Illuminate\Filesystem\{closure}()
#16 /var/www/html/wp-content/themes/reyjesuspf/vendor/illuminate/view/Engines/PhpEngine.php(57): Illuminate\Filesystem\Filesystem->getRequire('/var/www/html/w...', Array)
#17 /var/www/html/wp-content/themes/reyjesuspf/vendor/illuminate/view/Engines/CompilerEngine.php(74): Illuminate\View\Engines\PhpEngine->evaluatePath('/var/www/html/w...', Array)
#18 /var/www/html/wp-content/themes/reyjesuspf/vendor/illuminate/view/View.php(208): Illuminate\View\Engines\CompilerEngine->get('/var/www/html/w...', Array)
#19 /var/www/html/wp-content/themes/reyjesuspf/vendor/illuminate/view/View.php(191): Illuminate\View\View->getContents()
#20 /var/www/html/wp-content/themes/reyjesuspf/vendor/illuminate/view/View.php(160): Illuminate\View\View->renderContents()
#21 /var/www/html/wp-content/themes/reyjesuspf/index.php(3): Illuminate\View\View->render()
#22 /var/www/html/wp-includes/template-loader.php(106): include('/var/www/html/w...')
#23 /var/www/html/wp-blog-header.php(19): require_once('/var/www/html/w...')
#24 /var/www/html/index.php(17): require('/var/www/html/w...')
#25 {main}

Next Illuminate\View\ViewException: Cannot access offset of type string on string (View: /var/www/html/wp-content/themes/reyjesuspf/resources/views/sections/footer.blade.php) (View: /var/www/html/wp-content/themes/reyjesuspf/resources/views/sections/footer.blade.php) in /var/www/html/wp-content/cache/acorn/framework/views/c169eeea013edc2ef97fd63c1998860c.php:50
Stack trace:
#0 /var/www/html/wp-content/themes/reyjesuspf/vendor/illuminate/view/Engines/PhpEngine.php(59): Illuminate\View\Engines\CompilerEngine->handleViewException(Object(Illuminate\View\ViewException), 1)
#1 /var/www/html/wp-content/themes/reyjesuspf/vendor/illuminate/view/Engines/CompilerEngine.php(74): Illuminate\View\Engines\PhpEngine->evaluatePath('/var/www/html/w...', Array)
#2 /var/www/html/wp-content/themes/reyjesuspf/vendor/illuminate/view/View.php(208): Illuminate\View\Engines\CompilerEngine->get('/var/www/html/w...', Array)
#3 /var/www/html/wp-content/themes/reyjesuspf/vendor/illuminate/view/View.php(191): Illuminate\View\View->getContents()
#4 /var/www/html/wp-content/themes/reyjesuspf/vendor/illuminate/view/View.php(160): Illuminate\View\View->renderContents()
#5 /var/www/html/wp-content/cache/acorn/framework/views/4e85496a1c8783340d210e65441ad863.php(12): Illuminate\View\View->render()
#6 /var/www/html/wp-content/themes/reyjesuspf/vendor/illuminate/filesystem/Filesystem.php(123): require('/var/www/html/w...')
#7 /var/www/html/wp-content/themes/reyjesuspf/vendor/illuminate/filesystem/Filesystem.php(124): Illuminate\Filesystem\Filesystem::Illuminate\Filesystem\{closure}()
#8 /var/www/html/wp-content/themes/reyjesuspf/vendor/illuminate/view/Engines/PhpEngine.php(57): Illuminate\Filesystem\Filesystem->getRequire('/var/www/html/w...', Array)
#9 /var/www/html/wp-content/themes/reyjesuspf/vendor/illuminate/view/Engines/CompilerEngine.php(74): Illuminate\View\Engines\PhpEngine->evaluatePath('/var/www/html/w...', Array)
#10 /var/www/html/wp-content/themes/reyjesuspf/vendor/illuminate/view/View.php(208): Illuminate\View\Engines\CompilerEngine->get('/var/www/html/w...', Array)
#11 /var/www/html/wp-content/themes/reyjesuspf/vendor/illuminate/view/View.php(191): Illuminate\View\View->getContents()
#12 /var/www/html/wp-content/themes/reyjesuspf/vendor/illuminate/view/View.php(160): Illuminate\View\View->renderContents()
#13 /var/www/html/wp-content/themes/reyjesuspf/index.php(3): Illuminate\View\View->render()
#14 /var/www/html/wp-includes/template-loader.php(106): include('/var/www/html/w...')
#15 /var/www/html/wp-blog-header.php(19): require_once('/var/www/html/w...')
#16 /var/www/html/index.php(17): require('/var/www/html/w...')
#17 {main}

Next Illuminate\View\ViewException: Cannot access offset of type string on string (View: /var/www/html/wp-content/themes/reyjesuspf/resources/views/sections/footer.blade.php) (View: /var/www/html/wp-content/themes/reyjesuspf/resources/views/sections/footer.blade.php) (View: /var/www/html/wp-content/themes/reyjesuspf/resources/views/sections/footer.blade.php) in /var/www/html/wp-content/cache/acorn/framework/views/c169eeea013edc2ef97fd63c1998860c.php:50
Stack trace:
#0 /var/www/html/wp-content/themes/reyjesuspf/vendor/illuminate/view/Engines/PhpEngine.php(59): Illuminate\View\Engines\CompilerEngine->handleViewException(Object(Illuminate\View\ViewException), 0)
#1 /var/www/html/wp-content/themes/reyjesuspf/vendor/illuminate/view/Engines/CompilerEngine.php(74): Illuminate\View\Engines\PhpEngine->evaluatePath('/var/www/html/w...', Array)
#2 /var/www/html/wp-content/themes/reyjesuspf/vendor/illuminate/view/View.php(208): Illuminate\View\Engines\CompilerEngine->get('/var/www/html/w...', Array)
#3 /var/www/html/wp-content/themes/reyjesuspf/vendor/illuminate/view/View.php(191): Illuminate\View\View->getContents()
#4 /var/www/html/wp-content/themes/reyjesuspf/vendor/illuminate/view/View.php(160): Illuminate\View\View->renderContents()
#5 /var/www/html/wp-content/themes/reyjesuspf/index.php(3): Illuminate\View\View->render()
#6 /var/www/html/wp-includes/template-loader.php(106): include('/var/www/html/w...')
#7 /var/www/html/wp-blog-header.php(19): require_once('/var/www/html/w...')
#8 /var/www/html/index.php(17): require('/var/www/html/w...')
#9 {main}
  thrown in /var/www/html/wp-content/cache/acorn/framework/views/c169eeea013edc2ef97fd63c1998860c.php on line 50
[01-Aug-2025 00:37:46 UTC] PHP Fatal error:  Uncaught TypeError: Cannot access offset of type string on string in /var/www/html/wp-content/cache/acorn/framework/views/c169eeea013edc2ef97fd63c1998860c.php:50
Stack trace:
#0 /var/www/html/wp-content/themes/reyjesuspf/vendor/illuminate/filesystem/Filesystem.php(123): require()
#1 /var/www/html/wp-content/themes/reyjesuspf/vendor/illuminate/filesystem/Filesystem.php(124): Illuminate\Filesystem\Filesystem::Illuminate\Filesystem\{closure}()
#2 /var/www/html/wp-content/themes/reyjesuspf/vendor/illuminate/view/Engines/PhpEngine.php(57): Illuminate\Filesystem\Filesystem->getRequire('/var/www/html/w...', Array)
#3 /var/www/html/wp-content/themes/reyjesuspf/vendor/illuminate/view/Engines/CompilerEngine.php(74): Illuminate\View\Engines\PhpEngine->evaluatePath('/var/www/html/w...', Array)
#4 /var/www/html/wp-content/themes/reyjesuspf/vendor/illuminate/view/View.php(208): Illuminate\View\Engines\CompilerEngine->get('/var/www/html/w...', Array)
#5 /var/www/html/wp-content/themes/reyjesuspf/vendor/illuminate/view/View.php(191): Illuminate\View\View->getContents()
#6 /var/www/html/wp-content/themes/reyjesuspf/vendor/illuminate/view/View.php(160): Illuminate\View\View->renderContents()
#7 /var/www/html/wp-content/cache/acorn/framework/views/872aeea5bc83526cef78522aea6c4ac7.php(32): Illuminate\View\View->render()
#8 /var/www/html/wp-content/themes/reyjesuspf/vendor/illuminate/filesystem/Filesystem.php(123): require('/var/www/html/w...')
#9 /var/www/html/wp-content/themes/reyjesuspf/vendor/illuminate/filesystem/Filesystem.php(124): Illuminate\Filesystem\Filesystem::Illuminate\Filesystem\{closure}()
#10 /var/www/html/wp-content/themes/reyjesuspf/vendor/illuminate/view/Engines/PhpEngine.php(57): Illuminate\Filesystem\Filesystem->getRequire('/var/www/html/w...', Array)
#11 /var/www/html/wp-content/themes/reyjesuspf/vendor/illuminate/view/Engines/CompilerEngine.php(74): Illuminate\View\Engines\PhpEngine->evaluatePath('/var/www/html/w...', Array)
#12 /var/www/html/wp-content/themes/reyjesuspf/vendor/illuminate/view/View.php(208): Illuminate\View\Engines\CompilerEngine->get('/var/www/html/w...', Array)
#13 /var/www/html/wp-content/themes/reyjesuspf/vendor/illuminate/view/View.php(191): Illuminate\View\View->getContents()
#14 /var/www/html/wp-content/themes/reyjesuspf/vendor/illuminate/view/View.php(160): Illuminate\View\View->renderContents()
#15 /var/www/html/wp-content/cache/acorn/framework/views/4e85496a1c8783340d210e65441ad863.php(12): Illuminate\View\View->render()
#16 /var/www/html/wp-content/themes/reyjesuspf/vendor/illuminate/filesystem/Filesystem.php(123): require('/var/www/html/w...')
#17 /var/www/html/wp-content/themes/reyjesuspf/vendor/illuminate/filesystem/Filesystem.php(124): Illuminate\Filesystem\Filesystem::Illuminate\Filesystem\{closure}()
#18 /var/www/html/wp-content/themes/reyjesuspf/vendor/illuminate/view/Engines/PhpEngine.php(57): Illuminate\Filesystem\Filesystem->getRequire('/var/www/html/w...', Array)
#19 /var/www/html/wp-content/themes/reyjesuspf/vendor/illuminate/view/Engines/CompilerEngine.php(74): Illuminate\View\Engines\PhpEngine->evaluatePath('/var/www/html/w...', Array)
#20 /var/www/html/wp-content/themes/reyjesuspf/vendor/illuminate/view/View.php(208): Illuminate\View\Engines\CompilerEngine->get('/var/www/html/w...', Array)
#21 /var/www/html/wp-content/themes/reyjesuspf/vendor/illuminate/view/View.php(191): Illuminate\View\View->getContents()
#22 /var/www/html/wp-content/themes/reyjesuspf/vendor/illuminate/view/View.php(160): Illuminate\View\View->renderContents()
#23 /var/www/html/wp-content/themes/reyjesuspf/index.php(3): Illuminate\View\View->render()
#24 /var/www/html/wp-includes/template-loader.php(106): include('/var/www/html/w...')
#25 /var/www/html/wp-blog-header.php(19): require_once('/var/www/html/w...')
#26 /var/www/html/index.php(17): require('/var/www/html/w...')
#27 {main}

Next Illuminate\View\ViewException: Cannot access offset of type string on string (View: /var/www/html/wp-content/themes/reyjesuspf/resources/views/sections/footer.blade.php) in /var/www/html/wp-content/cache/acorn/framework/views/c169eeea013edc2ef97fd63c1998860c.php:50
Stack trace:
#0 /var/www/html/wp-content/themes/reyjesuspf/vendor/illuminate/view/Engines/PhpEngine.php(59): Illuminate\View\Engines\CompilerEngine->handleViewException(Object(TypeError), 2)
#1 /var/www/html/wp-content/themes/reyjesuspf/vendor/illuminate/view/Engines/CompilerEngine.php(74): Illuminate\View\Engines\PhpEngine->evaluatePath('/var/www/html/w...', Array)
#2 /var/www/html/wp-content/themes/reyjesuspf/vendor/illuminate/view/View.php(208): Illuminate\View\Engines\CompilerEngine->get('/var/www/html/w...', Array)
#3 /var/www/html/wp-content/themes/reyjesuspf/vendor/illuminate/view/View.php(191): Illuminate\View\View->getContents()
#4 /var/www/html/wp-content/themes/reyjesuspf/vendor/illuminate/view/View.php(160): Illuminate\View\View->renderContents()
#5 /var/www/html/wp-content/cache/acorn/framework/views/872aeea5bc83526cef78522aea6c4ac7.php(32): Illuminate\View\View->render()
#6 /var/www/html/wp-content/themes/reyjesuspf/vendor/illuminate/filesystem/Filesystem.php(123): require('/var/www/html/w...')
#7 /var/www/html/wp-content/themes/reyjesuspf/vendor/illuminate/filesystem/Filesystem.php(124): Illuminate\Filesystem\Filesystem::Illuminate\Filesystem\{closure}()
#8 /var/www/html/wp-content/themes/reyjesuspf/vendor/illuminate/view/Engines/PhpEngine.php(57): Illuminate\Filesystem\Filesystem->getRequire('/var/www/html/w...', Array)
#9 /var/www/html/wp-content/themes/reyjesuspf/vendor/illuminate/view/Engines/CompilerEngine.php(74): Illuminate\View\Engines\PhpEngine->evaluatePath('/var/www/html/w...', Array)
#10 /var/www/html/wp-content/themes/reyjesuspf/vendor/illuminate/view/View.php(208): Illuminate\View\Engines\CompilerEngine->get('/var/www/html/w...', Array)
#11 /var/www/html/wp-content/themes/reyjesuspf/vendor/illuminate/view/View.php(191): Illuminate\View\View->getContents()
#12 /var/www/html/wp-content/themes/reyjesuspf/vendor/illuminate/view/View.php(160): Illuminate\View\View->renderContents()
#13 /var/www/html/wp-content/cache/acorn/framework/views/4e85496a1c8783340d210e65441ad863.php(12): Illuminate\View\View->render()
#14 /var/www/html/wp-content/themes/reyjesuspf/vendor/illuminate/filesystem/Filesystem.php(123): require('/var/www/html/w...')
#15 /var/www/html/wp-content/themes/reyjesuspf/vendor/illuminate/filesystem/Filesystem.php(124): Illuminate\Filesystem\Filesystem::Illuminate\Filesystem\{closure}()
#16 /var/www/html/wp-content/themes/reyjesuspf/vendor/illuminate/view/Engines/PhpEngine.php(57): Illuminate\Filesystem\Filesystem->getRequire('/var/www/html/w...', Array)
#17 /var/www/html/wp-content/themes/reyjesuspf/vendor/illuminate/view/Engines/CompilerEngine.php(74): Illuminate\View\Engines\PhpEngine->evaluatePath('/var/www/html/w...', Array)
#18 /var/www/html/wp-content/themes/reyjesuspf/vendor/illuminate/view/View.php(208): Illuminate\View\Engines\CompilerEngine->get('/var/www/html/w...', Array)
#19 /var/www/html/wp-content/themes/reyjesuspf/vendor/illuminate/view/View.php(191): Illuminate\View\View->getContents()
#20 /var/www/html/wp-content/themes/reyjesuspf/vendor/illuminate/view/View.php(160): Illuminate\View\View->renderContents()
#21 /var/www/html/wp-content/themes/reyjesuspf/index.php(3): Illuminate\View\View->render()
#22 /var/www/html/wp-includes/template-loader.php(106): include('/var/www/html/w...')
#23 /var/www/html/wp-blog-header.php(19): require_once('/var/www/html/w...')
#24 /var/www/html/index.php(17): require('/var/www/html/w...')
#25 {main}

Next Illuminate\View\ViewException: Cannot access offset of type string on string (View: /var/www/html/wp-content/themes/reyjesuspf/resources/views/sections/footer.blade.php) (View: /var/www/html/wp-content/themes/reyjesuspf/resources/views/sections/footer.blade.php) in /var/www/html/wp-content/cache/acorn/framework/views/c169eeea013edc2ef97fd63c1998860c.php:50
Stack trace:
#0 /var/www/html/wp-content/themes/reyjesuspf/vendor/illuminate/view/Engines/PhpEngine.php(59): Illuminate\View\Engines\CompilerEngine->handleViewException(Object(Illuminate\View\ViewException), 1)
#1 /var/www/html/wp-content/themes/reyjesuspf/vendor/illuminate/view/Engines/CompilerEngine.php(74): Illuminate\View\Engines\PhpEngine->evaluatePath('/var/www/html/w...', Array)
#2 /var/www/html/wp-content/themes/reyjesuspf/vendor/illuminate/view/View.php(208): Illuminate\View\Engines\CompilerEngine->get('/var/www/html/w...', Array)
#3 /var/www/html/wp-content/themes/reyjesuspf/vendor/illuminate/view/View.php(191): Illuminate\View\View->getContents()
#4 /var/www/html/wp-content/themes/reyjesuspf/vendor/illuminate/view/View.php(160): Illuminate\View\View->renderContents()
#5 /var/www/html/wp-content/cache/acorn/framework/views/4e85496a1c8783340d210e65441ad863.php(12): Illuminate\View\View->render()
#6 /var/www/html/wp-content/themes/reyjesuspf/vendor/illuminate/filesystem/Filesystem.php(123): require('/var/www/html/w...')
#7 /var/www/html/wp-content/themes/reyjesuspf/vendor/illuminate/filesystem/Filesystem.php(124): Illuminate\Filesystem\Filesystem::Illuminate\Filesystem\{closure}()
#8 /var/www/html/wp-content/themes/reyjesuspf/vendor/illuminate/view/Engines/PhpEngine.php(57): Illuminate\Filesystem\Filesystem->getRequire('/var/www/html/w...', Array)
#9 /var/www/html/wp-content/themes/reyjesuspf/vendor/illuminate/view/Engines/CompilerEngine.php(74): Illuminate\View\Engines\PhpEngine->evaluatePath('/var/www/html/w...', Array)
#10 /var/www/html/wp-content/themes/reyjesuspf/vendor/illuminate/view/View.php(208): Illuminate\View\Engines\CompilerEngine->get('/var/www/html/w...', Array)
#11 /var/www/html/wp-content/themes/reyjesuspf/vendor/illuminate/view/View.php(191): Illuminate\View\View->getContents()
#12 /var/www/html/wp-content/themes/reyjesuspf/vendor/illuminate/view/View.php(160): Illuminate\View\View->renderContents()
#13 /var/www/html/wp-content/themes/reyjesuspf/index.php(3): Illuminate\View\View->render()
#14 /var/www/html/wp-includes/template-loader.php(106): include('/var/www/html/w...')
#15 /var/www/html/wp-blog-header.php(19): require_once('/var/www/html/w...')
#16 /var/www/html/index.php(17): require('/var/www/html/w...')
#17 {main}

Next Illuminate\View\ViewException: Cannot access offset of type string on string (View: /var/www/html/wp-content/themes/reyjesuspf/resources/views/sections/footer.blade.php) (View: /var/www/html/wp-content/themes/reyjesuspf/resources/views/sections/footer.blade.php) (View: /var/www/html/wp-content/themes/reyjesuspf/resources/views/sections/footer.blade.php) in /var/www/html/wp-content/cache/acorn/framework/views/c169eeea013edc2ef97fd63c1998860c.php:50
Stack trace:
#0 /var/www/html/wp-content/themes/reyjesuspf/vendor/illuminate/view/Engines/PhpEngine.php(59): Illuminate\View\Engines\CompilerEngine->handleViewException(Object(Illuminate\View\ViewException), 0)
#1 /var/www/html/wp-content/themes/reyjesuspf/vendor/illuminate/view/Engines/CompilerEngine.php(74): Illuminate\View\Engines\PhpEngine->evaluatePath('/var/www/html/w...', Array)
#2 /var/www/html/wp-content/themes/reyjesuspf/vendor/illuminate/view/View.php(208): Illuminate\View\Engines\CompilerEngine->get('/var/www/html/w...', Array)
#3 /var/www/html/wp-content/themes/reyjesuspf/vendor/illuminate/view/View.php(191): Illuminate\View\View->getContents()
#4 /var/www/html/wp-content/themes/reyjesuspf/vendor/illuminate/view/View.php(160): Illuminate\View\View->renderContents()
#5 /var/www/html/wp-content/themes/reyjesuspf/index.php(3): Illuminate\View\View->render()
#6 /var/www/html/wp-includes/template-loader.php(106): include('/var/www/html/w...')
#7 /var/www/html/wp-blog-header.php(19): require_once('/var/www/html/w...')
#8 /var/www/html/index.php(17): require('/var/www/html/w...')
#9 {main}
  thrown in /var/www/html/wp-content/cache/acorn/framework/views/c169eeea013edc2ef97fd63c1998860c.php on line 50
[01-Aug-2025 00:39:56 UTC] PHP Fatal error:  Uncaught TypeError: Cannot access offset of type string on string in /var/www/html/wp-content/cache/acorn/framework/views/c169eeea013edc2ef97fd63c1998860c.php:50
Stack trace:
#0 /var/www/html/wp-content/themes/reyjesuspf/vendor/illuminate/filesystem/Filesystem.php(123): require()
#1 /var/www/html/wp-content/themes/reyjesuspf/vendor/illuminate/filesystem/Filesystem.php(124): Illuminate\Filesystem\Filesystem::Illuminate\Filesystem\{closure}()
#2 /var/www/html/wp-content/themes/reyjesuspf/vendor/illuminate/view/Engines/PhpEngine.php(57): Illuminate\Filesystem\Filesystem->getRequire('/var/www/html/w...', Array)
#3 /var/www/html/wp-content/themes/reyjesuspf/vendor/illuminate/view/Engines/CompilerEngine.php(74): Illuminate\View\Engines\PhpEngine->evaluatePath('/var/www/html/w...', Array)
#4 /var/www/html/wp-content/themes/reyjesuspf/vendor/illuminate/view/View.php(208): Illuminate\View\Engines\CompilerEngine->get('/var/www/html/w...', Array)
#5 /var/www/html/wp-content/themes/reyjesuspf/vendor/illuminate/view/View.php(191): Illuminate\View\View->getContents()
#6 /var/www/html/wp-content/themes/reyjesuspf/vendor/illuminate/view/View.php(160): Illuminate\View\View->renderContents()
#7 /var/www/html/wp-content/cache/acorn/framework/views/872aeea5bc83526cef78522aea6c4ac7.php(32): Illuminate\View\View->render()
#8 /var/www/html/wp-content/themes/reyjesuspf/vendor/illuminate/filesystem/Filesystem.php(123): require('/var/www/html/w...')
#9 /var/www/html/wp-content/themes/reyjesuspf/vendor/illuminate/filesystem/Filesystem.php(124): Illuminate\Filesystem\Filesystem::Illuminate\Filesystem\{closure}()
#10 /var/www/html/wp-content/themes/reyjesuspf/vendor/illuminate/view/Engines/PhpEngine.php(57): Illuminate\Filesystem\Filesystem->getRequire('/var/www/html/w...', Array)
#11 /var/www/html/wp-content/themes/reyjesuspf/vendor/illuminate/view/Engines/CompilerEngine.php(74): Illuminate\View\Engines\PhpEngine->evaluatePath('/var/www/html/w...', Array)
#12 /var/www/html/wp-content/themes/reyjesuspf/vendor/illuminate/view/View.php(208): Illuminate\View\Engines\CompilerEngine->get('/var/www/html/w...', Array)
#13 /var/www/html/wp-content/themes/reyjesuspf/vendor/illuminate/view/View.php(191): Illuminate\View\View->getContents()
#14 /var/www/html/wp-content/themes/reyjesuspf/vendor/illuminate/view/View.php(160): Illuminate\View\View->renderContents()
#15 /var/www/html/wp-content/cache/acorn/framework/views/4e85496a1c8783340d210e65441ad863.php(12): Illuminate\View\View->render()
#16 /var/www/html/wp-content/themes/reyjesuspf/vendor/illuminate/filesystem/Filesystem.php(123): require('/var/www/html/w...')
#17 /var/www/html/wp-content/themes/reyjesuspf/vendor/illuminate/filesystem/Filesystem.php(124): Illuminate\Filesystem\Filesystem::Illuminate\Filesystem\{closure}()
#18 /var/www/html/wp-content/themes/reyjesuspf/vendor/illuminate/view/Engines/PhpEngine.php(57): Illuminate\Filesystem\Filesystem->getRequire('/var/www/html/w...', Array)
#19 /var/www/html/wp-content/themes/reyjesuspf/vendor/illuminate/view/Engines/CompilerEngine.php(74): Illuminate\View\Engines\PhpEngine->evaluatePath('/var/www/html/w...', Array)
#20 /var/www/html/wp-content/themes/reyjesuspf/vendor/illuminate/view/View.php(208): Illuminate\View\Engines\CompilerEngine->get('/var/www/html/w...', Array)
#21 /var/www/html/wp-content/themes/reyjesuspf/vendor/illuminate/view/View.php(191): Illuminate\View\View->getContents()
#22 /var/www/html/wp-content/themes/reyjesuspf/vendor/illuminate/view/View.php(160): Illuminate\View\View->renderContents()
#23 /var/www/html/wp-content/themes/reyjesuspf/index.php(3): Illuminate\View\View->render()
#24 /var/www/html/wp-includes/template-loader.php(106): include('/var/www/html/w...')
#25 /var/www/html/wp-blog-header.php(19): require_once('/var/www/html/w...')
#26 /var/www/html/index.php(17): require('/var/www/html/w...')
#27 {main}

Next Illuminate\View\ViewException: Cannot access offset of type string on string (View: /var/www/html/wp-content/themes/reyjesuspf/resources/views/sections/footer.blade.php) in /var/www/html/wp-content/cache/acorn/framework/views/c169eeea013edc2ef97fd63c1998860c.php:50
Stack trace:
#0 /var/www/html/wp-content/themes/reyjesuspf/vendor/illuminate/view/Engines/PhpEngine.php(59): Illuminate\View\Engines\CompilerEngine->handleViewException(Object(TypeError), 2)
#1 /var/www/html/wp-content/themes/reyjesuspf/vendor/illuminate/view/Engines/CompilerEngine.php(74): Illuminate\View\Engines\PhpEngine->evaluatePath('/var/www/html/w...', Array)
#2 /var/www/html/wp-content/themes/reyjesuspf/vendor/illuminate/view/View.php(208): Illuminate\View\Engines\CompilerEngine->get('/var/www/html/w...', Array)
#3 /var/www/html/wp-content/themes/reyjesuspf/vendor/illuminate/view/View.php(191): Illuminate\View\View->getContents()
#4 /var/www/html/wp-content/themes/reyjesuspf/vendor/illuminate/view/View.php(160): Illuminate\View\View->renderContents()
#5 /var/www/html/wp-content/cache/acorn/framework/views/872aeea5bc83526cef78522aea6c4ac7.php(32): Illuminate\View\View->render()
#6 /var/www/html/wp-content/themes/reyjesuspf/vendor/illuminate/filesystem/Filesystem.php(123): require('/var/www/html/w...')
#7 /var/www/html/wp-content/themes/reyjesuspf/vendor/illuminate/filesystem/Filesystem.php(124): Illuminate\Filesystem\Filesystem::Illuminate\Filesystem\{closure}()
#8 /var/www/html/wp-content/themes/reyjesuspf/vendor/illuminate/view/Engines/PhpEngine.php(57): Illuminate\Filesystem\Filesystem->getRequire('/var/www/html/w...', Array)
#9 /var/www/html/wp-content/themes/reyjesuspf/vendor/illuminate/view/Engines/CompilerEngine.php(74): Illuminate\View\Engines\PhpEngine->evaluatePath('/var/www/html/w...', Array)
#10 /var/www/html/wp-content/themes/reyjesuspf/vendor/illuminate/view/View.php(208): Illuminate\View\Engines\CompilerEngine->get('/var/www/html/w...', Array)
#11 /var/www/html/wp-content/themes/reyjesuspf/vendor/illuminate/view/View.php(191): Illuminate\View\View->getContents()
#12 /var/www/html/wp-content/themes/reyjesuspf/vendor/illuminate/view/View.php(160): Illuminate\View\View->renderContents()
#13 /var/www/html/wp-content/cache/acorn/framework/views/4e85496a1c8783340d210e65441ad863.php(12): Illuminate\View\View->render()
#14 /var/www/html/wp-content/themes/reyjesuspf/vendor/illuminate/filesystem/Filesystem.php(123): require('/var/www/html/w...')
#15 /var/www/html/wp-content/themes/reyjesuspf/vendor/illuminate/filesystem/Filesystem.php(124): Illuminate\Filesystem\Filesystem::Illuminate\Filesystem\{closure}()
#16 /var/www/html/wp-content/themes/reyjesuspf/vendor/illuminate/view/Engines/PhpEngine.php(57): Illuminate\Filesystem\Filesystem->getRequire('/var/www/html/w...', Array)
#17 /var/www/html/wp-content/themes/reyjesuspf/vendor/illuminate/view/Engines/CompilerEngine.php(74): Illuminate\View\Engines\PhpEngine->evaluatePath('/var/www/html/w...', Array)
#18 /var/www/html/wp-content/themes/reyjesuspf/vendor/illuminate/view/View.php(208): Illuminate\View\Engines\CompilerEngine->get('/var/www/html/w...', Array)
#19 /var/www/html/wp-content/themes/reyjesuspf/vendor/illuminate/view/View.php(191): Illuminate\View\View->getContents()
#20 /var/www/html/wp-content/themes/reyjesuspf/vendor/illuminate/view/View.php(160): Illuminate\View\View->renderContents()
#21 /var/www/html/wp-content/themes/reyjesuspf/index.php(3): Illuminate\View\View->render()
#22 /var/www/html/wp-includes/template-loader.php(106): include('/var/www/html/w...')
#23 /var/www/html/wp-blog-header.php(19): require_once('/var/www/html/w...')
#24 /var/www/html/index.php(17): require('/var/www/html/w...')
#25 {main}

Next Illuminate\View\ViewException: Cannot access offset of type string on string (View: /var/www/html/wp-content/themes/reyjesuspf/resources/views/sections/footer.blade.php) (View: /var/www/html/wp-content/themes/reyjesuspf/resources/views/sections/footer.blade.php) in /var/www/html/wp-content/cache/acorn/framework/views/c169eeea013edc2ef97fd63c1998860c.php:50
Stack trace:
#0 /var/www/html/wp-content/themes/reyjesuspf/vendor/illuminate/view/Engines/PhpEngine.php(59): Illuminate\View\Engines\CompilerEngine->handleViewException(Object(Illuminate\View\ViewException), 1)
#1 /var/www/html/wp-content/themes/reyjesuspf/vendor/illuminate/view/Engines/CompilerEngine.php(74): Illuminate\View\Engines\PhpEngine->evaluatePath('/var/www/html/w...', Array)
#2 /var/www/html/wp-content/themes/reyjesuspf/vendor/illuminate/view/View.php(208): Illuminate\View\Engines\CompilerEngine->get('/var/www/html/w...', Array)
#3 /var/www/html/wp-content/themes/reyjesuspf/vendor/illuminate/view/View.php(191): Illuminate\View\View->getContents()
#4 /var/www/html/wp-content/themes/reyjesuspf/vendor/illuminate/view/View.php(160): Illuminate\View\View->renderContents()
#5 /var/www/html/wp-content/cache/acorn/framework/views/4e85496a1c8783340d210e65441ad863.php(12): Illuminate\View\View->render()
#6 /var/www/html/wp-content/themes/reyjesuspf/vendor/illuminate/filesystem/Filesystem.php(123): require('/var/www/html/w...')
#7 /var/www/html/wp-content/themes/reyjesuspf/vendor/illuminate/filesystem/Filesystem.php(124): Illuminate\Filesystem\Filesystem::Illuminate\Filesystem\{closure}()
#8 /var/www/html/wp-content/themes/reyjesuspf/vendor/illuminate/view/Engines/PhpEngine.php(57): Illuminate\Filesystem\Filesystem->getRequire('/var/www/html/w...', Array)
#9 /var/www/html/wp-content/themes/reyjesuspf/vendor/illuminate/view/Engines/CompilerEngine.php(74): Illuminate\View\Engines\PhpEngine->evaluatePath('/var/www/html/w...', Array)
#10 /var/www/html/wp-content/themes/reyjesuspf/vendor/illuminate/view/View.php(208): Illuminate\View\Engines\CompilerEngine->get('/var/www/html/w...', Array)
#11 /var/www/html/wp-content/themes/reyjesuspf/vendor/illuminate/view/View.php(191): Illuminate\View\View->getContents()
#12 /var/www/html/wp-content/themes/reyjesuspf/vendor/illuminate/view/View.php(160): Illuminate\View\View->renderContents()
#13 /var/www/html/wp-content/themes/reyjesuspf/index.php(3): Illuminate\View\View->render()
#14 /var/www/html/wp-includes/template-loader.php(106): include('/var/www/html/w...')
#15 /var/www/html/wp-blog-header.php(19): require_once('/var/www/html/w...')
#16 /var/www/html/index.php(17): require('/var/www/html/w...')
#17 {main}

Next Illuminate\View\ViewException: Cannot access offset of type string on string (View: /var/www/html/wp-content/themes/reyjesuspf/resources/views/sections/footer.blade.php) (View: /var/www/html/wp-content/themes/reyjesuspf/resources/views/sections/footer.blade.php) (View: /var/www/html/wp-content/themes/reyjesuspf/resources/views/sections/footer.blade.php) in /var/www/html/wp-content/cache/acorn/framework/views/c169eeea013edc2ef97fd63c1998860c.php:50
Stack trace:
#0 /var/www/html/wp-content/themes/reyjesuspf/vendor/illuminate/view/Engines/PhpEngine.php(59): Illuminate\View\Engines\CompilerEngine->handleViewException(Object(Illuminate\View\ViewException), 0)
#1 /var/www/html/wp-content/themes/reyjesuspf/vendor/illuminate/view/Engines/CompilerEngine.php(74): Illuminate\View\Engines\PhpEngine->evaluatePath('/var/www/html/w...', Array)
#2 /var/www/html/wp-content/themes/reyjesuspf/vendor/illuminate/view/View.php(208): Illuminate\View\Engines\CompilerEngine->get('/var/www/html/w...', Array)
#3 /var/www/html/wp-content/themes/reyjesuspf/vendor/illuminate/view/View.php(191): Illuminate\View\View->getContents()
#4 /var/www/html/wp-content/themes/reyjesuspf/vendor/illuminate/view/View.php(160): Illuminate\View\View->renderContents()
#5 /var/www/html/wp-content/themes/reyjesuspf/index.php(3): Illuminate\View\View->render()
#6 /var/www/html/wp-includes/template-loader.php(106): include('/var/www/html/w...')
#7 /var/www/html/wp-blog-header.php(19): require_once('/var/www/html/w...')
#8 /var/www/html/index.php(17): require('/var/www/html/w...')
#9 {main}
  thrown in /var/www/html/wp-content/cache/acorn/framework/views/c169eeea013edc2ef97fd63c1998860c.php on line 50
[04-Aug-2025 19:49:17 UTC] PHP Fatal error:  Uncaught TypeError: Cannot access offset of type string on string in /var/www/html/wp-content/cache/acorn/framework/views/c169eeea013edc2ef97fd63c1998860c.php:85
Stack trace:
#0 /var/www/html/wp-content/themes/reyjesuspf/vendor/illuminate/filesystem/Filesystem.php(123): require()
#1 /var/www/html/wp-content/themes/reyjesuspf/vendor/illuminate/filesystem/Filesystem.php(124): Illuminate\Filesystem\Filesystem::Illuminate\Filesystem\{closure}()
#2 /var/www/html/wp-content/themes/reyjesuspf/vendor/illuminate/view/Engines/PhpEngine.php(57): Illuminate\Filesystem\Filesystem->getRequire('/var/www/html/w...', Array)
#3 /var/www/html/wp-content/themes/reyjesuspf/vendor/illuminate/view/Engines/CompilerEngine.php(74): Illuminate\View\Engines\PhpEngine->evaluatePath('/var/www/html/w...', Array)
#4 /var/www/html/wp-content/themes/reyjesuspf/vendor/illuminate/view/View.php(208): Illuminate\View\Engines\CompilerEngine->get('/var/www/html/w...', Array)
#5 /var/www/html/wp-content/themes/reyjesuspf/vendor/illuminate/view/View.php(191): Illuminate\View\View->getContents()
#6 /var/www/html/wp-content/themes/reyjesuspf/vendor/illuminate/view/View.php(160): Illuminate\View\View->renderContents()
#7 /var/www/html/wp-content/cache/acorn/framework/views/872aeea5bc83526cef78522aea6c4ac7.php(32): Illuminate\View\View->render()
#8 /var/www/html/wp-content/themes/reyjesuspf/vendor/illuminate/filesystem/Filesystem.php(123): require('/var/www/html/w...')
#9 /var/www/html/wp-content/themes/reyjesuspf/vendor/illuminate/filesystem/Filesystem.php(124): Illuminate\Filesystem\Filesystem::Illuminate\Filesystem\{closure}()
#10 /var/www/html/wp-content/themes/reyjesuspf/vendor/illuminate/view/Engines/PhpEngine.php(57): Illuminate\Filesystem\Filesystem->getRequire('/var/www/html/w...', Array)
#11 /var/www/html/wp-content/themes/reyjesuspf/vendor/illuminate/view/Engines/CompilerEngine.php(74): Illuminate\View\Engines\PhpEngine->evaluatePath('/var/www/html/w...', Array)
#12 /var/www/html/wp-content/themes/reyjesuspf/vendor/illuminate/view/View.php(208): Illuminate\View\Engines\CompilerEngine->get('/var/www/html/w...', Array)
#13 /var/www/html/wp-content/themes/reyjesuspf/vendor/illuminate/view/View.php(191): Illuminate\View\View->getContents()
#14 /var/www/html/wp-content/themes/reyjesuspf/vendor/illuminate/view/View.php(160): Illuminate\View\View->renderContents()
#15 /var/www/html/wp-content/cache/acorn/framework/views/4e85496a1c8783340d210e65441ad863.php(12): Illuminate\View\View->render()
#16 /var/www/html/wp-content/themes/reyjesuspf/vendor/illuminate/filesystem/Filesystem.php(123): require('/var/www/html/w...')
#17 /var/www/html/wp-content/themes/reyjesuspf/vendor/illuminate/filesystem/Filesystem.php(124): Illuminate\Filesystem\Filesystem::Illuminate\Filesystem\{closure}()
#18 /var/www/html/wp-content/themes/reyjesuspf/vendor/illuminate/view/Engines/PhpEngine.php(57): Illuminate\Filesystem\Filesystem->getRequire('/var/www/html/w...', Array)
#19 /var/www/html/wp-content/themes/reyjesuspf/vendor/illuminate/view/Engines/CompilerEngine.php(74): Illuminate\View\Engines\PhpEngine->evaluatePath('/var/www/html/w...', Array)
#20 /var/www/html/wp-content/themes/reyjesuspf/vendor/illuminate/view/View.php(208): Illuminate\View\Engines\CompilerEngine->get('/var/www/html/w...', Array)
#21 /var/www/html/wp-content/themes/reyjesuspf/vendor/illuminate/view/View.php(191): Illuminate\View\View->getContents()
#22 /var/www/html/wp-content/themes/reyjesuspf/vendor/illuminate/view/View.php(160): Illuminate\View\View->renderContents()
#23 /var/www/html/wp-content/themes/reyjesuspf/index.php(3): Illuminate\View\View->render()
#24 /var/www/html/wp-includes/template-loader.php(106): include('/var/www/html/w...')
#25 /var/www/html/wp-blog-header.php(19): require_once('/var/www/html/w...')
#26 /var/www/html/index.php(17): require('/var/www/html/w...')
#27 {main}

Next Illuminate\View\ViewException: Cannot access offset of type string on string (View: /var/www/html/wp-content/themes/reyjesuspf/resources/views/sections/footer.blade.php) in /var/www/html/wp-content/cache/acorn/framework/views/c169eeea013edc2ef97fd63c1998860c.php:85
Stack trace:
#0 /var/www/html/wp-content/themes/reyjesuspf/vendor/illuminate/view/Engines/PhpEngine.php(59): Illuminate\View\Engines\CompilerEngine->handleViewException(Object(TypeError), 2)
#1 /var/www/html/wp-content/themes/reyjesuspf/vendor/illuminate/view/Engines/CompilerEngine.php(74): Illuminate\View\Engines\PhpEngine->evaluatePath('/var/www/html/w...', Array)
#2 /var/www/html/wp-content/themes/reyjesuspf/vendor/illuminate/view/View.php(208): Illuminate\View\Engines\CompilerEngine->get('/var/www/html/w...', Array)
#3 /var/www/html/wp-content/themes/reyjesuspf/vendor/illuminate/view/View.php(191): Illuminate\View\View->getContents()
#4 /var/www/html/wp-content/themes/reyjesuspf/vendor/illuminate/view/View.php(160): Illuminate\View\View->renderContents()
#5 /var/www/html/wp-content/cache/acorn/framework/views/872aeea5bc83526cef78522aea6c4ac7.php(32): Illuminate\View\View->render()
#6 /var/www/html/wp-content/themes/reyjesuspf/vendor/illuminate/filesystem/Filesystem.php(123): require('/var/www/html/w...')
#7 /var/www/html/wp-content/themes/reyjesuspf/vendor/illuminate/filesystem/Filesystem.php(124): Illuminate\Filesystem\Filesystem::Illuminate\Filesystem\{closure}()
#8 /var/www/html/wp-content/themes/reyjesuspf/vendor/illuminate/view/Engines/PhpEngine.php(57): Illuminate\Filesystem\Filesystem->getRequire('/var/www/html/w...', Array)
#9 /var/www/html/wp-content/themes/reyjesuspf/vendor/illuminate/view/Engines/CompilerEngine.php(74): Illuminate\View\Engines\PhpEngine->evaluatePath('/var/www/html/w...', Array)
#10 /var/www/html/wp-content/themes/reyjesuspf/vendor/illuminate/view/View.php(208): Illuminate\View\Engines\CompilerEngine->get('/var/www/html/w...', Array)
#11 /var/www/html/wp-content/themes/reyjesuspf/vendor/illuminate/view/View.php(191): Illuminate\View\View->getContents()
#12 /var/www/html/wp-content/themes/reyjesuspf/vendor/illuminate/view/View.php(160): Illuminate\View\View->renderContents()
#13 /var/www/html/wp-content/cache/acorn/framework/views/4e85496a1c8783340d210e65441ad863.php(12): Illuminate\View\View->render()
#14 /var/www/html/wp-content/themes/reyjesuspf/vendor/illuminate/filesystem/Filesystem.php(123): require('/var/www/html/w...')
#15 /var/www/html/wp-content/themes/reyjesuspf/vendor/illuminate/filesystem/Filesystem.php(124): Illuminate\Filesystem\Filesystem::Illuminate\Filesystem\{closure}()
#16 /var/www/html/wp-content/themes/reyjesuspf/vendor/illuminate/view/Engines/PhpEngine.php(57): Illuminate\Filesystem\Filesystem->getRequire('/var/www/html/w...', Array)
#17 /var/www/html/wp-content/themes/reyjesuspf/vendor/illuminate/view/Engines/CompilerEngine.php(74): Illuminate\View\Engines\PhpEngine->evaluatePath('/var/www/html/w...', Array)
#18 /var/www/html/wp-content/themes/reyjesuspf/vendor/illuminate/view/View.php(208): Illuminate\View\Engines\CompilerEngine->get('/var/www/html/w...', Array)
#19 /var/www/html/wp-content/themes/reyjesuspf/vendor/illuminate/view/View.php(191): Illuminate\View\View->getContents()
#20 /var/www/html/wp-content/themes/reyjesuspf/vendor/illuminate/view/View.php(160): Illuminate\View\View->renderContents()
#21 /var/www/html/wp-content/themes/reyjesuspf/index.php(3): Illuminate\View\View->render()
#22 /var/www/html/wp-includes/template-loader.php(106): include('/var/www/html/w...')
#23 /var/www/html/wp-blog-header.php(19): require_once('/var/www/html/w...')
#24 /var/www/html/index.php(17): require('/var/www/html/w...')
#25 {main}

Next Illuminate\View\ViewException: Cannot access offset of type string on string (View: /var/www/html/wp-content/themes/reyjesuspf/resources/views/sections/footer.blade.php) (View: /var/www/html/wp-content/themes/reyjesuspf/resources/views/sections/footer.blade.php) in /var/www/html/wp-content/cache/acorn/framework/views/c169eeea013edc2ef97fd63c1998860c.php:85
Stack trace:
#0 /var/www/html/wp-content/themes/reyjesuspf/vendor/illuminate/view/Engines/PhpEngine.php(59): Illuminate\View\Engines\CompilerEngine->handleViewException(Object(Illuminate\View\ViewException), 1)
#1 /var/www/html/wp-content/themes/reyjesuspf/vendor/illuminate/view/Engines/CompilerEngine.php(74): Illuminate\View\Engines\PhpEngine->evaluatePath('/var/www/html/w...', Array)
#2 /var/www/html/wp-content/themes/reyjesuspf/vendor/illuminate/view/View.php(208): Illuminate\View\Engines\CompilerEngine->get('/var/www/html/w...', Array)
#3 /var/www/html/wp-content/themes/reyjesuspf/vendor/illuminate/view/View.php(191): Illuminate\View\View->getContents()
#4 /var/www/html/wp-content/themes/reyjesuspf/vendor/illuminate/view/View.php(160): Illuminate\View\View->renderContents()
#5 /var/www/html/wp-content/cache/acorn/framework/views/4e85496a1c8783340d210e65441ad863.php(12): Illuminate\View\View->render()
#6 /var/www/html/wp-content/themes/reyjesuspf/vendor/illuminate/filesystem/Filesystem.php(123): require('/var/www/html/w...')
#7 /var/www/html/wp-content/themes/reyjesuspf/vendor/illuminate/filesystem/Filesystem.php(124): Illuminate\Filesystem\Filesystem::Illuminate\Filesystem\{closure}()
#8 /var/www/html/wp-content/themes/reyjesuspf/vendor/illuminate/view/Engines/PhpEngine.php(57): Illuminate\Filesystem\Filesystem->getRequire('/var/www/html/w...', Array)
#9 /var/www/html/wp-content/themes/reyjesuspf/vendor/illuminate/view/Engines/CompilerEngine.php(74): Illuminate\View\Engines\PhpEngine->evaluatePath('/var/www/html/w...', Array)
#10 /var/www/html/wp-content/themes/reyjesuspf/vendor/illuminate/view/View.php(208): Illuminate\View\Engines\CompilerEngine->get('/var/www/html/w...', Array)
#11 /var/www/html/wp-content/themes/reyjesuspf/vendor/illuminate/view/View.php(191): Illuminate\View\View->getContents()
#12 /var/www/html/wp-content/themes/reyjesuspf/vendor/illuminate/view/View.php(160): Illuminate\View\View->renderContents()
#13 /var/www/html/wp-content/themes/reyjesuspf/index.php(3): Illuminate\View\View->render()
#14 /var/www/html/wp-includes/template-loader.php(106): include('/var/www/html/w...')
#15 /var/www/html/wp-blog-header.php(19): require_once('/var/www/html/w...')
#16 /var/www/html/index.php(17): require('/var/www/html/w...')
#17 {main}

Next Illuminate\View\ViewException: Cannot access offset of type string on string (View: /var/www/html/wp-content/themes/reyjesuspf/resources/views/sections/footer.blade.php) (View: /var/www/html/wp-content/themes/reyjesuspf/resources/views/sections/footer.blade.php) (View: /var/www/html/wp-content/themes/reyjesuspf/resources/views/sections/footer.blade.php) in /var/www/html/wp-content/cache/acorn/framework/views/c169eeea013edc2ef97fd63c1998860c.php:85
Stack trace:
#0 /var/www/html/wp-content/themes/reyjesuspf/vendor/illuminate/view/Engines/PhpEngine.php(59): Illuminate\View\Engines\CompilerEngine->handleViewException(Object(Illuminate\View\ViewException), 0)
#1 /var/www/html/wp-content/themes/reyjesuspf/vendor/illuminate/view/Engines/CompilerEngine.php(74): Illuminate\View\Engines\PhpEngine->evaluatePath('/var/www/html/w...', Array)
#2 /var/www/html/wp-content/themes/reyjesuspf/vendor/illuminate/view/View.php(208): Illuminate\View\Engines\CompilerEngine->get('/var/www/html/w...', Array)
#3 /var/www/html/wp-content/themes/reyjesuspf/vendor/illuminate/view/View.php(191): Illuminate\View\View->getContents()
#4 /var/www/html/wp-content/themes/reyjesuspf/vendor/illuminate/view/View.php(160): Illuminate\View\View->renderContents()
#5 /var/www/html/wp-content/themes/reyjesuspf/index.php(3): Illuminate\View\View->render()
#6 /var/www/html/wp-includes/template-loader.php(106): include('/var/www/html/w...')
#7 /var/www/html/wp-blog-header.php(19): require_once('/var/www/html/w...')
#8 /var/www/html/index.php(17): require('/var/www/html/w...')
#9 {main}
  thrown in /var/www/html/wp-content/cache/acorn/framework/views/c169eeea013edc2ef97fd63c1998860c.php on line 85
[04-Aug-2025 19:50:28 UTC] PHP Fatal error:  Uncaught TypeError: Cannot access offset of type string on string in /var/www/html/wp-content/cache/acorn/framework/views/c169eeea013edc2ef97fd63c1998860c.php:85
Stack trace:
#0 /var/www/html/wp-content/themes/reyjesuspf/vendor/illuminate/filesystem/Filesystem.php(123): require()
#1 /var/www/html/wp-content/themes/reyjesuspf/vendor/illuminate/filesystem/Filesystem.php(124): Illuminate\Filesystem\Filesystem::Illuminate\Filesystem\{closure}()
#2 /var/www/html/wp-content/themes/reyjesuspf/vendor/illuminate/view/Engines/PhpEngine.php(57): Illuminate\Filesystem\Filesystem->getRequire('/var/www/html/w...', Array)
#3 /var/www/html/wp-content/themes/reyjesuspf/vendor/illuminate/view/Engines/CompilerEngine.php(74): Illuminate\View\Engines\PhpEngine->evaluatePath('/var/www/html/w...', Array)
#4 /var/www/html/wp-content/themes/reyjesuspf/vendor/illuminate/view/View.php(208): Illuminate\View\Engines\CompilerEngine->get('/var/www/html/w...', Array)
#5 /var/www/html/wp-content/themes/reyjesuspf/vendor/illuminate/view/View.php(191): Illuminate\View\View->getContents()
#6 /var/www/html/wp-content/themes/reyjesuspf/vendor/illuminate/view/View.php(160): Illuminate\View\View->renderContents()
#7 /var/www/html/wp-content/cache/acorn/framework/views/872aeea5bc83526cef78522aea6c4ac7.php(32): Illuminate\View\View->render()
#8 /var/www/html/wp-content/themes/reyjesuspf/vendor/illuminate/filesystem/Filesystem.php(123): require('/var/www/html/w...')
#9 /var/www/html/wp-content/themes/reyjesuspf/vendor/illuminate/filesystem/Filesystem.php(124): Illuminate\Filesystem\Filesystem::Illuminate\Filesystem\{closure}()
#10 /var/www/html/wp-content/themes/reyjesuspf/vendor/illuminate/view/Engines/PhpEngine.php(57): Illuminate\Filesystem\Filesystem->getRequire('/var/www/html/w...', Array)
#11 /var/www/html/wp-content/themes/reyjesuspf/vendor/illuminate/view/Engines/CompilerEngine.php(74): Illuminate\View\Engines\PhpEngine->evaluatePath('/var/www/html/w...', Array)
#12 /var/www/html/wp-content/themes/reyjesuspf/vendor/illuminate/view/View.php(208): Illuminate\View\Engines\CompilerEngine->get('/var/www/html/w...', Array)
#13 /var/www/html/wp-content/themes/reyjesuspf/vendor/illuminate/view/View.php(191): Illuminate\View\View->getContents()
#14 /var/www/html/wp-content/themes/reyjesuspf/vendor/illuminate/view/View.php(160): Illuminate\View\View->renderContents()
#15 /var/www/html/wp-content/cache/acorn/framework/views/4e85496a1c8783340d210e65441ad863.php(12): Illuminate\View\View->render()
#16 /var/www/html/wp-content/themes/reyjesuspf/vendor/illuminate/filesystem/Filesystem.php(123): require('/var/www/html/w...')
#17 /var/www/html/wp-content/themes/reyjesuspf/vendor/illuminate/filesystem/Filesystem.php(124): Illuminate\Filesystem\Filesystem::Illuminate\Filesystem\{closure}()
#18 /var/www/html/wp-content/themes/reyjesuspf/vendor/illuminate/view/Engines/PhpEngine.php(57): Illuminate\Filesystem\Filesystem->getRequire('/var/www/html/w...', Array)
#19 /var/www/html/wp-content/themes/reyjesuspf/vendor/illuminate/view/Engines/CompilerEngine.php(74): Illuminate\View\Engines\PhpEngine->evaluatePath('/var/www/html/w...', Array)
#20 /var/www/html/wp-content/themes/reyjesuspf/vendor/illuminate/view/View.php(208): Illuminate\View\Engines\CompilerEngine->get('/var/www/html/w...', Array)
#21 /var/www/html/wp-content/themes/reyjesuspf/vendor/illuminate/view/View.php(191): Illuminate\View\View->getContents()
#22 /var/www/html/wp-content/themes/reyjesuspf/vendor/illuminate/view/View.php(160): Illuminate\View\View->renderContents()
#23 /var/www/html/wp-content/themes/reyjesuspf/index.php(3): Illuminate\View\View->render()
#24 /var/www/html/wp-includes/template-loader.php(106): include('/var/www/html/w...')
#25 /var/www/html/wp-blog-header.php(19): require_once('/var/www/html/w...')
#26 /var/www/html/index.php(17): require('/var/www/html/w...')
#27 {main}

Next Illuminate\View\ViewException: Cannot access offset of type string on string (View: /var/www/html/wp-content/themes/reyjesuspf/resources/views/sections/footer.blade.php) in /var/www/html/wp-content/cache/acorn/framework/views/c169eeea013edc2ef97fd63c1998860c.php:85
Stack trace:
#0 /var/www/html/wp-content/themes/reyjesuspf/vendor/illuminate/view/Engines/PhpEngine.php(59): Illuminate\View\Engines\CompilerEngine->handleViewException(Object(TypeError), 2)
#1 /var/www/html/wp-content/themes/reyjesuspf/vendor/illuminate/view/Engines/CompilerEngine.php(74): Illuminate\View\Engines\PhpEngine->evaluatePath('/var/www/html/w...', Array)
#2 /var/www/html/wp-content/themes/reyjesuspf/vendor/illuminate/view/View.php(208): Illuminate\View\Engines\CompilerEngine->get('/var/www/html/w...', Array)
#3 /var/www/html/wp-content/themes/reyjesuspf/vendor/illuminate/view/View.php(191): Illuminate\View\View->getContents()
#4 /var/www/html/wp-content/themes/reyjesuspf/vendor/illuminate/view/View.php(160): Illuminate\View\View->renderContents()
#5 /var/www/html/wp-content/cache/acorn/framework/views/872aeea5bc83526cef78522aea6c4ac7.php(32): Illuminate\View\View->render()
#6 /var/www/html/wp-content/themes/reyjesuspf/vendor/illuminate/filesystem/Filesystem.php(123): require('/var/www/html/w...')
#7 /var/www/html/wp-content/themes/reyjesuspf/vendor/illuminate/filesystem/Filesystem.php(124): Illuminate\Filesystem\Filesystem::Illuminate\Filesystem\{closure}()
#8 /var/www/html/wp-content/themes/reyjesuspf/vendor/illuminate/view/Engines/PhpEngine.php(57): Illuminate\Filesystem\Filesystem->getRequire('/var/www/html/w...', Array)
#9 /var/www/html/wp-content/themes/reyjesuspf/vendor/illuminate/view/Engines/CompilerEngine.php(74): Illuminate\View\Engines\PhpEngine->evaluatePath('/var/www/html/w...', Array)
#10 /var/www/html/wp-content/themes/reyjesuspf/vendor/illuminate/view/View.php(208): Illuminate\View\Engines\CompilerEngine->get('/var/www/html/w...', Array)
#11 /var/www/html/wp-content/themes/reyjesuspf/vendor/illuminate/view/View.php(191): Illuminate\View\View->getContents()
#12 /var/www/html/wp-content/themes/reyjesuspf/vendor/illuminate/view/View.php(160): Illuminate\View\View->renderContents()
#13 /var/www/html/wp-content/cache/acorn/framework/views/4e85496a1c8783340d210e65441ad863.php(12): Illuminate\View\View->render()
#14 /var/www/html/wp-content/themes/reyjesuspf/vendor/illuminate/filesystem/Filesystem.php(123): require('/var/www/html/w...')
#15 /var/www/html/wp-content/themes/reyjesuspf/vendor/illuminate/filesystem/Filesystem.php(124): Illuminate\Filesystem\Filesystem::Illuminate\Filesystem\{closure}()
#16 /var/www/html/wp-content/themes/reyjesuspf/vendor/illuminate/view/Engines/PhpEngine.php(57): Illuminate\Filesystem\Filesystem->getRequire('/var/www/html/w...', Array)
#17 /var/www/html/wp-content/themes/reyjesuspf/vendor/illuminate/view/Engines/CompilerEngine.php(74): Illuminate\View\Engines\PhpEngine->evaluatePath('/var/www/html/w...', Array)
#18 /var/www/html/wp-content/themes/reyjesuspf/vendor/illuminate/view/View.php(208): Illuminate\View\Engines\CompilerEngine->get('/var/www/html/w...', Array)
#19 /var/www/html/wp-content/themes/reyjesuspf/vendor/illuminate/view/View.php(191): Illuminate\View\View->getContents()
#20 /var/www/html/wp-content/themes/reyjesuspf/vendor/illuminate/view/View.php(160): Illuminate\View\View->renderContents()
#21 /var/www/html/wp-content/themes/reyjesuspf/index.php(3): Illuminate\View\View->render()
#22 /var/www/html/wp-includes/template-loader.php(106): include('/var/www/html/w...')
#23 /var/www/html/wp-blog-header.php(19): require_once('/var/www/html/w...')
#24 /var/www/html/index.php(17): require('/var/www/html/w...')
#25 {main}

Next Illuminate\View\ViewException: Cannot access offset of type string on string (View: /var/www/html/wp-content/themes/reyjesuspf/resources/views/sections/footer.blade.php) (View: /var/www/html/wp-content/themes/reyjesuspf/resources/views/sections/footer.blade.php) in /var/www/html/wp-content/cache/acorn/framework/views/c169eeea013edc2ef97fd63c1998860c.php:85
Stack trace:
#0 /var/www/html/wp-content/themes/reyjesuspf/vendor/illuminate/view/Engines/PhpEngine.php(59): Illuminate\View\Engines\CompilerEngine->handleViewException(Object(Illuminate\View\ViewException), 1)
#1 /var/www/html/wp-content/themes/reyjesuspf/vendor/illuminate/view/Engines/CompilerEngine.php(74): Illuminate\View\Engines\PhpEngine->evaluatePath('/var/www/html/w...', Array)
#2 /var/www/html/wp-content/themes/reyjesuspf/vendor/illuminate/view/View.php(208): Illuminate\View\Engines\CompilerEngine->get('/var/www/html/w...', Array)
#3 /var/www/html/wp-content/themes/reyjesuspf/vendor/illuminate/view/View.php(191): Illuminate\View\View->getContents()
#4 /var/www/html/wp-content/themes/reyjesuspf/vendor/illuminate/view/View.php(160): Illuminate\View\View->renderContents()
#5 /var/www/html/wp-content/cache/acorn/framework/views/4e85496a1c8783340d210e65441ad863.php(12): Illuminate\View\View->render()
#6 /var/www/html/wp-content/themes/reyjesuspf/vendor/illuminate/filesystem/Filesystem.php(123): require('/var/www/html/w...')
#7 /var/www/html/wp-content/themes/reyjesuspf/vendor/illuminate/filesystem/Filesystem.php(124): Illuminate\Filesystem\Filesystem::Illuminate\Filesystem\{closure}()
#8 /var/www/html/wp-content/themes/reyjesuspf/vendor/illuminate/view/Engines/PhpEngine.php(57): Illuminate\Filesystem\Filesystem->getRequire('/var/www/html/w...', Array)
#9 /var/www/html/wp-content/themes/reyjesuspf/vendor/illuminate/view/Engines/CompilerEngine.php(74): Illuminate\View\Engines\PhpEngine->evaluatePath('/var/www/html/w...', Array)
#10 /var/www/html/wp-content/themes/reyjesuspf/vendor/illuminate/view/View.php(208): Illuminate\View\Engines\CompilerEngine->get('/var/www/html/w...', Array)
#11 /var/www/html/wp-content/themes/reyjesuspf/vendor/illuminate/view/View.php(191): Illuminate\View\View->getContents()
#12 /var/www/html/wp-content/themes/reyjesuspf/vendor/illuminate/view/View.php(160): Illuminate\View\View->renderContents()
#13 /var/www/html/wp-content/themes/reyjesuspf/index.php(3): Illuminate\View\View->render()
#14 /var/www/html/wp-includes/template-loader.php(106): include('/var/www/html/w...')
#15 /var/www/html/wp-blog-header.php(19): require_once('/var/www/html/w...')
#16 /var/www/html/index.php(17): require('/var/www/html/w...')
#17 {main}

Next Illuminate\View\ViewException: Cannot access offset of type string on string (View: /var/www/html/wp-content/themes/reyjesuspf/resources/views/sections/footer.blade.php) (View: /var/www/html/wp-content/themes/reyjesuspf/resources/views/sections/footer.blade.php) (View: /var/www/html/wp-content/themes/reyjesuspf/resources/views/sections/footer.blade.php) in /var/www/html/wp-content/cache/acorn/framework/views/c169eeea013edc2ef97fd63c1998860c.php:85
Stack trace:
#0 /var/www/html/wp-content/themes/reyjesuspf/vendor/illuminate/view/Engines/PhpEngine.php(59): Illuminate\View\Engines\CompilerEngine->handleViewException(Object(Illuminate\View\ViewException), 0)
#1 /var/www/html/wp-content/themes/reyjesuspf/vendor/illuminate/view/Engines/CompilerEngine.php(74): Illuminate\View\Engines\PhpEngine->evaluatePath('/var/www/html/w...', Array)
#2 /var/www/html/wp-content/themes/reyjesuspf/vendor/illuminate/view/View.php(208): Illuminate\View\Engines\CompilerEngine->get('/var/www/html/w...', Array)
#3 /var/www/html/wp-content/themes/reyjesuspf/vendor/illuminate/view/View.php(191): Illuminate\View\View->getContents()
#4 /var/www/html/wp-content/themes/reyjesuspf/vendor/illuminate/view/View.php(160): Illuminate\View\View->renderContents()
#5 /var/www/html/wp-content/themes/reyjesuspf/index.php(3): Illuminate\View\View->render()
#6 /var/www/html/wp-includes/template-loader.php(106): include('/var/www/html/w...')
#7 /var/www/html/wp-blog-header.php(19): require_once('/var/www/html/w...')
#8 /var/www/html/index.php(17): require('/var/www/html/w...')
#9 {main}
  thrown in /var/www/html/wp-content/cache/acorn/framework/views/c169eeea013edc2ef97fd63c1998860c.php on line 85
[04-Aug-2025 19:53:15 UTC] PHP Fatal error:  Uncaught TypeError: Cannot access offset of type string on string in /var/www/html/wp-content/cache/acorn/framework/views/c169eeea013edc2ef97fd63c1998860c.php:85
Stack trace:
#0 /var/www/html/wp-content/themes/reyjesuspf/vendor/illuminate/filesystem/Filesystem.php(123): require()
#1 /var/www/html/wp-content/themes/reyjesuspf/vendor/illuminate/filesystem/Filesystem.php(124): Illuminate\Filesystem\Filesystem::Illuminate\Filesystem\{closure}()
#2 /var/www/html/wp-content/themes/reyjesuspf/vendor/illuminate/view/Engines/PhpEngine.php(57): Illuminate\Filesystem\Filesystem->getRequire('/var/www/html/w...', Array)
#3 /var/www/html/wp-content/themes/reyjesuspf/vendor/illuminate/view/Engines/CompilerEngine.php(74): Illuminate\View\Engines\PhpEngine->evaluatePath('/var/www/html/w...', Array)
#4 /var/www/html/wp-content/themes/reyjesuspf/vendor/illuminate/view/View.php(208): Illuminate\View\Engines\CompilerEngine->get('/var/www/html/w...', Array)
#5 /var/www/html/wp-content/themes/reyjesuspf/vendor/illuminate/view/View.php(191): Illuminate\View\View->getContents()
#6 /var/www/html/wp-content/themes/reyjesuspf/vendor/illuminate/view/View.php(160): Illuminate\View\View->renderContents()
#7 /var/www/html/wp-content/cache/acorn/framework/views/872aeea5bc83526cef78522aea6c4ac7.php(32): Illuminate\View\View->render()
#8 /var/www/html/wp-content/themes/reyjesuspf/vendor/illuminate/filesystem/Filesystem.php(123): require('/var/www/html/w...')
#9 /var/www/html/wp-content/themes/reyjesuspf/vendor/illuminate/filesystem/Filesystem.php(124): Illuminate\Filesystem\Filesystem::Illuminate\Filesystem\{closure}()
#10 /var/www/html/wp-content/themes/reyjesuspf/vendor/illuminate/view/Engines/PhpEngine.php(57): Illuminate\Filesystem\Filesystem->getRequire('/var/www/html/w...', Array)
#11 /var/www/html/wp-content/themes/reyjesuspf/vendor/illuminate/view/Engines/CompilerEngine.php(74): Illuminate\View\Engines\PhpEngine->evaluatePath('/var/www/html/w...', Array)
#12 /var/www/html/wp-content/themes/reyjesuspf/vendor/illuminate/view/View.php(208): Illuminate\View\Engines\CompilerEngine->get('/var/www/html/w...', Array)
#13 /var/www/html/wp-content/themes/reyjesuspf/vendor/illuminate/view/View.php(191): Illuminate\View\View->getContents()
#14 /var/www/html/wp-content/themes/reyjesuspf/vendor/illuminate/view/View.php(160): Illuminate\View\View->renderContents()
#15 /var/www/html/wp-content/cache/acorn/framework/views/4e85496a1c8783340d210e65441ad863.php(12): Illuminate\View\View->render()
#16 /var/www/html/wp-content/themes/reyjesuspf/vendor/illuminate/filesystem/Filesystem.php(123): require('/var/www/html/w...')
#17 /var/www/html/wp-content/themes/reyjesuspf/vendor/illuminate/filesystem/Filesystem.php(124): Illuminate\Filesystem\Filesystem::Illuminate\Filesystem\{closure}()
#18 /var/www/html/wp-content/themes/reyjesuspf/vendor/illuminate/view/Engines/PhpEngine.php(57): Illuminate\Filesystem\Filesystem->getRequire('/var/www/html/w...', Array)
#19 /var/www/html/wp-content/themes/reyjesuspf/vendor/illuminate/view/Engines/CompilerEngine.php(74): Illuminate\View\Engines\PhpEngine->evaluatePath('/var/www/html/w...', Array)
#20 /var/www/html/wp-content/themes/reyjesuspf/vendor/illuminate/view/View.php(208): Illuminate\View\Engines\CompilerEngine->get('/var/www/html/w...', Array)
#21 /var/www/html/wp-content/themes/reyjesuspf/vendor/illuminate/view/View.php(191): Illuminate\View\View->getContents()
#22 /var/www/html/wp-content/themes/reyjesuspf/vendor/illuminate/view/View.php(160): Illuminate\View\View->renderContents()
#23 /var/www/html/wp-content/themes/reyjesuspf/index.php(3): Illuminate\View\View->render()
#24 /var/www/html/wp-includes/template-loader.php(106): include('/var/www/html/w...')
#25 /var/www/html/wp-blog-header.php(19): require_once('/var/www/html/w...')
#26 /var/www/html/index.php(17): require('/var/www/html/w...')
#27 {main}

Next Illuminate\View\ViewException: Cannot access offset of type string on string (View: /var/www/html/wp-content/themes/reyjesuspf/resources/views/sections/footer.blade.php) in /var/www/html/wp-content/cache/acorn/framework/views/c169eeea013edc2ef97fd63c1998860c.php:85
Stack trace:
#0 /var/www/html/wp-content/themes/reyjesuspf/vendor/illuminate/view/Engines/PhpEngine.php(59): Illuminate\View\Engines\CompilerEngine->handleViewException(Object(TypeError), 2)
#1 /var/www/html/wp-content/themes/reyjesuspf/vendor/illuminate/view/Engines/CompilerEngine.php(74): Illuminate\View\Engines\PhpEngine->evaluatePath('/var/www/html/w...', Array)
#2 /var/www/html/wp-content/themes/reyjesuspf/vendor/illuminate/view/View.php(208): Illuminate\View\Engines\CompilerEngine->get('/var/www/html/w...', Array)
#3 /var/www/html/wp-content/themes/reyjesuspf/vendor/illuminate/view/View.php(191): Illuminate\View\View->getContents()
#4 /var/www/html/wp-content/themes/reyjesuspf/vendor/illuminate/view/View.php(160): Illuminate\View\View->renderContents()
#5 /var/www/html/wp-content/cache/acorn/framework/views/872aeea5bc83526cef78522aea6c4ac7.php(32): Illuminate\View\View->render()
#6 /var/www/html/wp-content/themes/reyjesuspf/vendor/illuminate/filesystem/Filesystem.php(123): require('/var/www/html/w...')
#7 /var/www/html/wp-content/themes/reyjesuspf/vendor/illuminate/filesystem/Filesystem.php(124): Illuminate\Filesystem\Filesystem::Illuminate\Filesystem\{closure}()
#8 /var/www/html/wp-content/themes/reyjesuspf/vendor/illuminate/view/Engines/PhpEngine.php(57): Illuminate\Filesystem\Filesystem->getRequire('/var/www/html/w...', Array)
#9 /var/www/html/wp-content/themes/reyjesuspf/vendor/illuminate/view/Engines/CompilerEngine.php(74): Illuminate\View\Engines\PhpEngine->evaluatePath('/var/www/html/w...', Array)
#10 /var/www/html/wp-content/themes/reyjesuspf/vendor/illuminate/view/View.php(208): Illuminate\View\Engines\CompilerEngine->get('/var/www/html/w...', Array)
#11 /var/www/html/wp-content/themes/reyjesuspf/vendor/illuminate/view/View.php(191): Illuminate\View\View->getContents()
#12 /var/www/html/wp-content/themes/reyjesuspf/vendor/illuminate/view/View.php(160): Illuminate\View\View->renderContents()
#13 /var/www/html/wp-content/cache/acorn/framework/views/4e85496a1c8783340d210e65441ad863.php(12): Illuminate\View\View->render()
#14 /var/www/html/wp-content/themes/reyjesuspf/vendor/illuminate/filesystem/Filesystem.php(123): require('/var/www/html/w...')
#15 /var/www/html/wp-content/themes/reyjesuspf/vendor/illuminate/filesystem/Filesystem.php(124): Illuminate\Filesystem\Filesystem::Illuminate\Filesystem\{closure}()
#16 /var/www/html/wp-content/themes/reyjesuspf/vendor/illuminate/view/Engines/PhpEngine.php(57): Illuminate\Filesystem\Filesystem->getRequire('/var/www/html/w...', Array)
#17 /var/www/html/wp-content/themes/reyjesuspf/vendor/illuminate/view/Engines/CompilerEngine.php(74): Illuminate\View\Engines\PhpEngine->evaluatePath('/var/www/html/w...', Array)
#18 /var/www/html/wp-content/themes/reyjesuspf/vendor/illuminate/view/View.php(208): Illuminate\View\Engines\CompilerEngine->get('/var/www/html/w...', Array)
#19 /var/www/html/wp-content/themes/reyjesuspf/vendor/illuminate/view/View.php(191): Illuminate\View\View->getContents()
#20 /var/www/html/wp-content/themes/reyjesuspf/vendor/illuminate/view/View.php(160): Illuminate\View\View->renderContents()
#21 /var/www/html/wp-content/themes/reyjesuspf/index.php(3): Illuminate\View\View->render()
#22 /var/www/html/wp-includes/template-loader.php(106): include('/var/www/html/w...')
#23 /var/www/html/wp-blog-header.php(19): require_once('/var/www/html/w...')
#24 /var/www/html/index.php(17): require('/var/www/html/w...')
#25 {main}

Next Illuminate\View\ViewException: Cannot access offset of type string on string (View: /var/www/html/wp-content/themes/reyjesuspf/resources/views/sections/footer.blade.php) (View: /var/www/html/wp-content/themes/reyjesuspf/resources/views/sections/footer.blade.php) in /var/www/html/wp-content/cache/acorn/framework/views/c169eeea013edc2ef97fd63c1998860c.php:85
Stack trace:
#0 /var/www/html/wp-content/themes/reyjesuspf/vendor/illuminate/view/Engines/PhpEngine.php(59): Illuminate\View\Engines\CompilerEngine->handleViewException(Object(Illuminate\View\ViewException), 1)
#1 /var/www/html/wp-content/themes/reyjesuspf/vendor/illuminate/view/Engines/CompilerEngine.php(74): Illuminate\View\Engines\PhpEngine->evaluatePath('/var/www/html/w...', Array)
#2 /var/www/html/wp-content/themes/reyjesuspf/vendor/illuminate/view/View.php(208): Illuminate\View\Engines\CompilerEngine->get('/var/www/html/w...', Array)
#3 /var/www/html/wp-content/themes/reyjesuspf/vendor/illuminate/view/View.php(191): Illuminate\View\View->getContents()
#4 /var/www/html/wp-content/themes/reyjesuspf/vendor/illuminate/view/View.php(160): Illuminate\View\View->renderContents()
#5 /var/www/html/wp-content/cache/acorn/framework/views/4e85496a1c8783340d210e65441ad863.php(12): Illuminate\View\View->render()
#6 /var/www/html/wp-content/themes/reyjesuspf/vendor/illuminate/filesystem/Filesystem.php(123): require('/var/www/html/w...')
#7 /var/www/html/wp-content/themes/reyjesuspf/vendor/illuminate/filesystem/Filesystem.php(124): Illuminate\Filesystem\Filesystem::Illuminate\Filesystem\{closure}()
#8 /var/www/html/wp-content/themes/reyjesuspf/vendor/illuminate/view/Engines/PhpEngine.php(57): Illuminate\Filesystem\Filesystem->getRequire('/var/www/html/w...', Array)
#9 /var/www/html/wp-content/themes/reyjesuspf/vendor/illuminate/view/Engines/CompilerEngine.php(74): Illuminate\View\Engines\PhpEngine->evaluatePath('/var/www/html/w...', Array)
#10 /var/www/html/wp-content/themes/reyjesuspf/vendor/illuminate/view/View.php(208): Illuminate\View\Engines\CompilerEngine->get('/var/www/html/w...', Array)
#11 /var/www/html/wp-content/themes/reyjesuspf/vendor/illuminate/view/View.php(191): Illuminate\View\View->getContents()
#12 /var/www/html/wp-content/themes/reyjesuspf/vendor/illuminate/view/View.php(160): Illuminate\View\View->renderContents()
#13 /var/www/html/wp-content/themes/reyjesuspf/index.php(3): Illuminate\View\View->render()
#14 /var/www/html/wp-includes/template-loader.php(106): include('/var/www/html/w...')
#15 /var/www/html/wp-blog-header.php(19): require_once('/var/www/html/w...')
#16 /var/www/html/index.php(17): require('/var/www/html/w...')
#17 {main}

Next Illuminate\View\ViewException: Cannot access offset of type string on string (View: /var/www/html/wp-content/themes/reyjesuspf/resources/views/sections/footer.blade.php) (View: /var/www/html/wp-content/themes/reyjesuspf/resources/views/sections/footer.blade.php) (View: /var/www/html/wp-content/themes/reyjesuspf/resources/views/sections/footer.blade.php) in /var/www/html/wp-content/cache/acorn/framework/views/c169eeea013edc2ef97fd63c1998860c.php:85
Stack trace:
#0 /var/www/html/wp-content/themes/reyjesuspf/vendor/illuminate/view/Engines/PhpEngine.php(59): Illuminate\View\Engines\CompilerEngine->handleViewException(Object(Illuminate\View\ViewException), 0)
#1 /var/www/html/wp-content/themes/reyjesuspf/vendor/illuminate/view/Engines/CompilerEngine.php(74): Illuminate\View\Engines\PhpEngine->evaluatePath('/var/www/html/w...', Array)
#2 /var/www/html/wp-content/themes/reyjesuspf/vendor/illuminate/view/View.php(208): Illuminate\View\Engines\CompilerEngine->get('/var/www/html/w...', Array)
#3 /var/www/html/wp-content/themes/reyjesuspf/vendor/illuminate/view/View.php(191): Illuminate\View\View->getContents()
#4 /var/www/html/wp-content/themes/reyjesuspf/vendor/illuminate/view/View.php(160): Illuminate\View\View->renderContents()
#5 /var/www/html/wp-content/themes/reyjesuspf/index.php(3): Illuminate\View\View->render()
#6 /var/www/html/wp-includes/template-loader.php(106): include('/var/www/html/w...')
#7 /var/www/html/wp-blog-header.php(19): require_once('/var/www/html/w...')
#8 /var/www/html/index.php(17): require('/var/www/html/w...')
#9 {main}
  thrown in /var/www/html/wp-content/cache/acorn/framework/views/c169eeea013edc2ef97fd63c1998860c.php on line 85
[04-Aug-2025 19:55:37 UTC] PHP Fatal error:  Uncaught TypeError: Cannot access offset of type string on string in /var/www/html/wp-content/cache/acorn/framework/views/c169eeea013edc2ef97fd63c1998860c.php:85
Stack trace:
#0 /var/www/html/wp-content/themes/reyjesuspf/vendor/illuminate/filesystem/Filesystem.php(123): require()
#1 /var/www/html/wp-content/themes/reyjesuspf/vendor/illuminate/filesystem/Filesystem.php(124): Illuminate\Filesystem\Filesystem::Illuminate\Filesystem\{closure}()
#2 /var/www/html/wp-content/themes/reyjesuspf/vendor/illuminate/view/Engines/PhpEngine.php(57): Illuminate\Filesystem\Filesystem->getRequire('/var/www/html/w...', Array)
#3 /var/www/html/wp-content/themes/reyjesuspf/vendor/illuminate/view/Engines/CompilerEngine.php(74): Illuminate\View\Engines\PhpEngine->evaluatePath('/var/www/html/w...', Array)
#4 /var/www/html/wp-content/themes/reyjesuspf/vendor/illuminate/view/View.php(208): Illuminate\View\Engines\CompilerEngine->get('/var/www/html/w...', Array)
#5 /var/www/html/wp-content/themes/reyjesuspf/vendor/illuminate/view/View.php(191): Illuminate\View\View->getContents()
#6 /var/www/html/wp-content/themes/reyjesuspf/vendor/illuminate/view/View.php(160): Illuminate\View\View->renderContents()
#7 /var/www/html/wp-content/cache/acorn/framework/views/872aeea5bc83526cef78522aea6c4ac7.php(32): Illuminate\View\View->render()
#8 /var/www/html/wp-content/themes/reyjesuspf/vendor/illuminate/filesystem/Filesystem.php(123): require('/var/www/html/w...')
#9 /var/www/html/wp-content/themes/reyjesuspf/vendor/illuminate/filesystem/Filesystem.php(124): Illuminate\Filesystem\Filesystem::Illuminate\Filesystem\{closure}()
#10 /var/www/html/wp-content/themes/reyjesuspf/vendor/illuminate/view/Engines/PhpEngine.php(57): Illuminate\Filesystem\Filesystem->getRequire('/var/www/html/w...', Array)
#11 /var/www/html/wp-content/themes/reyjesuspf/vendor/illuminate/view/Engines/CompilerEngine.php(74): Illuminate\View\Engines\PhpEngine->evaluatePath('/var/www/html/w...', Array)
#12 /var/www/html/wp-content/themes/reyjesuspf/vendor/illuminate/view/View.php(208): Illuminate\View\Engines\CompilerEngine->get('/var/www/html/w...', Array)
#13 /var/www/html/wp-content/themes/reyjesuspf/vendor/illuminate/view/View.php(191): Illuminate\View\View->getContents()
#14 /var/www/html/wp-content/themes/reyjesuspf/vendor/illuminate/view/View.php(160): Illuminate\View\View->renderContents()
#15 /var/www/html/wp-content/cache/acorn/framework/views/4e85496a1c8783340d210e65441ad863.php(12): Illuminate\View\View->render()
#16 /var/www/html/wp-content/themes/reyjesuspf/vendor/illuminate/filesystem/Filesystem.php(123): require('/var/www/html/w...')
#17 /var/www/html/wp-content/themes/reyjesuspf/vendor/illuminate/filesystem/Filesystem.php(124): Illuminate\Filesystem\Filesystem::Illuminate\Filesystem\{closure}()
#18 /var/www/html/wp-content/themes/reyjesuspf/vendor/illuminate/view/Engines/PhpEngine.php(57): Illuminate\Filesystem\Filesystem->getRequire('/var/www/html/w...', Array)
#19 /var/www/html/wp-content/themes/reyjesuspf/vendor/illuminate/view/Engines/CompilerEngine.php(74): Illuminate\View\Engines\PhpEngine->evaluatePath('/var/www/html/w...', Array)
#20 /var/www/html/wp-content/themes/reyjesuspf/vendor/illuminate/view/View.php(208): Illuminate\View\Engines\CompilerEngine->get('/var/www/html/w...', Array)
#21 /var/www/html/wp-content/themes/reyjesuspf/vendor/illuminate/view/View.php(191): Illuminate\View\View->getContents()
#22 /var/www/html/wp-content/themes/reyjesuspf/vendor/illuminate/view/View.php(160): Illuminate\View\View->renderContents()
#23 /var/www/html/wp-content/themes/reyjesuspf/index.php(3): Illuminate\View\View->render()
#24 /var/www/html/wp-includes/template-loader.php(106): include('/var/www/html/w...')
#25 /var/www/html/wp-blog-header.php(19): require_once('/var/www/html/w...')
#26 /var/www/html/index.php(17): require('/var/www/html/w...')
#27 {main}

Next Illuminate\View\ViewException: Cannot access offset of type string on string (View: /var/www/html/wp-content/themes/reyjesuspf/resources/views/sections/footer.blade.php) in /var/www/html/wp-content/cache/acorn/framework/views/c169eeea013edc2ef97fd63c1998860c.php:85
Stack trace:
#0 /var/www/html/wp-content/themes/reyjesuspf/vendor/illuminate/view/Engines/PhpEngine.php(59): Illuminate\View\Engines\CompilerEngine->handleViewException(Object(TypeError), 2)
#1 /var/www/html/wp-content/themes/reyjesuspf/vendor/illuminate/view/Engines/CompilerEngine.php(74): Illuminate\View\Engines\PhpEngine->evaluatePath('/var/www/html/w...', Array)
#2 /var/www/html/wp-content/themes/reyjesuspf/vendor/illuminate/view/View.php(208): Illuminate\View\Engines\CompilerEngine->get('/var/www/html/w...', Array)
#3 /var/www/html/wp-content/themes/reyjesuspf/vendor/illuminate/view/View.php(191): Illuminate\View\View->getContents()
#4 /var/www/html/wp-content/themes/reyjesuspf/vendor/illuminate/view/View.php(160): Illuminate\View\View->renderContents()
#5 /var/www/html/wp-content/cache/acorn/framework/views/872aeea5bc83526cef78522aea6c4ac7.php(32): Illuminate\View\View->render()
#6 /var/www/html/wp-content/themes/reyjesuspf/vendor/illuminate/filesystem/Filesystem.php(123): require('/var/www/html/w...')
#7 /var/www/html/wp-content/themes/reyjesuspf/vendor/illuminate/filesystem/Filesystem.php(124): Illuminate\Filesystem\Filesystem::Illuminate\Filesystem\{closure}()
#8 /var/www/html/wp-content/themes/reyjesuspf/vendor/illuminate/view/Engines/PhpEngine.php(57): Illuminate\Filesystem\Filesystem->getRequire('/var/www/html/w...', Array)
#9 /var/www/html/wp-content/themes/reyjesuspf/vendor/illuminate/view/Engines/CompilerEngine.php(74): Illuminate\View\Engines\PhpEngine->evaluatePath('/var/www/html/w...', Array)
#10 /var/www/html/wp-content/themes/reyjesuspf/vendor/illuminate/view/View.php(208): Illuminate\View\Engines\CompilerEngine->get('/var/www/html/w...', Array)
#11 /var/www/html/wp-content/themes/reyjesuspf/vendor/illuminate/view/View.php(191): Illuminate\View\View->getContents()
#12 /var/www/html/wp-content/themes/reyjesuspf/vendor/illuminate/view/View.php(160): Illuminate\View\View->renderContents()
#13 /var/www/html/wp-content/cache/acorn/framework/views/4e85496a1c8783340d210e65441ad863.php(12): Illuminate\View\View->render()
#14 /var/www/html/wp-content/themes/reyjesuspf/vendor/illuminate/filesystem/Filesystem.php(123): require('/var/www/html/w...')
#15 /var/www/html/wp-content/themes/reyjesuspf/vendor/illuminate/filesystem/Filesystem.php(124): Illuminate\Filesystem\Filesystem::Illuminate\Filesystem\{closure}()
#16 /var/www/html/wp-content/themes/reyjesuspf/vendor/illuminate/view/Engines/PhpEngine.php(57): Illuminate\Filesystem\Filesystem->getRequire('/var/www/html/w...', Array)
#17 /var/www/html/wp-content/themes/reyjesuspf/vendor/illuminate/view/Engines/CompilerEngine.php(74): Illuminate\View\Engines\PhpEngine->evaluatePath('/var/www/html/w...', Array)
#18 /var/www/html/wp-content/themes/reyjesuspf/vendor/illuminate/view/View.php(208): Illuminate\View\Engines\CompilerEngine->get('/var/www/html/w...', Array)
#19 /var/www/html/wp-content/themes/reyjesuspf/vendor/illuminate/view/View.php(191): Illuminate\View\View->getContents()
#20 /var/www/html/wp-content/themes/reyjesuspf/vendor/illuminate/view/View.php(160): Illuminate\View\View->renderContents()
#21 /var/www/html/wp-content/themes/reyjesuspf/index.php(3): Illuminate\View\View->render()
#22 /var/www/html/wp-includes/template-loader.php(106): include('/var/www/html/w...')
#23 /var/www/html/wp-blog-header.php(19): require_once('/var/www/html/w...')
#24 /var/www/html/index.php(17): require('/var/www/html/w...')
#25 {main}

Next Illuminate\View\ViewException: Cannot access offset of type string on string (View: /var/www/html/wp-content/themes/reyjesuspf/resources/views/sections/footer.blade.php) (View: /var/www/html/wp-content/themes/reyjesuspf/resources/views/sections/footer.blade.php) in /var/www/html/wp-content/cache/acorn/framework/views/c169eeea013edc2ef97fd63c1998860c.php:85
Stack trace:
#0 /var/www/html/wp-content/themes/reyjesuspf/vendor/illuminate/view/Engines/PhpEngine.php(59): Illuminate\View\Engines\CompilerEngine->handleViewException(Object(Illuminate\View\ViewException), 1)
#1 /var/www/html/wp-content/themes/reyjesuspf/vendor/illuminate/view/Engines/CompilerEngine.php(74): Illuminate\View\Engines\PhpEngine->evaluatePath('/var/www/html/w...', Array)
#2 /var/www/html/wp-content/themes/reyjesuspf/vendor/illuminate/view/View.php(208): Illuminate\View\Engines\CompilerEngine->get('/var/www/html/w...', Array)
#3 /var/www/html/wp-content/themes/reyjesuspf/vendor/illuminate/view/View.php(191): Illuminate\View\View->getContents()
#4 /var/www/html/wp-content/themes/reyjesuspf/vendor/illuminate/view/View.php(160): Illuminate\View\View->renderContents()
#5 /var/www/html/wp-content/cache/acorn/framework/views/4e85496a1c8783340d210e65441ad863.php(12): Illuminate\View\View->render()
#6 /var/www/html/wp-content/themes/reyjesuspf/vendor/illuminate/filesystem/Filesystem.php(123): require('/var/www/html/w...')
#7 /var/www/html/wp-content/themes/reyjesuspf/vendor/illuminate/filesystem/Filesystem.php(124): Illuminate\Filesystem\Filesystem::Illuminate\Filesystem\{closure}()
#8 /var/www/html/wp-content/themes/reyjesuspf/vendor/illuminate/view/Engines/PhpEngine.php(57): Illuminate\Filesystem\Filesystem->getRequire('/var/www/html/w...', Array)
#9 /var/www/html/wp-content/themes/reyjesuspf/vendor/illuminate/view/Engines/CompilerEngine.php(74): Illuminate\View\Engines\PhpEngine->evaluatePath('/var/www/html/w...', Array)
#10 /var/www/html/wp-content/themes/reyjesuspf/vendor/illuminate/view/View.php(208): Illuminate\View\Engines\CompilerEngine->get('/var/www/html/w...', Array)
#11 /var/www/html/wp-content/themes/reyjesuspf/vendor/illuminate/view/View.php(191): Illuminate\View\View->getContents()
#12 /var/www/html/wp-content/themes/reyjesuspf/vendor/illuminate/view/View.php(160): Illuminate\View\View->renderContents()
#13 /var/www/html/wp-content/themes/reyjesuspf/index.php(3): Illuminate\View\View->render()
#14 /var/www/html/wp-includes/template-loader.php(106): include('/var/www/html/w...')
#15 /var/www/html/wp-blog-header.php(19): require_once('/var/www/html/w...')
#16 /var/www/html/index.php(17): require('/var/www/html/w...')
#17 {main}

Next Illuminate\View\ViewException: Cannot access offset of type string on string (View: /var/www/html/wp-content/themes/reyjesuspf/resources/views/sections/footer.blade.php) (View: /var/www/html/wp-content/themes/reyjesuspf/resources/views/sections/footer.blade.php) (View: /var/www/html/wp-content/themes/reyjesuspf/resources/views/sections/footer.blade.php) in /var/www/html/wp-content/cache/acorn/framework/views/c169eeea013edc2ef97fd63c1998860c.php:85
Stack trace:
#0 /var/www/html/wp-content/themes/reyjesuspf/vendor/illuminate/view/Engines/PhpEngine.php(59): Illuminate\View\Engines\CompilerEngine->handleViewException(Object(Illuminate\View\ViewException), 0)
#1 /var/www/html/wp-content/themes/reyjesuspf/vendor/illuminate/view/Engines/CompilerEngine.php(74): Illuminate\View\Engines\PhpEngine->evaluatePath('/var/www/html/w...', Array)
#2 /var/www/html/wp-content/themes/reyjesuspf/vendor/illuminate/view/View.php(208): Illuminate\View\Engines\CompilerEngine->get('/var/www/html/w...', Array)
#3 /var/www/html/wp-content/themes/reyjesuspf/vendor/illuminate/view/View.php(191): Illuminate\View\View->getContents()
#4 /var/www/html/wp-content/themes/reyjesuspf/vendor/illuminate/view/View.php(160): Illuminate\View\View->renderContents()
#5 /var/www/html/wp-content/themes/reyjesuspf/index.php(3): Illuminate\View\View->render()
#6 /var/www/html/wp-includes/template-loader.php(106): include('/var/www/html/w...')
#7 /var/www/html/wp-blog-header.php(19): require_once('/var/www/html/w...')
#8 /var/www/html/index.php(17): require('/var/www/html/w...')
#9 {main}
  thrown in /var/www/html/wp-content/cache/acorn/framework/views/c169eeea013edc2ef97fd63c1998860c.php on line 85
[04-Aug-2025 21:05:06 UTC] PHP Warning:  Undefined variable $tipos_evento in /var/www/html/wp-content/cache/acorn/framework/views/f323bf4878ccaf16f1f7ee177eda221c.php on line 22
[04-Aug-2025 21:05:06 UTC] PHP Warning:  foreach() argument must be of type array|object, null given in /var/www/html/wp-content/cache/acorn/framework/views/f323bf4878ccaf16f1f7ee177eda221c.php on line 22
[04-Aug-2025 21:05:06 UTC] PHP Warning:  Undefined variable $eventos_iniciales in /var/www/html/wp-content/cache/acorn/framework/views/f323bf4878ccaf16f1f7ee177eda221c.php on line 36
[04-Aug-2025 21:08:04 UTC] PHP Warning:  Undefined variable $tipos_evento in /var/www/html/wp-content/cache/acorn/framework/views/f323bf4878ccaf16f1f7ee177eda221c.php on line 22
[04-Aug-2025 21:08:04 UTC] PHP Warning:  foreach() argument must be of type array|object, null given in /var/www/html/wp-content/cache/acorn/framework/views/f323bf4878ccaf16f1f7ee177eda221c.php on line 22
[04-Aug-2025 21:08:04 UTC] PHP Warning:  Undefined variable $eventos_iniciales in /var/www/html/wp-content/cache/acorn/framework/views/f323bf4878ccaf16f1f7ee177eda221c.php on line 36
[04-Aug-2025 21:57:18 UTC] PHP Parse error:  syntax error, unexpected token "<", expecting end of file in /var/www/html/wp-content/themes/reyjesuspf/app/setup.php on line 133
[04-Aug-2025 21:57:19 UTC] PHP Parse error:  syntax error, unexpected token "<", expecting end of file in /var/www/html/wp-content/themes/reyjesuspf/app/setup.php on line 133
[05-Aug-2025 00:37:43 UTC] PHP Fatal error:  Uncaught Error: Call to undefined function view() in /var/www/html/wp-content/themes/reyjesuspf/index.php:3
Stack trace:
#0 /var/www/html/wp-includes/template-loader.php(106): include()
#1 /var/www/html/wp-blog-header.php(19): require_once('/var/www/html/w...')
#2 /var/www/html/index.php(17): require('/var/www/html/w...')
#3 {main}
  thrown in /var/www/html/wp-content/themes/reyjesuspf/index.php on line 3
[05-Aug-2025 00:38:47 UTC] PHP Fatal error:  Uncaught Error: Call to undefined function view() in /var/www/html/wp-content/themes/reyjesuspf/index.php:3
Stack trace:
#0 /var/www/html/wp-includes/template-loader.php(106): include()
#1 /var/www/html/wp-blog-header.php(19): require_once('/var/www/html/w...')
#2 /var/www/html/index.php(17): require('/var/www/html/w...')
#3 {main}
  thrown in /var/www/html/wp-content/themes/reyjesuspf/index.php on line 3
[05-Aug-2025 00:49:23 UTC] PHP Fatal error:  Uncaught TypeError: call_user_func_array(): Argument #1 ($callback) must be a valid callback, function "\filtrar_eventos_por_categoria" not found or invalid function name in /var/www/html/wp-includes/class-wp-hook.php:324
Stack trace:
#0 /var/www/html/wp-includes/class-wp-hook.php(348): WP_Hook->apply_filters('', Array)
#1 /var/www/html/wp-includes/plugin.php(517): WP_Hook->do_action(Array)
#2 /var/www/html/wp-admin/admin-ajax.php(192): do_action('wp_ajax_filtrar...')
#3 {main}
  thrown in /var/www/html/wp-includes/class-wp-hook.php on line 324
[05-Aug-2025 00:49:35 UTC] PHP Fatal error:  Uncaught TypeError: call_user_func_array(): Argument #1 ($callback) must be a valid callback, function "\filtrar_eventos_por_categoria" not found or invalid function name in /var/www/html/wp-includes/class-wp-hook.php:324
Stack trace:
#0 /var/www/html/wp-includes/class-wp-hook.php(348): WP_Hook->apply_filters('', Array)
#1 /var/www/html/wp-includes/plugin.php(517): WP_Hook->do_action(Array)
#2 /var/www/html/wp-admin/admin-ajax.php(192): do_action('wp_ajax_filtrar...')
#3 {main}
  thrown in /var/www/html/wp-includes/class-wp-hook.php on line 324
[05-Aug-2025 00:49:37 UTC] PHP Fatal error:  Uncaught TypeError: call_user_func_array(): Argument #1 ($callback) must be a valid callback, function "\filtrar_eventos_por_categoria" not found or invalid function name in /var/www/html/wp-includes/class-wp-hook.php:324
Stack trace:
#0 /var/www/html/wp-includes/class-wp-hook.php(348): WP_Hook->apply_filters('', Array)
#1 /var/www/html/wp-includes/plugin.php(517): WP_Hook->do_action(Array)
#2 /var/www/html/wp-admin/admin-ajax.php(192): do_action('wp_ajax_filtrar...')
#3 {main}
  thrown in /var/www/html/wp-includes/class-wp-hook.php on line 324
[05-Aug-2025 00:49:38 UTC] PHP Fatal error:  Uncaught TypeError: call_user_func_array(): Argument #1 ($callback) must be a valid callback, function "\filtrar_eventos_por_categoria" not found or invalid function name in /var/www/html/wp-includes/class-wp-hook.php:324
Stack trace:
#0 /var/www/html/wp-includes/class-wp-hook.php(348): WP_Hook->apply_filters('', Array)
#1 /var/www/html/wp-includes/plugin.php(517): WP_Hook->do_action(Array)
#2 /var/www/html/wp-admin/admin-ajax.php(192): do_action('wp_ajax_filtrar...')
#3 {main}
  thrown in /var/www/html/wp-includes/class-wp-hook.php on line 324
[05-Aug-2025 00:49:39 UTC] PHP Fatal error:  Uncaught TypeError: call_user_func_array(): Argument #1 ($callback) must be a valid callback, function "\filtrar_eventos_por_categoria" not found or invalid function name in /var/www/html/wp-includes/class-wp-hook.php:324
Stack trace:
#0 /var/www/html/wp-includes/class-wp-hook.php(348): WP_Hook->apply_filters('', Array)
#1 /var/www/html/wp-includes/plugin.php(517): WP_Hook->do_action(Array)
#2 /var/www/html/wp-admin/admin-ajax.php(192): do_action('wp_ajax_filtrar...')
#3 {main}
  thrown in /var/www/html/wp-includes/class-wp-hook.php on line 324
[05-Aug-2025 00:49:40 UTC] PHP Fatal error:  Uncaught TypeError: call_user_func_array(): Argument #1 ($callback) must be a valid callback, function "\filtrar_eventos_por_categoria" not found or invalid function name in /var/www/html/wp-includes/class-wp-hook.php:324
Stack trace:
#0 /var/www/html/wp-includes/class-wp-hook.php(348): WP_Hook->apply_filters('', Array)
#1 /var/www/html/wp-includes/plugin.php(517): WP_Hook->do_action(Array)
#2 /var/www/html/wp-admin/admin-ajax.php(192): do_action('wp_ajax_filtrar...')
#3 {main}
  thrown in /var/www/html/wp-includes/class-wp-hook.php on line 324
[05-Aug-2025 00:54:56 UTC] PHP Fatal error:  Uncaught TypeError: call_user_func_array(): Argument #1 ($callback) must be a valid callback, function "\filtrar_eventos_por_categoria" not found or invalid function name in /var/www/html/wp-includes/class-wp-hook.php:324
Stack trace:
#0 /var/www/html/wp-includes/class-wp-hook.php(348): WP_Hook->apply_filters('', Array)
#1 /var/www/html/wp-includes/plugin.php(517): WP_Hook->do_action(Array)
#2 /var/www/html/wp-admin/admin-ajax.php(192): do_action('wp_ajax_filtrar...')
#3 {main}
  thrown in /var/www/html/wp-includes/class-wp-hook.php on line 324
[05-Aug-2025 00:55:49 UTC] PHP Fatal error:  Uncaught TypeError: call_user_func_array(): Argument #1 ($callback) must be a valid callback, function "\filtrar_eventos_por_categoria" not found or invalid function name in /var/www/html/wp-includes/class-wp-hook.php:324
Stack trace:
#0 /var/www/html/wp-includes/class-wp-hook.php(348): WP_Hook->apply_filters('', Array)
#1 /var/www/html/wp-includes/plugin.php(517): WP_Hook->do_action(Array)
#2 /var/www/html/wp-admin/admin-ajax.php(192): do_action('wp_ajax_filtrar...')
#3 {main}
  thrown in /var/www/html/wp-includes/class-wp-hook.php on line 324
[05-Aug-2025 23:09:00 UTC] PHP Fatal error:  Uncaught TypeError: call_user_func_array(): Argument #1 ($callback) must be a valid callback, function "handle_custom_registration" not found or invalid function name in /var/www/html/wp-includes/class-wp-hook.php:324
Stack trace:
#0 /var/www/html/wp-includes/class-wp-hook.php(348): WP_Hook->apply_filters(NULL, Array)
#1 /var/www/html/wp-includes/plugin.php(517): WP_Hook->do_action(Array)
#2 /var/www/html/wp-settings.php(727): do_action('init')
#3 /var/www/html/wp-config.php(102): require_once('/var/www/html/w...')
#4 /var/www/html/wp-load.php(50): require_once('/var/www/html/w...')
#5 /var/www/html/wp-admin/admin-ajax.php(22): require_once('/var/www/html/w...')
#6 {main}
  thrown in /var/www/html/wp-includes/class-wp-hook.php on line 324
[05-Aug-2025 23:09:23 UTC] PHP Fatal error:  Uncaught TypeError: call_user_func_array(): Argument #1 ($callback) must be a valid callback, function "handle_custom_registration" not found or invalid function name in /var/www/html/wp-includes/class-wp-hook.php:324
Stack trace:
#0 /var/www/html/wp-includes/class-wp-hook.php(348): WP_Hook->apply_filters(NULL, Array)
#1 /var/www/html/wp-includes/plugin.php(517): WP_Hook->do_action(Array)
#2 /var/www/html/wp-settings.php(727): do_action('init')
#3 /var/www/html/wp-config.php(102): require_once('/var/www/html/w...')
#4 /var/www/html/wp-load.php(50): require_once('/var/www/html/w...')
#5 /var/www/html/wp-admin/admin.php(35): require_once('/var/www/html/w...')
#6 /var/www/html/wp-admin/users.php(11): require_once('/var/www/html/w...')
#7 {main}
  thrown in /var/www/html/wp-includes/class-wp-hook.php on line 324
[05-Aug-2025 23:09:24 UTC] PHP Fatal error:  Uncaught TypeError: call_user_func_array(): Argument #1 ($callback) must be a valid callback, function "handle_custom_registration" not found or invalid function name in /var/www/html/wp-includes/class-wp-hook.php:324
Stack trace:
#0 /var/www/html/wp-includes/class-wp-hook.php(348): WP_Hook->apply_filters(NULL, Array)
#1 /var/www/html/wp-includes/plugin.php(517): WP_Hook->do_action(Array)
#2 /var/www/html/wp-settings.php(727): do_action('init')
#3 /var/www/html/wp-config.php(102): require_once('/var/www/html/w...')
#4 /var/www/html/wp-load.php(50): require_once('/var/www/html/w...')
#5 /var/www/html/wp-blog-header.php(13): require_once('/var/www/html/w...')
#6 /var/www/html/index.php(17): require('/var/www/html/w...')
#7 {main}
  thrown in /var/www/html/wp-includes/class-wp-hook.php on line 324
[05-Aug-2025 23:36:01 UTC] PHP Fatal error:  Uncaught TypeError: call_user_func_array(): Argument #1 ($callback) must be a valid callback, function "handle_custom_registration" not found or invalid function name in /var/www/html/wp-includes/class-wp-hook.php:324
Stack trace:
#0 /var/www/html/wp-includes/class-wp-hook.php(348): WP_Hook->apply_filters(NULL, Array)
#1 /var/www/html/wp-includes/plugin.php(517): WP_Hook->do_action(Array)
#2 /var/www/html/wp-settings.php(727): do_action('init')
#3 /var/www/html/wp-config.php(102): require_once('/var/www/html/w...')
#4 /var/www/html/wp-load.php(50): require_once('/var/www/html/w...')
#5 /var/www/html/wp-admin/admin-ajax.php(22): require_once('/var/www/html/w...')
#6 {main}
  thrown in /var/www/html/wp-includes/class-wp-hook.php on line 324
[05-Aug-2025 23:36:04 UTC] PHP Fatal error:  Uncaught TypeError: call_user_func_array(): Argument #1 ($callback) must be a valid callback, function "handle_custom_registration" not found or invalid function name in /var/www/html/wp-includes/class-wp-hook.php:324
Stack trace:
#0 /var/www/html/wp-includes/class-wp-hook.php(348): WP_Hook->apply_filters(NULL, Array)
#1 /var/www/html/wp-includes/plugin.php(517): WP_Hook->do_action(Array)
#2 /var/www/html/wp-settings.php(727): do_action('init')
#3 /var/www/html/wp-config.php(102): require_once('/var/www/html/w...')
#4 /var/www/html/wp-load.php(50): require_once('/var/www/html/w...')
#5 /var/www/html/wp-admin/admin-ajax.php(22): require_once('/var/www/html/w...')
#6 {main}
  thrown in /var/www/html/wp-includes/class-wp-hook.php on line 324
[05-Aug-2025 23:36:40 UTC] PHP Fatal error:  Uncaught TypeError: call_user_func_array(): Argument #1 ($callback) must be a valid callback, function "handle_custom_registration" not found or invalid function name in /var/www/html/wp-includes/class-wp-hook.php:324
Stack trace:
#0 /var/www/html/wp-includes/class-wp-hook.php(348): WP_Hook->apply_filters(NULL, Array)
#1 /var/www/html/wp-includes/plugin.php(517): WP_Hook->do_action(Array)
#2 /var/www/html/wp-settings.php(727): do_action('init')
#3 /var/www/html/wp-config.php(102): require_once('/var/www/html/w...')
#4 /var/www/html/wp-load.php(50): require_once('/var/www/html/w...')
#5 /var/www/html/wp-blog-header.php(13): require_once('/var/www/html/w...')
#6 /var/www/html/index.php(17): require('/var/www/html/w...')
#7 {main}
  thrown in /var/www/html/wp-includes/class-wp-hook.php on line 324
[05-Aug-2025 23:36:41 UTC] PHP Fatal error:  Uncaught TypeError: call_user_func_array(): Argument #1 ($callback) must be a valid callback, function "handle_custom_registration" not found or invalid function name in /var/www/html/wp-includes/class-wp-hook.php:324
Stack trace:
#0 /var/www/html/wp-includes/class-wp-hook.php(348): WP_Hook->apply_filters(NULL, Array)
#1 /var/www/html/wp-includes/plugin.php(517): WP_Hook->do_action(Array)
#2 /var/www/html/wp-settings.php(727): do_action('init')
#3 /var/www/html/wp-config.php(102): require_once('/var/www/html/w...')
#4 /var/www/html/wp-load.php(50): require_once('/var/www/html/w...')
#5 /var/www/html/wp-blog-header.php(13): require_once('/var/www/html/w...')
#6 /var/www/html/index.php(17): require('/var/www/html/w...')
#7 {main}
  thrown in /var/www/html/wp-includes/class-wp-hook.php on line 324
[06-Aug-2025 22:27:24 UTC] PHP Fatal error:  Uncaught ParseError: syntax error, unexpected token ":", expecting "(" in /var/www/html/wp-content/cache/acorn/framework/views/027b0c36f4d7b8601abe9b556f9efdec.php:22
Stack trace:
#0 /var/www/html/wp-content/themes/reyjesuspf/vendor/illuminate/filesystem/Filesystem.php(124): Illuminate\Filesystem\Filesystem::Illuminate\Filesystem\{closure}()
#1 /var/www/html/wp-content/themes/reyjesuspf/vendor/illuminate/view/Engines/PhpEngine.php(57): Illuminate\Filesystem\Filesystem->getRequire('/var/www/html/w...', Array)
#2 /var/www/html/wp-content/themes/reyjesuspf/vendor/illuminate/view/Engines/CompilerEngine.php(74): Illuminate\View\Engines\PhpEngine->evaluatePath('/var/www/html/w...', Array)
#3 /var/www/html/wp-content/themes/reyjesuspf/vendor/illuminate/view/View.php(208): Illuminate\View\Engines\CompilerEngine->get('/var/www/html/w...', Array)
#4 /var/www/html/wp-content/themes/reyjesuspf/vendor/illuminate/view/View.php(191): Illuminate\View\View->getContents()
#5 /var/www/html/wp-content/themes/reyjesuspf/vendor/illuminate/view/View.php(160): Illuminate\View\View->renderContents()
#6 /var/www/html/wp-content/cache/acorn/framework/views/872aeea5bc83526cef78522aea6c4ac7.php(20): Illuminate\View\View->render()
#7 /var/www/html/wp-content/themes/reyjesuspf/vendor/illuminate/filesystem/Filesystem.php(123): require('/var/www/html/w...')
#8 /var/www/html/wp-content/themes/reyjesuspf/vendor/illuminate/filesystem/Filesystem.php(124): Illuminate\Filesystem\Filesystem::Illuminate\Filesystem\{closure}()
#9 /var/www/html/wp-content/themes/reyjesuspf/vendor/illuminate/view/Engines/PhpEngine.php(57): Illuminate\Filesystem\Filesystem->getRequire('/var/www/html/w...', Array)
#10 /var/www/html/wp-content/themes/reyjesuspf/vendor/illuminate/view/Engines/CompilerEngine.php(74): Illuminate\View\Engines\PhpEngine->evaluatePath('/var/www/html/w...', Array)
#11 /var/www/html/wp-content/themes/reyjesuspf/vendor/illuminate/view/View.php(208): Illuminate\View\Engines\CompilerEngine->get('/var/www/html/w...', Array)
#12 /var/www/html/wp-content/themes/reyjesuspf/vendor/illuminate/view/View.php(191): Illuminate\View\View->getContents()
#13 /var/www/html/wp-content/themes/reyjesuspf/vendor/illuminate/view/View.php(160): Illuminate\View\View->renderContents()
#14 /var/www/html/wp-content/cache/acorn/framework/views/4e85496a1c8783340d210e65441ad863.php(12): Illuminate\View\View->render()
#15 /var/www/html/wp-content/themes/reyjesuspf/vendor/illuminate/filesystem/Filesystem.php(123): require('/var/www/html/w...')
#16 /var/www/html/wp-content/themes/reyjesuspf/vendor/illuminate/filesystem/Filesystem.php(124): Illuminate\Filesystem\Filesystem::Illuminate\Filesystem\{closure}()
#17 /var/www/html/wp-content/themes/reyjesuspf/vendor/illuminate/view/Engines/PhpEngine.php(57): Illuminate\Filesystem\Filesystem->getRequire('/var/www/html/w...', Array)
#18 /var/www/html/wp-content/themes/reyjesuspf/vendor/illuminate/view/Engines/CompilerEngine.php(74): Illuminate\View\Engines\PhpEngine->evaluatePath('/var/www/html/w...', Array)
#19 /var/www/html/wp-content/themes/reyjesuspf/vendor/illuminate/view/View.php(208): Illuminate\View\Engines\CompilerEngine->get('/var/www/html/w...', Array)
#20 /var/www/html/wp-content/themes/reyjesuspf/vendor/illuminate/view/View.php(191): Illuminate\View\View->getContents()
#21 /var/www/html/wp-content/themes/reyjesuspf/vendor/illuminate/view/View.php(160): Illuminate\View\View->renderContents()
#22 /var/www/html/wp-content/themes/reyjesuspf/index.php(3): Illuminate\View\View->render()
#23 /var/www/html/wp-includes/template-loader.php(106): include('/var/www/html/w...')
#24 /var/www/html/wp-blog-header.php(19): require_once('/var/www/html/w...')
#25 /var/www/html/index.php(17): require('/var/www/html/w...')
#26 {main}

Next Illuminate\View\ViewException: syntax error, unexpected token ":", expecting "(" (View: /var/www/html/wp-content/themes/reyjesuspf/resources/views/sections/header.blade.php) in /var/www/html/wp-content/cache/acorn/framework/views/027b0c36f4d7b8601abe9b556f9efdec.php:22
Stack trace:
#0 /var/www/html/wp-content/themes/reyjesuspf/vendor/illuminate/view/Engines/PhpEngine.php(59): Illuminate\View\Engines\CompilerEngine->handleViewException(Object(ParseError), 2)
#1 /var/www/html/wp-content/themes/reyjesuspf/vendor/illuminate/view/Engines/CompilerEngine.php(74): Illuminate\View\Engines\PhpEngine->evaluatePath('/var/www/html/w...', Array)
#2 /var/www/html/wp-content/themes/reyjesuspf/vendor/illuminate/view/View.php(208): Illuminate\View\Engines\CompilerEngine->get('/var/www/html/w...', Array)
#3 /var/www/html/wp-content/themes/reyjesuspf/vendor/illuminate/view/View.php(191): Illuminate\View\View->getContents()
#4 /var/www/html/wp-content/themes/reyjesuspf/vendor/illuminate/view/View.php(160): Illuminate\View\View->renderContents()
#5 /var/www/html/wp-content/cache/acorn/framework/views/872aeea5bc83526cef78522aea6c4ac7.php(20): Illuminate\View\View->render()
#6 /var/www/html/wp-content/themes/reyjesuspf/vendor/illuminate/filesystem/Filesystem.php(123): require('/var/www/html/w...')
#7 /var/www/html/wp-content/themes/reyjesuspf/vendor/illuminate/filesystem/Filesystem.php(124): Illuminate\Filesystem\Filesystem::Illuminate\Filesystem\{closure}()
#8 /var/www/html/wp-content/themes/reyjesuspf/vendor/illuminate/view/Engines/PhpEngine.php(57): Illuminate\Filesystem\Filesystem->getRequire('/var/www/html/w...', Array)
#9 /var/www/html/wp-content/themes/reyjesuspf/vendor/illuminate/view/Engines/CompilerEngine.php(74): Illuminate\View\Engines\PhpEngine->evaluatePath('/var/www/html/w...', Array)
#10 /var/www/html/wp-content/themes/reyjesuspf/vendor/illuminate/view/View.php(208): Illuminate\View\Engines\CompilerEngine->get('/var/www/html/w...', Array)
#11 /var/www/html/wp-content/themes/reyjesuspf/vendor/illuminate/view/View.php(191): Illuminate\View\View->getContents()
#12 /var/www/html/wp-content/themes/reyjesuspf/vendor/illuminate/view/View.php(160): Illuminate\View\View->renderContents()
#13 /var/www/html/wp-content/cache/acorn/framework/views/4e85496a1c8783340d210e65441ad863.php(12): Illuminate\View\View->render()
#14 /var/www/html/wp-content/themes/reyjesuspf/vendor/illuminate/filesystem/Filesystem.php(123): require('/var/www/html/w...')
#15 /var/www/html/wp-content/themes/reyjesuspf/vendor/illuminate/filesystem/Filesystem.php(124): Illuminate\Filesystem\Filesystem::Illuminate\Filesystem\{closure}()
#16 /var/www/html/wp-content/themes/reyjesuspf/vendor/illuminate/view/Engines/PhpEngine.php(57): Illuminate\Filesystem\Filesystem->getRequire('/var/www/html/w...', Array)
#17 /var/www/html/wp-content/themes/reyjesuspf/vendor/illuminate/view/Engines/CompilerEngine.php(74): Illuminate\View\Engines\PhpEngine->evaluatePath('/var/www/html/w...', Array)
#18 /var/www/html/wp-content/themes/reyjesuspf/vendor/illuminate/view/View.php(208): Illuminate\View\Engines\CompilerEngine->get('/var/www/html/w...', Array)
#19 /var/www/html/wp-content/themes/reyjesuspf/vendor/illuminate/view/View.php(191): Illuminate\View\View->getContents()
#20 /var/www/html/wp-content/themes/reyjesuspf/vendor/illuminate/view/View.php(160): Illuminate\View\View->renderContents()
#21 /var/www/html/wp-content/themes/reyjesuspf/index.php(3): Illuminate\View\View->render()
#22 /var/www/html/wp-includes/template-loader.php(106): include('/var/www/html/w...')
#23 /var/www/html/wp-blog-header.php(19): require_once('/var/www/html/w...')
#24 /var/www/html/index.php(17): require('/var/www/html/w...')
#25 {main}

Next Illuminate\View\ViewException: syntax error, unexpected token ":", expecting "(" (View: /var/www/html/wp-content/themes/reyjesuspf/resources/views/sections/header.blade.php) (View: /var/www/html/wp-content/themes/reyjesuspf/resources/views/sections/header.blade.php) in /var/www/html/wp-content/cache/acorn/framework/views/027b0c36f4d7b8601abe9b556f9efdec.php:22
Stack trace:
#0 /var/www/html/wp-content/themes/reyjesuspf/vendor/illuminate/view/Engines/PhpEngine.php(59): Illuminate\View\Engines\CompilerEngine->handleViewException(Object(Illuminate\View\ViewException), 1)
#1 /var/www/html/wp-content/themes/reyjesuspf/vendor/illuminate/view/Engines/CompilerEngine.php(74): Illuminate\View\Engines\PhpEngine->evaluatePath('/var/www/html/w...', Array)
#2 /var/www/html/wp-content/themes/reyjesuspf/vendor/illuminate/view/View.php(208): Illuminate\View\Engines\CompilerEngine->get('/var/www/html/w...', Array)
#3 /var/www/html/wp-content/themes/reyjesuspf/vendor/illuminate/view/View.php(191): Illuminate\View\View->getContents()
#4 /var/www/html/wp-content/themes/reyjesuspf/vendor/illuminate/view/View.php(160): Illuminate\View\View->renderContents()
#5 /var/www/html/wp-content/cache/acorn/framework/views/4e85496a1c8783340d210e65441ad863.php(12): Illuminate\View\View->render()
#6 /var/www/html/wp-content/themes/reyjesuspf/vendor/illuminate/filesystem/Filesystem.php(123): require('/var/www/html/w...')
#7 /var/www/html/wp-content/themes/reyjesuspf/vendor/illuminate/filesystem/Filesystem.php(124): Illuminate\Filesystem\Filesystem::Illuminate\Filesystem\{closure}()
#8 /var/www/html/wp-content/themes/reyjesuspf/vendor/illuminate/view/Engines/PhpEngine.php(57): Illuminate\Filesystem\Filesystem->getRequire('/var/www/html/w...', Array)
#9 /var/www/html/wp-content/themes/reyjesuspf/vendor/illuminate/view/Engines/CompilerEngine.php(74): Illuminate\View\Engines\PhpEngine->evaluatePath('/var/www/html/w...', Array)
#10 /var/www/html/wp-content/themes/reyjesuspf/vendor/illuminate/view/View.php(208): Illuminate\View\Engines\CompilerEngine->get('/var/www/html/w...', Array)
#11 /var/www/html/wp-content/themes/reyjesuspf/vendor/illuminate/view/View.php(191): Illuminate\View\View->getContents()
#12 /var/www/html/wp-content/themes/reyjesuspf/vendor/illuminate/view/View.php(160): Illuminate\View\View->renderContents()
#13 /var/www/html/wp-content/themes/reyjesuspf/index.php(3): Illuminate\View\View->render()
#14 /var/www/html/wp-includes/template-loader.php(106): include('/var/www/html/w...')
#15 /var/www/html/wp-blog-header.php(19): require_once('/var/www/html/w...')
#16 /var/www/html/index.php(17): require('/var/www/html/w...')
#17 {main}

Next Illuminate\View\ViewException: syntax error, unexpected token ":", expecting "(" (View: /var/www/html/wp-content/themes/reyjesuspf/resources/views/sections/header.blade.php) (View: /var/www/html/wp-content/themes/reyjesuspf/resources/views/sections/header.blade.php) (View: /var/www/html/wp-content/themes/reyjesuspf/resources/views/sections/header.blade.php) in /var/www/html/wp-content/cache/acorn/framework/views/027b0c36f4d7b8601abe9b556f9efdec.php:22
Stack trace:
#0 /var/www/html/wp-content/themes/reyjesuspf/vendor/illuminate/view/Engines/PhpEngine.php(59): Illuminate\View\Engines\CompilerEngine->handleViewException(Object(Illuminate\View\ViewException), 0)
#1 /var/www/html/wp-content/themes/reyjesuspf/vendor/illuminate/view/Engines/CompilerEngine.php(74): Illuminate\View\Engines\PhpEngine->evaluatePath('/var/www/html/w...', Array)
#2 /var/www/html/wp-content/themes/reyjesuspf/vendor/illuminate/view/View.php(208): Illuminate\View\Engines\CompilerEngine->get('/var/www/html/w...', Array)
#3 /var/www/html/wp-content/themes/reyjesuspf/vendor/illuminate/view/View.php(191): Illuminate\View\View->getContents()
#4 /var/www/html/wp-content/themes/reyjesuspf/vendor/illuminate/view/View.php(160): Illuminate\View\View->renderContents()
#5 /var/www/html/wp-content/themes/reyjesuspf/index.php(3): Illuminate\View\View->render()
#6 /var/www/html/wp-includes/template-loader.php(106): include('/var/www/html/w...')
#7 /var/www/html/wp-blog-header.php(19): require_once('/var/www/html/w...')
#8 /var/www/html/index.php(17): require('/var/www/html/w...')
#9 {main}
  thrown in /var/www/html/wp-content/cache/acorn/framework/views/027b0c36f4d7b8601abe9b556f9efdec.php on line 22
[06-Aug-2025 22:27:38 UTC] PHP Fatal error:  Uncaught ParseError: syntax error, unexpected token ":", expecting "(" in /var/www/html/wp-content/cache/acorn/framework/views/027b0c36f4d7b8601abe9b556f9efdec.php:22
Stack trace:
#0 /var/www/html/wp-content/themes/reyjesuspf/vendor/illuminate/filesystem/Filesystem.php(124): Illuminate\Filesystem\Filesystem::Illuminate\Filesystem\{closure}()
#1 /var/www/html/wp-content/themes/reyjesuspf/vendor/illuminate/view/Engines/PhpEngine.php(57): Illuminate\Filesystem\Filesystem->getRequire('/var/www/html/w...', Array)
#2 /var/www/html/wp-content/themes/reyjesuspf/vendor/illuminate/view/Engines/CompilerEngine.php(74): Illuminate\View\Engines\PhpEngine->evaluatePath('/var/www/html/w...', Array)
#3 /var/www/html/wp-content/themes/reyjesuspf/vendor/illuminate/view/View.php(208): Illuminate\View\Engines\CompilerEngine->get('/var/www/html/w...', Array)
#4 /var/www/html/wp-content/themes/reyjesuspf/vendor/illuminate/view/View.php(191): Illuminate\View\View->getContents()
#5 /var/www/html/wp-content/themes/reyjesuspf/vendor/illuminate/view/View.php(160): Illuminate\View\View->renderContents()
#6 /var/www/html/wp-content/cache/acorn/framework/views/872aeea5bc83526cef78522aea6c4ac7.php(20): Illuminate\View\View->render()
#7 /var/www/html/wp-content/themes/reyjesuspf/vendor/illuminate/filesystem/Filesystem.php(123): require('/var/www/html/w...')
#8 /var/www/html/wp-content/themes/reyjesuspf/vendor/illuminate/filesystem/Filesystem.php(124): Illuminate\Filesystem\Filesystem::Illuminate\Filesystem\{closure}()
#9 /var/www/html/wp-content/themes/reyjesuspf/vendor/illuminate/view/Engines/PhpEngine.php(57): Illuminate\Filesystem\Filesystem->getRequire('/var/www/html/w...', Array)
#10 /var/www/html/wp-content/themes/reyjesuspf/vendor/illuminate/view/Engines/CompilerEngine.php(74): Illuminate\View\Engines\PhpEngine->evaluatePath('/var/www/html/w...', Array)
#11 /var/www/html/wp-content/themes/reyjesuspf/vendor/illuminate/view/View.php(208): Illuminate\View\Engines\CompilerEngine->get('/var/www/html/w...', Array)
#12 /var/www/html/wp-content/themes/reyjesuspf/vendor/illuminate/view/View.php(191): Illuminate\View\View->getContents()
#13 /var/www/html/wp-content/themes/reyjesuspf/vendor/illuminate/view/View.php(160): Illuminate\View\View->renderContents()
#14 /var/www/html/wp-content/cache/acorn/framework/views/4e85496a1c8783340d210e65441ad863.php(12): Illuminate\View\View->render()
#15 /var/www/html/wp-content/themes/reyjesuspf/vendor/illuminate/filesystem/Filesystem.php(123): require('/var/www/html/w...')
#16 /var/www/html/wp-content/themes/reyjesuspf/vendor/illuminate/filesystem/Filesystem.php(124): Illuminate\Filesystem\Filesystem::Illuminate\Filesystem\{closure}()
#17 /var/www/html/wp-content/themes/reyjesuspf/vendor/illuminate/view/Engines/PhpEngine.php(57): Illuminate\Filesystem\Filesystem->getRequire('/var/www/html/w...', Array)
#18 /var/www/html/wp-content/themes/reyjesuspf/vendor/illuminate/view/Engines/CompilerEngine.php(74): Illuminate\View\Engines\PhpEngine->evaluatePath('/var/www/html/w...', Array)
#19 /var/www/html/wp-content/themes/reyjesuspf/vendor/illuminate/view/View.php(208): Illuminate\View\Engines\CompilerEngine->get('/var/www/html/w...', Array)
#20 /var/www/html/wp-content/themes/reyjesuspf/vendor/illuminate/view/View.php(191): Illuminate\View\View->getContents()
#21 /var/www/html/wp-content/themes/reyjesuspf/vendor/illuminate/view/View.php(160): Illuminate\View\View->renderContents()
#22 /var/www/html/wp-content/themes/reyjesuspf/index.php(3): Illuminate\View\View->render()
#23 /var/www/html/wp-includes/template-loader.php(106): include('/var/www/html/w...')
#24 /var/www/html/wp-blog-header.php(19): require_once('/var/www/html/w...')
#25 /var/www/html/index.php(17): require('/var/www/html/w...')
#26 {main}

Next Illuminate\View\ViewException: syntax error, unexpected token ":", expecting "(" (View: /var/www/html/wp-content/themes/reyjesuspf/resources/views/sections/header.blade.php) in /var/www/html/wp-content/cache/acorn/framework/views/027b0c36f4d7b8601abe9b556f9efdec.php:22
Stack trace:
#0 /var/www/html/wp-content/themes/reyjesuspf/vendor/illuminate/view/Engines/PhpEngine.php(59): Illuminate\View\Engines\CompilerEngine->handleViewException(Object(ParseError), 2)
#1 /var/www/html/wp-content/themes/reyjesuspf/vendor/illuminate/view/Engines/CompilerEngine.php(74): Illuminate\View\Engines\PhpEngine->evaluatePath('/var/www/html/w...', Array)
#2 /var/www/html/wp-content/themes/reyjesuspf/vendor/illuminate/view/View.php(208): Illuminate\View\Engines\CompilerEngine->get('/var/www/html/w...', Array)
#3 /var/www/html/wp-content/themes/reyjesuspf/vendor/illuminate/view/View.php(191): Illuminate\View\View->getContents()
#4 /var/www/html/wp-content/themes/reyjesuspf/vendor/illuminate/view/View.php(160): Illuminate\View\View->renderContents()
#5 /var/www/html/wp-content/cache/acorn/framework/views/872aeea5bc83526cef78522aea6c4ac7.php(20): Illuminate\View\View->render()
#6 /var/www/html/wp-content/themes/reyjesuspf/vendor/illuminate/filesystem/Filesystem.php(123): require('/var/www/html/w...')
#7 /var/www/html/wp-content/themes/reyjesuspf/vendor/illuminate/filesystem/Filesystem.php(124): Illuminate\Filesystem\Filesystem::Illuminate\Filesystem\{closure}()
#8 /var/www/html/wp-content/themes/reyjesuspf/vendor/illuminate/view/Engines/PhpEngine.php(57): Illuminate\Filesystem\Filesystem->getRequire('/var/www/html/w...', Array)
#9 /var/www/html/wp-content/themes/reyjesuspf/vendor/illuminate/view/Engines/CompilerEngine.php(74): Illuminate\View\Engines\PhpEngine->evaluatePath('/var/www/html/w...', Array)
#10 /var/www/html/wp-content/themes/reyjesuspf/vendor/illuminate/view/View.php(208): Illuminate\View\Engines\CompilerEngine->get('/var/www/html/w...', Array)
#11 /var/www/html/wp-content/themes/reyjesuspf/vendor/illuminate/view/View.php(191): Illuminate\View\View->getContents()
#12 /var/www/html/wp-content/themes/reyjesuspf/vendor/illuminate/view/View.php(160): Illuminate\View\View->renderContents()
#13 /var/www/html/wp-content/cache/acorn/framework/views/4e85496a1c8783340d210e65441ad863.php(12): Illuminate\View\View->render()
#14 /var/www/html/wp-content/themes/reyjesuspf/vendor/illuminate/filesystem/Filesystem.php(123): require('/var/www/html/w...')
#15 /var/www/html/wp-content/themes/reyjesuspf/vendor/illuminate/filesystem/Filesystem.php(124): Illuminate\Filesystem\Filesystem::Illuminate\Filesystem\{closure}()
#16 /var/www/html/wp-content/themes/reyjesuspf/vendor/illuminate/view/Engines/PhpEngine.php(57): Illuminate\Filesystem\Filesystem->getRequire('/var/www/html/w...', Array)
#17 /var/www/html/wp-content/themes/reyjesuspf/vendor/illuminate/view/Engines/CompilerEngine.php(74): Illuminate\View\Engines\PhpEngine->evaluatePath('/var/www/html/w...', Array)
#18 /var/www/html/wp-content/themes/reyjesuspf/vendor/illuminate/view/View.php(208): Illuminate\View\Engines\CompilerEngine->get('/var/www/html/w...', Array)
#19 /var/www/html/wp-content/themes/reyjesuspf/vendor/illuminate/view/View.php(191): Illuminate\View\View->getContents()
#20 /var/www/html/wp-content/themes/reyjesuspf/vendor/illuminate/view/View.php(160): Illuminate\View\View->renderContents()
#21 /var/www/html/wp-content/themes/reyjesuspf/index.php(3): Illuminate\View\View->render()
#22 /var/www/html/wp-includes/template-loader.php(106): include('/var/www/html/w...')
#23 /var/www/html/wp-blog-header.php(19): require_once('/var/www/html/w...')
#24 /var/www/html/index.php(17): require('/var/www/html/w...')
#25 {main}

Next Illuminate\View\ViewException: syntax error, unexpected token ":", expecting "(" (View: /var/www/html/wp-content/themes/reyjesuspf/resources/views/sections/header.blade.php) (View: /var/www/html/wp-content/themes/reyjesuspf/resources/views/sections/header.blade.php) in /var/www/html/wp-content/cache/acorn/framework/views/027b0c36f4d7b8601abe9b556f9efdec.php:22
Stack trace:
#0 /var/www/html/wp-content/themes/reyjesuspf/vendor/illuminate/view/Engines/PhpEngine.php(59): Illuminate\View\Engines\CompilerEngine->handleViewException(Object(Illuminate\View\ViewException), 1)
#1 /var/www/html/wp-content/themes/reyjesuspf/vendor/illuminate/view/Engines/CompilerEngine.php(74): Illuminate\View\Engines\PhpEngine->evaluatePath('/var/www/html/w...', Array)
#2 /var/www/html/wp-content/themes/reyjesuspf/vendor/illuminate/view/View.php(208): Illuminate\View\Engines\CompilerEngine->get('/var/www/html/w...', Array)
#3 /var/www/html/wp-content/themes/reyjesuspf/vendor/illuminate/view/View.php(191): Illuminate\View\View->getContents()
#4 /var/www/html/wp-content/themes/reyjesuspf/vendor/illuminate/view/View.php(160): Illuminate\View\View->renderContents()
#5 /var/www/html/wp-content/cache/acorn/framework/views/4e85496a1c8783340d210e65441ad863.php(12): Illuminate\View\View->render()
#6 /var/www/html/wp-content/themes/reyjesuspf/vendor/illuminate/filesystem/Filesystem.php(123): require('/var/www/html/w...')
#7 /var/www/html/wp-content/themes/reyjesuspf/vendor/illuminate/filesystem/Filesystem.php(124): Illuminate\Filesystem\Filesystem::Illuminate\Filesystem\{closure}()
#8 /var/www/html/wp-content/themes/reyjesuspf/vendor/illuminate/view/Engines/PhpEngine.php(57): Illuminate\Filesystem\Filesystem->getRequire('/var/www/html/w...', Array)
#9 /var/www/html/wp-content/themes/reyjesuspf/vendor/illuminate/view/Engines/CompilerEngine.php(74): Illuminate\View\Engines\PhpEngine->evaluatePath('/var/www/html/w...', Array)
#10 /var/www/html/wp-content/themes/reyjesuspf/vendor/illuminate/view/View.php(208): Illuminate\View\Engines\CompilerEngine->get('/var/www/html/w...', Array)
#11 /var/www/html/wp-content/themes/reyjesuspf/vendor/illuminate/view/View.php(191): Illuminate\View\View->getContents()
#12 /var/www/html/wp-content/themes/reyjesuspf/vendor/illuminate/view/View.php(160): Illuminate\View\View->renderContents()
#13 /var/www/html/wp-content/themes/reyjesuspf/index.php(3): Illuminate\View\View->render()
#14 /var/www/html/wp-includes/template-loader.php(106): include('/var/www/html/w...')
#15 /var/www/html/wp-blog-header.php(19): require_once('/var/www/html/w...')
#16 /var/www/html/index.php(17): require('/var/www/html/w...')
#17 {main}

Next Illuminate\View\ViewException: syntax error, unexpected token ":", expecting "(" (View: /var/www/html/wp-content/themes/reyjesuspf/resources/views/sections/header.blade.php) (View: /var/www/html/wp-content/themes/reyjesuspf/resources/views/sections/header.blade.php) (View: /var/www/html/wp-content/themes/reyjesuspf/resources/views/sections/header.blade.php) in /var/www/html/wp-content/cache/acorn/framework/views/027b0c36f4d7b8601abe9b556f9efdec.php:22
Stack trace:
#0 /var/www/html/wp-content/themes/reyjesuspf/vendor/illuminate/view/Engines/PhpEngine.php(59): Illuminate\View\Engines\CompilerEngine->handleViewException(Object(Illuminate\View\ViewException), 0)
#1 /var/www/html/wp-content/themes/reyjesuspf/vendor/illuminate/view/Engines/CompilerEngine.php(74): Illuminate\View\Engines\PhpEngine->evaluatePath('/var/www/html/w...', Array)
#2 /var/www/html/wp-content/themes/reyjesuspf/vendor/illuminate/view/View.php(208): Illuminate\View\Engines\CompilerEngine->get('/var/www/html/w...', Array)
#3 /var/www/html/wp-content/themes/reyjesuspf/vendor/illuminate/view/View.php(191): Illuminate\View\View->getContents()
#4 /var/www/html/wp-content/themes/reyjesuspf/vendor/illuminate/view/View.php(160): Illuminate\View\View->renderContents()
#5 /var/www/html/wp-content/themes/reyjesuspf/index.php(3): Illuminate\View\View->render()
#6 /var/www/html/wp-includes/template-loader.php(106): include('/var/www/html/w...')
#7 /var/www/html/wp-blog-header.php(19): require_once('/var/www/html/w...')
#8 /var/www/html/index.php(17): require('/var/www/html/w...')
#9 {main}
  thrown in /var/www/html/wp-content/cache/acorn/framework/views/027b0c36f4d7b8601abe9b556f9efdec.php on line 22
[06-Aug-2025 22:27:59 UTC] PHP Fatal error:  Uncaught ParseError: syntax error, unexpected token ":", expecting "(" in /var/www/html/wp-content/cache/acorn/framework/views/027b0c36f4d7b8601abe9b556f9efdec.php:22
Stack trace:
#0 /var/www/html/wp-content/themes/reyjesuspf/vendor/illuminate/filesystem/Filesystem.php(124): Illuminate\Filesystem\Filesystem::Illuminate\Filesystem\{closure}()
#1 /var/www/html/wp-content/themes/reyjesuspf/vendor/illuminate/view/Engines/PhpEngine.php(57): Illuminate\Filesystem\Filesystem->getRequire('/var/www/html/w...', Array)
#2 /var/www/html/wp-content/themes/reyjesuspf/vendor/illuminate/view/Engines/CompilerEngine.php(74): Illuminate\View\Engines\PhpEngine->evaluatePath('/var/www/html/w...', Array)
#3 /var/www/html/wp-content/themes/reyjesuspf/vendor/illuminate/view/View.php(208): Illuminate\View\Engines\CompilerEngine->get('/var/www/html/w...', Array)
#4 /var/www/html/wp-content/themes/reyjesuspf/vendor/illuminate/view/View.php(191): Illuminate\View\View->getContents()
#5 /var/www/html/wp-content/themes/reyjesuspf/vendor/illuminate/view/View.php(160): Illuminate\View\View->renderContents()
#6 /var/www/html/wp-content/cache/acorn/framework/views/872aeea5bc83526cef78522aea6c4ac7.php(20): Illuminate\View\View->render()
#7 /var/www/html/wp-content/themes/reyjesuspf/vendor/illuminate/filesystem/Filesystem.php(123): require('/var/www/html/w...')
#8 /var/www/html/wp-content/themes/reyjesuspf/vendor/illuminate/filesystem/Filesystem.php(124): Illuminate\Filesystem\Filesystem::Illuminate\Filesystem\{closure}()
#9 /var/www/html/wp-content/themes/reyjesuspf/vendor/illuminate/view/Engines/PhpEngine.php(57): Illuminate\Filesystem\Filesystem->getRequire('/var/www/html/w...', Array)
#10 /var/www/html/wp-content/themes/reyjesuspf/vendor/illuminate/view/Engines/CompilerEngine.php(74): Illuminate\View\Engines\PhpEngine->evaluatePath('/var/www/html/w...', Array)
#11 /var/www/html/wp-content/themes/reyjesuspf/vendor/illuminate/view/View.php(208): Illuminate\View\Engines\CompilerEngine->get('/var/www/html/w...', Array)
#12 /var/www/html/wp-content/themes/reyjesuspf/vendor/illuminate/view/View.php(191): Illuminate\View\View->getContents()
#13 /var/www/html/wp-content/themes/reyjesuspf/vendor/illuminate/view/View.php(160): Illuminate\View\View->renderContents()
#14 /var/www/html/wp-content/cache/acorn/framework/views/4e85496a1c8783340d210e65441ad863.php(12): Illuminate\View\View->render()
#15 /var/www/html/wp-content/themes/reyjesuspf/vendor/illuminate/filesystem/Filesystem.php(123): require('/var/www/html/w...')
#16 /var/www/html/wp-content/themes/reyjesuspf/vendor/illuminate/filesystem/Filesystem.php(124): Illuminate\Filesystem\Filesystem::Illuminate\Filesystem\{closure}()
#17 /var/www/html/wp-content/themes/reyjesuspf/vendor/illuminate/view/Engines/PhpEngine.php(57): Illuminate\Filesystem\Filesystem->getRequire('/var/www/html/w...', Array)
#18 /var/www/html/wp-content/themes/reyjesuspf/vendor/illuminate/view/Engines/CompilerEngine.php(74): Illuminate\View\Engines\PhpEngine->evaluatePath('/var/www/html/w...', Array)
#19 /var/www/html/wp-content/themes/reyjesuspf/vendor/illuminate/view/View.php(208): Illuminate\View\Engines\CompilerEngine->get('/var/www/html/w...', Array)
#20 /var/www/html/wp-content/themes/reyjesuspf/vendor/illuminate/view/View.php(191): Illuminate\View\View->getContents()
#21 /var/www/html/wp-content/themes/reyjesuspf/vendor/illuminate/view/View.php(160): Illuminate\View\View->renderContents()
#22 /var/www/html/wp-content/themes/reyjesuspf/index.php(3): Illuminate\View\View->render()
#23 /var/www/html/wp-includes/template-loader.php(106): include('/var/www/html/w...')
#24 /var/www/html/wp-blog-header.php(19): require_once('/var/www/html/w...')
#25 /var/www/html/index.php(17): require('/var/www/html/w...')
#26 {main}

Next Illuminate\View\ViewException: syntax error, unexpected token ":", expecting "(" (View: /var/www/html/wp-content/themes/reyjesuspf/resources/views/sections/header.blade.php) in /var/www/html/wp-content/cache/acorn/framework/views/027b0c36f4d7b8601abe9b556f9efdec.php:22
Stack trace:
#0 /var/www/html/wp-content/themes/reyjesuspf/vendor/illuminate/view/Engines/PhpEngine.php(59): Illuminate\View\Engines\CompilerEngine->handleViewException(Object(ParseError), 2)
#1 /var/www/html/wp-content/themes/reyjesuspf/vendor/illuminate/view/Engines/CompilerEngine.php(74): Illuminate\View\Engines\PhpEngine->evaluatePath('/var/www/html/w...', Array)
#2 /var/www/html/wp-content/themes/reyjesuspf/vendor/illuminate/view/View.php(208): Illuminate\View\Engines\CompilerEngine->get('/var/www/html/w...', Array)
#3 /var/www/html/wp-content/themes/reyjesuspf/vendor/illuminate/view/View.php(191): Illuminate\View\View->getContents()
#4 /var/www/html/wp-content/themes/reyjesuspf/vendor/illuminate/view/View.php(160): Illuminate\View\View->renderContents()
#5 /var/www/html/wp-content/cache/acorn/framework/views/872aeea5bc83526cef78522aea6c4ac7.php(20): Illuminate\View\View->render()
#6 /var/www/html/wp-content/themes/reyjesuspf/vendor/illuminate/filesystem/Filesystem.php(123): require('/var/www/html/w...')
#7 /var/www/html/wp-content/themes/reyjesuspf/vendor/illuminate/filesystem/Filesystem.php(124): Illuminate\Filesystem\Filesystem::Illuminate\Filesystem\{closure}()
#8 /var/www/html/wp-content/themes/reyjesuspf/vendor/illuminate/view/Engines/PhpEngine.php(57): Illuminate\Filesystem\Filesystem->getRequire('/var/www/html/w...', Array)
#9 /var/www/html/wp-content/themes/reyjesuspf/vendor/illuminate/view/Engines/CompilerEngine.php(74): Illuminate\View\Engines\PhpEngine->evaluatePath('/var/www/html/w...', Array)
#10 /var/www/html/wp-content/themes/reyjesuspf/vendor/illuminate/view/View.php(208): Illuminate\View\Engines\CompilerEngine->get('/var/www/html/w...', Array)
#11 /var/www/html/wp-content/themes/reyjesuspf/vendor/illuminate/view/View.php(191): Illuminate\View\View->getContents()
#12 /var/www/html/wp-content/themes/reyjesuspf/vendor/illuminate/view/View.php(160): Illuminate\View\View->renderContents()
#13 /var/www/html/wp-content/cache/acorn/framework/views/4e85496a1c8783340d210e65441ad863.php(12): Illuminate\View\View->render()
#14 /var/www/html/wp-content/themes/reyjesuspf/vendor/illuminate/filesystem/Filesystem.php(123): require('/var/www/html/w...')
#15 /var/www/html/wp-content/themes/reyjesuspf/vendor/illuminate/filesystem/Filesystem.php(124): Illuminate\Filesystem\Filesystem::Illuminate\Filesystem\{closure}()
#16 /var/www/html/wp-content/themes/reyjesuspf/vendor/illuminate/view/Engines/PhpEngine.php(57): Illuminate\Filesystem\Filesystem->getRequire('/var/www/html/w...', Array)
#17 /var/www/html/wp-content/themes/reyjesuspf/vendor/illuminate/view/Engines/CompilerEngine.php(74): Illuminate\View\Engines\PhpEngine->evaluatePath('/var/www/html/w...', Array)
#18 /var/www/html/wp-content/themes/reyjesuspf/vendor/illuminate/view/View.php(208): Illuminate\View\Engines\CompilerEngine->get('/var/www/html/w...', Array)
#19 /var/www/html/wp-content/themes/reyjesuspf/vendor/illuminate/view/View.php(191): Illuminate\View\View->getContents()
#20 /var/www/html/wp-content/themes/reyjesuspf/vendor/illuminate/view/View.php(160): Illuminate\View\View->renderContents()
#21 /var/www/html/wp-content/themes/reyjesuspf/index.php(3): Illuminate\View\View->render()
#22 /var/www/html/wp-includes/template-loader.php(106): include('/var/www/html/w...')
#23 /var/www/html/wp-blog-header.php(19): require_once('/var/www/html/w...')
#24 /var/www/html/index.php(17): require('/var/www/html/w...')
#25 {main}

Next Illuminate\View\ViewException: syntax error, unexpected token ":", expecting "(" (View: /var/www/html/wp-content/themes/reyjesuspf/resources/views/sections/header.blade.php) (View: /var/www/html/wp-content/themes/reyjesuspf/resources/views/sections/header.blade.php) in /var/www/html/wp-content/cache/acorn/framework/views/027b0c36f4d7b8601abe9b556f9efdec.php:22
Stack trace:
#0 /var/www/html/wp-content/themes/reyjesuspf/vendor/illuminate/view/Engines/PhpEngine.php(59): Illuminate\View\Engines\CompilerEngine->handleViewException(Object(Illuminate\View\ViewException), 1)
#1 /var/www/html/wp-content/themes/reyjesuspf/vendor/illuminate/view/Engines/CompilerEngine.php(74): Illuminate\View\Engines\PhpEngine->evaluatePath('/var/www/html/w...', Array)
#2 /var/www/html/wp-content/themes/reyjesuspf/vendor/illuminate/view/View.php(208): Illuminate\View\Engines\CompilerEngine->get('/var/www/html/w...', Array)
#3 /var/www/html/wp-content/themes/reyjesuspf/vendor/illuminate/view/View.php(191): Illuminate\View\View->getContents()
#4 /var/www/html/wp-content/themes/reyjesuspf/vendor/illuminate/view/View.php(160): Illuminate\View\View->renderContents()
#5 /var/www/html/wp-content/cache/acorn/framework/views/4e85496a1c8783340d210e65441ad863.php(12): Illuminate\View\View->render()
#6 /var/www/html/wp-content/themes/reyjesuspf/vendor/illuminate/filesystem/Filesystem.php(123): require('/var/www/html/w...')
#7 /var/www/html/wp-content/themes/reyjesuspf/vendor/illuminate/filesystem/Filesystem.php(124): Illuminate\Filesystem\Filesystem::Illuminate\Filesystem\{closure}()
#8 /var/www/html/wp-content/themes/reyjesuspf/vendor/illuminate/view/Engines/PhpEngine.php(57): Illuminate\Filesystem\Filesystem->getRequire('/var/www/html/w...', Array)
#9 /var/www/html/wp-content/themes/reyjesuspf/vendor/illuminate/view/Engines/CompilerEngine.php(74): Illuminate\View\Engines\PhpEngine->evaluatePath('/var/www/html/w...', Array)
#10 /var/www/html/wp-content/themes/reyjesuspf/vendor/illuminate/view/View.php(208): Illuminate\View\Engines\CompilerEngine->get('/var/www/html/w...', Array)
#11 /var/www/html/wp-content/themes/reyjesuspf/vendor/illuminate/view/View.php(191): Illuminate\View\View->getContents()
#12 /var/www/html/wp-content/themes/reyjesuspf/vendor/illuminate/view/View.php(160): Illuminate\View\View->renderContents()
#13 /var/www/html/wp-content/themes/reyjesuspf/index.php(3): Illuminate\View\View->render()
#14 /var/www/html/wp-includes/template-loader.php(106): include('/var/www/html/w...')
#15 /var/www/html/wp-blog-header.php(19): require_once('/var/www/html/w...')
#16 /var/www/html/index.php(17): require('/var/www/html/w...')
#17 {main}

Next Illuminate\View\ViewException: syntax error, unexpected token ":", expecting "(" (View: /var/www/html/wp-content/themes/reyjesuspf/resources/views/sections/header.blade.php) (View: /var/www/html/wp-content/themes/reyjesuspf/resources/views/sections/header.blade.php) (View: /var/www/html/wp-content/themes/reyjesuspf/resources/views/sections/header.blade.php) in /var/www/html/wp-content/cache/acorn/framework/views/027b0c36f4d7b8601abe9b556f9efdec.php:22
Stack trace:
#0 /var/www/html/wp-content/themes/reyjesuspf/vendor/illuminate/view/Engines/PhpEngine.php(59): Illuminate\View\Engines\CompilerEngine->handleViewException(Object(Illuminate\View\ViewException), 0)
#1 /var/www/html/wp-content/themes/reyjesuspf/vendor/illuminate/view/Engines/CompilerEngine.php(74): Illuminate\View\Engines\PhpEngine->evaluatePath('/var/www/html/w...', Array)
#2 /var/www/html/wp-content/themes/reyjesuspf/vendor/illuminate/view/View.php(208): Illuminate\View\Engines\CompilerEngine->get('/var/www/html/w...', Array)
#3 /var/www/html/wp-content/themes/reyjesuspf/vendor/illuminate/view/View.php(191): Illuminate\View\View->getContents()
#4 /var/www/html/wp-content/themes/reyjesuspf/vendor/illuminate/view/View.php(160): Illuminate\View\View->renderContents()
#5 /var/www/html/wp-content/themes/reyjesuspf/index.php(3): Illuminate\View\View->render()
#6 /var/www/html/wp-includes/template-loader.php(106): include('/var/www/html/w...')
#7 /var/www/html/wp-blog-header.php(19): require_once('/var/www/html/w...')
#8 /var/www/html/index.php(17): require('/var/www/html/w...')
#9 {main}
  thrown in /var/www/html/wp-content/cache/acorn/framework/views/027b0c36f4d7b8601abe9b556f9efdec.php on line 22
[06-Aug-2025 22:28:04 UTC] PHP Fatal error:  Uncaught ParseError: syntax error, unexpected token ":", expecting "(" in /var/www/html/wp-content/cache/acorn/framework/views/027b0c36f4d7b8601abe9b556f9efdec.php:22
Stack trace:
#0 /var/www/html/wp-content/themes/reyjesuspf/vendor/illuminate/filesystem/Filesystem.php(124): Illuminate\Filesystem\Filesystem::Illuminate\Filesystem\{closure}()
#1 /var/www/html/wp-content/themes/reyjesuspf/vendor/illuminate/view/Engines/PhpEngine.php(57): Illuminate\Filesystem\Filesystem->getRequire('/var/www/html/w...', Array)
#2 /var/www/html/wp-content/themes/reyjesuspf/vendor/illuminate/view/Engines/CompilerEngine.php(74): Illuminate\View\Engines\PhpEngine->evaluatePath('/var/www/html/w...', Array)
#3 /var/www/html/wp-content/themes/reyjesuspf/vendor/illuminate/view/View.php(208): Illuminate\View\Engines\CompilerEngine->get('/var/www/html/w...', Array)
#4 /var/www/html/wp-content/themes/reyjesuspf/vendor/illuminate/view/View.php(191): Illuminate\View\View->getContents()
#5 /var/www/html/wp-content/themes/reyjesuspf/vendor/illuminate/view/View.php(160): Illuminate\View\View->renderContents()
#6 /var/www/html/wp-content/cache/acorn/framework/views/872aeea5bc83526cef78522aea6c4ac7.php(20): Illuminate\View\View->render()
#7 /var/www/html/wp-content/themes/reyjesuspf/vendor/illuminate/filesystem/Filesystem.php(123): require('/var/www/html/w...')
#8 /var/www/html/wp-content/themes/reyjesuspf/vendor/illuminate/filesystem/Filesystem.php(124): Illuminate\Filesystem\Filesystem::Illuminate\Filesystem\{closure}()
#9 /var/www/html/wp-content/themes/reyjesuspf/vendor/illuminate/view/Engines/PhpEngine.php(57): Illuminate\Filesystem\Filesystem->getRequire('/var/www/html/w...', Array)
#10 /var/www/html/wp-content/themes/reyjesuspf/vendor/illuminate/view/Engines/CompilerEngine.php(74): Illuminate\View\Engines\PhpEngine->evaluatePath('/var/www/html/w...', Array)
#11 /var/www/html/wp-content/themes/reyjesuspf/vendor/illuminate/view/View.php(208): Illuminate\View\Engines\CompilerEngine->get('/var/www/html/w...', Array)
#12 /var/www/html/wp-content/themes/reyjesuspf/vendor/illuminate/view/View.php(191): Illuminate\View\View->getContents()
#13 /var/www/html/wp-content/themes/reyjesuspf/vendor/illuminate/view/View.php(160): Illuminate\View\View->renderContents()
#14 /var/www/html/wp-content/cache/acorn/framework/views/4e85496a1c8783340d210e65441ad863.php(12): Illuminate\View\View->render()
#15 /var/www/html/wp-content/themes/reyjesuspf/vendor/illuminate/filesystem/Filesystem.php(123): require('/var/www/html/w...')
#16 /var/www/html/wp-content/themes/reyjesuspf/vendor/illuminate/filesystem/Filesystem.php(124): Illuminate\Filesystem\Filesystem::Illuminate\Filesystem\{closure}()
#17 /var/www/html/wp-content/themes/reyjesuspf/vendor/illuminate/view/Engines/PhpEngine.php(57): Illuminate\Filesystem\Filesystem->getRequire('/var/www/html/w...', Array)
#18 /var/www/html/wp-content/themes/reyjesuspf/vendor/illuminate/view/Engines/CompilerEngine.php(74): Illuminate\View\Engines\PhpEngine->evaluatePath('/var/www/html/w...', Array)
#19 /var/www/html/wp-content/themes/reyjesuspf/vendor/illuminate/view/View.php(208): Illuminate\View\Engines\CompilerEngine->get('/var/www/html/w...', Array)
#20 /var/www/html/wp-content/themes/reyjesuspf/vendor/illuminate/view/View.php(191): Illuminate\View\View->getContents()
#21 /var/www/html/wp-content/themes/reyjesuspf/vendor/illuminate/view/View.php(160): Illuminate\View\View->renderContents()
#22 /var/www/html/wp-content/themes/reyjesuspf/index.php(3): Illuminate\View\View->render()
#23 /var/www/html/wp-includes/template-loader.php(106): include('/var/www/html/w...')
#24 /var/www/html/wp-blog-header.php(19): require_once('/var/www/html/w...')
#25 /var/www/html/index.php(17): require('/var/www/html/w...')
#26 {main}

Next Illuminate\View\ViewException: syntax error, unexpected token ":", expecting "(" (View: /var/www/html/wp-content/themes/reyjesuspf/resources/views/sections/header.blade.php) in /var/www/html/wp-content/cache/acorn/framework/views/027b0c36f4d7b8601abe9b556f9efdec.php:22
Stack trace:
#0 /var/www/html/wp-content/themes/reyjesuspf/vendor/illuminate/view/Engines/PhpEngine.php(59): Illuminate\View\Engines\CompilerEngine->handleViewException(Object(ParseError), 2)
#1 /var/www/html/wp-content/themes/reyjesuspf/vendor/illuminate/view/Engines/CompilerEngine.php(74): Illuminate\View\Engines\PhpEngine->evaluatePath('/var/www/html/w...', Array)
#2 /var/www/html/wp-content/themes/reyjesuspf/vendor/illuminate/view/View.php(208): Illuminate\View\Engines\CompilerEngine->get('/var/www/html/w...', Array)
#3 /var/www/html/wp-content/themes/reyjesuspf/vendor/illuminate/view/View.php(191): Illuminate\View\View->getContents()
#4 /var/www/html/wp-content/themes/reyjesuspf/vendor/illuminate/view/View.php(160): Illuminate\View\View->renderContents()
#5 /var/www/html/wp-content/cache/acorn/framework/views/872aeea5bc83526cef78522aea6c4ac7.php(20): Illuminate\View\View->render()
#6 /var/www/html/wp-content/themes/reyjesuspf/vendor/illuminate/filesystem/Filesystem.php(123): require('/var/www/html/w...')
#7 /var/www/html/wp-content/themes/reyjesuspf/vendor/illuminate/filesystem/Filesystem.php(124): Illuminate\Filesystem\Filesystem::Illuminate\Filesystem\{closure}()
#8 /var/www/html/wp-content/themes/reyjesuspf/vendor/illuminate/view/Engines/PhpEngine.php(57): Illuminate\Filesystem\Filesystem->getRequire('/var/www/html/w...', Array)
#9 /var/www/html/wp-content/themes/reyjesuspf/vendor/illuminate/view/Engines/CompilerEngine.php(74): Illuminate\View\Engines\PhpEngine->evaluatePath('/var/www/html/w...', Array)
#10 /var/www/html/wp-content/themes/reyjesuspf/vendor/illuminate/view/View.php(208): Illuminate\View\Engines\CompilerEngine->get('/var/www/html/w...', Array)
#11 /var/www/html/wp-content/themes/reyjesuspf/vendor/illuminate/view/View.php(191): Illuminate\View\View->getContents()
#12 /var/www/html/wp-content/themes/reyjesuspf/vendor/illuminate/view/View.php(160): Illuminate\View\View->renderContents()
#13 /var/www/html/wp-content/cache/acorn/framework/views/4e85496a1c8783340d210e65441ad863.php(12): Illuminate\View\View->render()
#14 /var/www/html/wp-content/themes/reyjesuspf/vendor/illuminate/filesystem/Filesystem.php(123): require('/var/www/html/w...')
#15 /var/www/html/wp-content/themes/reyjesuspf/vendor/illuminate/filesystem/Filesystem.php(124): Illuminate\Filesystem\Filesystem::Illuminate\Filesystem\{closure}()
#16 /var/www/html/wp-content/themes/reyjesuspf/vendor/illuminate/view/Engines/PhpEngine.php(57): Illuminate\Filesystem\Filesystem->getRequire('/var/www/html/w...', Array)
#17 /var/www/html/wp-content/themes/reyjesuspf/vendor/illuminate/view/Engines/CompilerEngine.php(74): Illuminate\View\Engines\PhpEngine->evaluatePath('/var/www/html/w...', Array)
#18 /var/www/html/wp-content/themes/reyjesuspf/vendor/illuminate/view/View.php(208): Illuminate\View\Engines\CompilerEngine->get('/var/www/html/w...', Array)
#19 /var/www/html/wp-content/themes/reyjesuspf/vendor/illuminate/view/View.php(191): Illuminate\View\View->getContents()
#20 /var/www/html/wp-content/themes/reyjesuspf/vendor/illuminate/view/View.php(160): Illuminate\View\View->renderContents()
#21 /var/www/html/wp-content/themes/reyjesuspf/index.php(3): Illuminate\View\View->render()
#22 /var/www/html/wp-includes/template-loader.php(106): include('/var/www/html/w...')
#23 /var/www/html/wp-blog-header.php(19): require_once('/var/www/html/w...')
#24 /var/www/html/index.php(17): require('/var/www/html/w...')
#25 {main}

Next Illuminate\View\ViewException: syntax error, unexpected token ":", expecting "(" (View: /var/www/html/wp-content/themes/reyjesuspf/resources/views/sections/header.blade.php) (View: /var/www/html/wp-content/themes/reyjesuspf/resources/views/sections/header.blade.php) in /var/www/html/wp-content/cache/acorn/framework/views/027b0c36f4d7b8601abe9b556f9efdec.php:22
Stack trace:
#0 /var/www/html/wp-content/themes/reyjesuspf/vendor/illuminate/view/Engines/PhpEngine.php(59): Illuminate\View\Engines\CompilerEngine->handleViewException(Object(Illuminate\View\ViewException), 1)
#1 /var/www/html/wp-content/themes/reyjesuspf/vendor/illuminate/view/Engines/CompilerEngine.php(74): Illuminate\View\Engines\PhpEngine->evaluatePath('/var/www/html/w...', Array)
#2 /var/www/html/wp-content/themes/reyjesuspf/vendor/illuminate/view/View.php(208): Illuminate\View\Engines\CompilerEngine->get('/var/www/html/w...', Array)
#3 /var/www/html/wp-content/themes/reyjesuspf/vendor/illuminate/view/View.php(191): Illuminate\View\View->getContents()
#4 /var/www/html/wp-content/themes/reyjesuspf/vendor/illuminate/view/View.php(160): Illuminate\View\View->renderContents()
#5 /var/www/html/wp-content/cache/acorn/framework/views/4e85496a1c8783340d210e65441ad863.php(12): Illuminate\View\View->render()
#6 /var/www/html/wp-content/themes/reyjesuspf/vendor/illuminate/filesystem/Filesystem.php(123): require('/var/www/html/w...')
#7 /var/www/html/wp-content/themes/reyjesuspf/vendor/illuminate/filesystem/Filesystem.php(124): Illuminate\Filesystem\Filesystem::Illuminate\Filesystem\{closure}()
#8 /var/www/html/wp-content/themes/reyjesuspf/vendor/illuminate/view/Engines/PhpEngine.php(57): Illuminate\Filesystem\Filesystem->getRequire('/var/www/html/w...', Array)
#9 /var/www/html/wp-content/themes/reyjesuspf/vendor/illuminate/view/Engines/CompilerEngine.php(74): Illuminate\View\Engines\PhpEngine->evaluatePath('/var/www/html/w...', Array)
#10 /var/www/html/wp-content/themes/reyjesuspf/vendor/illuminate/view/View.php(208): Illuminate\View\Engines\CompilerEngine->get('/var/www/html/w...', Array)
#11 /var/www/html/wp-content/themes/reyjesuspf/vendor/illuminate/view/View.php(191): Illuminate\View\View->getContents()
#12 /var/www/html/wp-content/themes/reyjesuspf/vendor/illuminate/view/View.php(160): Illuminate\View\View->renderContents()
#13 /var/www/html/wp-content/themes/reyjesuspf/index.php(3): Illuminate\View\View->render()
#14 /var/www/html/wp-includes/template-loader.php(106): include('/var/www/html/w...')
#15 /var/www/html/wp-blog-header.php(19): require_once('/var/www/html/w...')
#16 /var/www/html/index.php(17): require('/var/www/html/w...')
#17 {main}

Next Illuminate\View\ViewException: syntax error, unexpected token ":", expecting "(" (View: /var/www/html/wp-content/themes/reyjesuspf/resources/views/sections/header.blade.php) (View: /var/www/html/wp-content/themes/reyjesuspf/resources/views/sections/header.blade.php) (View: /var/www/html/wp-content/themes/reyjesuspf/resources/views/sections/header.blade.php) in /var/www/html/wp-content/cache/acorn/framework/views/027b0c36f4d7b8601abe9b556f9efdec.php:22
Stack trace:
#0 /var/www/html/wp-content/themes/reyjesuspf/vendor/illuminate/view/Engines/PhpEngine.php(59): Illuminate\View\Engines\CompilerEngine->handleViewException(Object(Illuminate\View\ViewException), 0)
#1 /var/www/html/wp-content/themes/reyjesuspf/vendor/illuminate/view/Engines/CompilerEngine.php(74): Illuminate\View\Engines\PhpEngine->evaluatePath('/var/www/html/w...', Array)
#2 /var/www/html/wp-content/themes/reyjesuspf/vendor/illuminate/view/View.php(208): Illuminate\View\Engines\CompilerEngine->get('/var/www/html/w...', Array)
#3 /var/www/html/wp-content/themes/reyjesuspf/vendor/illuminate/view/View.php(191): Illuminate\View\View->getContents()
#4 /var/www/html/wp-content/themes/reyjesuspf/vendor/illuminate/view/View.php(160): Illuminate\View\View->renderContents()
#5 /var/www/html/wp-content/themes/reyjesuspf/index.php(3): Illuminate\View\View->render()
#6 /var/www/html/wp-includes/template-loader.php(106): include('/var/www/html/w...')
#7 /var/www/html/wp-blog-header.php(19): require_once('/var/www/html/w...')
#8 /var/www/html/index.php(17): require('/var/www/html/w...')
#9 {main}
  thrown in /var/www/html/wp-content/cache/acorn/framework/views/027b0c36f4d7b8601abe9b556f9efdec.php on line 22
[07-Aug-2025 22:37:22 UTC] PHP Parse error:  syntax error, unexpected token "?" in /var/www/html/wp-content/themes/reyjesuspf/functions.php on line 461
[07-Aug-2025 22:37:22 UTC] PHP Warning:  Trying to access array offset on false in /var/www/html/wp-includes/class-wp-recovery-mode-email-service.php on line 367
[07-Aug-2025 22:37:22 UTC] PHP Warning:  Trying to access array offset on false in /var/www/html/wp-includes/class-wp-recovery-mode-email-service.php on line 368
[07-Aug-2025 23:49:31 UTC] WordPress database error <div style="clear:both">&nbsp;</div>
<div class="queries" style="clear:both;margin-bottom:2px;border:red dotted thin;">
<p>MySQL query:</p>
<p>UPDATE wp_actionscheduler_actions t1 JOIN ( SELECT action_id from wp_actionscheduler_actions WHERE claim_id = 0 AND scheduled_date_gmt <= '2025-08-07 23:49:31' AND status='pending' ORDER BY priority ASC, attempts ASC, scheduled_date_gmt ASC, action_id ASC LIMIT 25 FOR UPDATE ) t2 ON t1.action_id = t2.action_id SET claim_id=3, last_attempt_gmt='2025-08-07 23:49:31', last_attempt_local='2025-08-07 19:49:31'</p>
<p>Queries made or created this session were:</p>
<ol>
<li>Executing: BEGIN | (no parameters)</li>
<li>Executing: UPDATE wp_actionscheduler_actions t1 JOIN ( SELECT action_id from wp_actionscheduler_actions WHERE claim_id = 0 AND scheduled_date_gmt &lt;= :param0  AND status=:param1  ORDER BY priority ASC, attempts ASC, scheduled_date_gmt ASC, action_id ASC LIMIT 25 FOR UPDATE ) t2 ON t1.action_id = t2.action_id SET claim_id=3, last_attempt_gmt=:param2 , last_attempt_local=:param3  | parameters: 2025-08-07 23:49:31, pending, 2025-08-07 23:49:31, 2025-08-07 19:49:31</li>
<li>Executing: ROLLBACK | (no parameters)</li>
</ol>
</div>
<div style="clear:both;margin-bottom:2px;border:red dotted thin;" class="error_message" style="border-bottom:dotted blue thin;">
Error occurred at line 4166 in Function <code>handle_error</code>. Error message was: SQLSTATE[HY000]: General error: 1 near "t1": syntax error.
</div>
<p>Backtrace:</p>
<pre>#0 /var/www/html/wp-content/mu-plugins/sqlite-database-integration/wp-includes/sqlite/class-wp-sqlite-db.php(287): WP_SQLite_Translator->get_error_message()
#1 /var/www/html/wp-content/plugins/wpforms-lite/vendor/woocommerce/action-scheduler/classes/data-stores/ActionScheduler_DBStore.php(1014): WP_SQLite_DB->query('UPDATE wp_actio...')
#2 /var/www/html/wp-content/plugins/wpforms-lite/vendor/woocommerce/action-scheduler/classes/data-stores/ActionScheduler_DBStore.php(861): ActionScheduler_DBStore->claim_actions(3, 25, NULL, '', '')
#3 /var/www/html/wp-content/plugins/wpforms-lite/vendor/woocommerce/action-scheduler/classes/data-stores/ActionScheduler_HybridStore.php(253): ActionScheduler_DBStore->stake_claim(25, NULL, Array, '')
#4 /var/www/html/wp-content/plugins/wpforms-lite/vendor/woocommerce/action-scheduler/classes/ActionScheduler_QueueRunner.php(179): ActionScheduler_HybridStore->stake_claim(25)
#5 /var/www/html/wp-content/plugins/wpforms-lite/vendor/woocommerce/action-scheduler/classes/ActionScheduler_QueueRunner.php(158): ActionScheduler_QueueRunner->do_batch(25, 'WP Cron')
#6 /var/www/html/wp-includes/class-wp-hook.php(324): ActionScheduler_QueueRunner->run('WP Cron')
#7 /var/www/html/wp-includes/class-wp-hook.php(348): WP_Hook->apply_filters('', Array)
#8 /var/www/html/wp-includes/plugin.php(565): WP_Hook->do_action(Array)
#9 /var/www/html/wp-cron.php(191): do_action_ref_array('action_schedule...', Array)
#10 {main}</pre>
 for query UPDATE wp_actionscheduler_actions t1 JOIN ( SELECT action_id from wp_actionscheduler_actions WHERE claim_id = 0 AND scheduled_date_gmt <= '2025-08-07 23:49:31' AND status='pending' ORDER BY priority ASC, attempts ASC, scheduled_date_gmt ASC, action_id ASC LIMIT 25 FOR UPDATE ) t2 ON t1.action_id = t2.action_id SET claim_id=3, last_attempt_gmt='2025-08-07 23:49:31', last_attempt_local='2025-08-07 19:49:31' made by do_action_ref_array('action_scheduler_run_queue'), WP_Hook->do_action, WP_Hook->apply_filters, ActionScheduler_QueueRunner->run, ActionScheduler_QueueRunner->do_batch, ActionScheduler_HybridStore->stake_claim, ActionScheduler_DBStore->stake_claim, ActionScheduler_DBStore->claim_actions, WP_SQLite_DB->query, WP_SQLite_DB->print_error
[07-Aug-2025 23:49:31 UTC] PHP Fatal error:  Uncaught RuntimeException: Unable to claim actions. Database error: <div style="clear:both">&nbsp;</div>
<div class="queries" style="clear:both;margin-bottom:2px;border:red dotted thin;">
<p>MySQL query:</p>
<p>UPDATE wp_actionscheduler_actions t1 JOIN ( SELECT action_id from wp_actionscheduler_actions WHERE claim_id = 0 AND scheduled_date_gmt <= '2025-08-07 23:49:31' AND status='pending' ORDER BY priority ASC, attempts ASC, scheduled_date_gmt ASC, action_id ASC LIMIT 25 FOR UPDATE ) t2 ON t1.action_id = t2.action_id SET claim_id=3, last_attempt_gmt='2025-08-07 23:49:31', last_attempt_local='2025-08-07 19:49:31'</p>
<p>Queries made or created this session were:</p>
<ol>
<li>Executing: BEGIN | (no parameters)</li>
<li>Executing: UPDATE wp_actionscheduler_actions t1 JOIN ( SELECT action_id from wp_actionscheduler_actions WHERE claim_id = 0 AND scheduled_date_gmt &lt;= :param0  AND status=:param1  ORDER BY priority ASC, attempts ASC, scheduled_date_gmt ASC, action_id ASC LIMIT 25 FOR UPDATE ) t2 ON t1.action_id = t2.action_id SET claim_id=3, last_attempt_gmt=:param2 , last_attempt_local=:param3  | parameters: 2025-08-07 23:49:31, pending, 2025-08-07 23:49:31, 2025-08-07 19:49:31</li>
<li>Executing: ROLLBACK | (no parameters)</li>
</ol>
</div>
<div style="clear:both;margin-bottom:2px;border:red dotted thin;" class="error_message" style="border-bottom:dotted blue thin;">
Error occurred at line 4166 in Function <code>handle_error</code>. Error message was: SQLSTATE[HY000]: General error: 1 near "t1": syntax error.
</div>
<p>Backtrace:</p>
<pre>#0 /var/www/html/wp-content/mu-plugins/sqlite-database-integration/wp-includes/sqlite/class-wp-sqlite-db.php(287): WP_SQLite_Translator->get_error_message()
#1 /var/www/html/wp-content/plugins/wpforms-lite/vendor/woocommerce/action-scheduler/classes/data-stores/ActionScheduler_DBStore.php(1014): WP_SQLite_DB->query('UPDATE wp_actio...')
#2 /var/www/html/wp-content/plugins/wpforms-lite/vendor/woocommerce/action-scheduler/classes/data-stores/ActionScheduler_DBStore.php(861): ActionScheduler_DBStore->claim_actions(3, 25, NULL, '', '')
#3 /var/www/html/wp-content/plugins/wpforms-lite/vendor/woocommerce/action-scheduler/classes/data-stores/ActionScheduler_HybridStore.php(253): ActionScheduler_DBStore->stake_claim(25, NULL, Array, '')
#4 /var/www/html/wp-content/plugins/wpforms-lite/vendor/woocommerce/action-scheduler/classes/ActionScheduler_QueueRunner.php(179): ActionScheduler_HybridStore->stake_claim(25)
#5 /var/www/html/wp-content/plugins/wpforms-lite/vendor/woocommerce/action-scheduler/classes/ActionScheduler_QueueRunner.php(158): ActionScheduler_QueueRunner->do_batch(25, 'WP Cron')
#6 /var/www/html/wp-includes/class-wp-hook.php(324): ActionScheduler_QueueRunner->run('WP Cron')
#7 /var/www/html/wp-includes/class-wp-hook.php(348): WP_Hook->apply_filters('', Array)
#8 /var/www/html/wp-includes/plugin.php(565): WP_Hook->do_action(Array)
#9 /var/www/html/wp-cron.php(191): do_action_ref_array('action_schedule...', Array)
#10 {main}</pre>
. in /var/www/html/wp-content/plugins/wpforms-lite/vendor/woocommerce/action-scheduler/classes/data-stores/ActionScheduler_DBStore.php:1019
Stack trace:
#0 /var/www/html/wp-content/plugins/wpforms-lite/vendor/woocommerce/action-scheduler/classes/data-stores/ActionScheduler_DBStore.php(861): ActionScheduler_DBStore->claim_actions(3, 25, NULL, '', '')
#1 /var/www/html/wp-content/plugins/wpforms-lite/vendor/woocommerce/action-scheduler/classes/data-stores/ActionScheduler_HybridStore.php(253): ActionScheduler_DBStore->stake_claim(25, NULL, Array, '')
#2 /var/www/html/wp-content/plugins/wpforms-lite/vendor/woocommerce/action-scheduler/classes/ActionScheduler_QueueRunner.php(179): ActionScheduler_HybridStore->stake_claim(25)
#3 /var/www/html/wp-content/plugins/wpforms-lite/vendor/woocommerce/action-scheduler/classes/ActionScheduler_QueueRunner.php(158): ActionScheduler_QueueRunner->do_batch(25, 'WP Cron')
#4 /var/www/html/wp-includes/class-wp-hook.php(324): ActionScheduler_QueueRunner->run('WP Cron')
#5 /var/www/html/wp-includes/class-wp-hook.php(348): WP_Hook->apply_filters('', Array)
#6 /var/www/html/wp-includes/plugin.php(565): WP_Hook->do_action(Array)
#7 /var/www/html/wp-cron.php(191): do_action_ref_array('action_schedule...', Array)
#8 {main}
  thrown in /var/www/html/wp-content/plugins/wpforms-lite/vendor/woocommerce/action-scheduler/classes/data-stores/ActionScheduler_DBStore.php on line 1019
[07-Aug-2025 23:51:00 UTC] WordPress database error <div style="clear:both">&nbsp;</div>
<div class="queries" style="clear:both;margin-bottom:2px;border:red dotted thin;">
<p>MySQL query:</p>
<p>UPDATE wp_actionscheduler_actions t1 JOIN ( SELECT action_id from wp_actionscheduler_actions WHERE claim_id = 0 AND scheduled_date_gmt <= '2025-08-07 23:51:00' AND status='pending' ORDER BY priority ASC, attempts ASC, scheduled_date_gmt ASC, action_id ASC LIMIT 25 FOR UPDATE ) t2 ON t1.action_id = t2.action_id SET claim_id=4, last_attempt_gmt='2025-08-07 23:51:00', last_attempt_local='2025-08-07 19:51:00'</p>
<p>Queries made or created this session were:</p>
<ol>
<li>Executing: BEGIN | (no parameters)</li>
<li>Executing: UPDATE wp_actionscheduler_actions t1 JOIN ( SELECT action_id from wp_actionscheduler_actions WHERE claim_id = 0 AND scheduled_date_gmt &lt;= :param0  AND status=:param1  ORDER BY priority ASC, attempts ASC, scheduled_date_gmt ASC, action_id ASC LIMIT 25 FOR UPDATE ) t2 ON t1.action_id = t2.action_id SET claim_id=4, last_attempt_gmt=:param2 , last_attempt_local=:param3  | parameters: 2025-08-07 23:51:00, pending, 2025-08-07 23:51:00, 2025-08-07 19:51:00</li>
<li>Executing: ROLLBACK | (no parameters)</li>
</ol>
</div>
<div style="clear:both;margin-bottom:2px;border:red dotted thin;" class="error_message" style="border-bottom:dotted blue thin;">
Error occurred at line 4166 in Function <code>handle_error</code>. Error message was: SQLSTATE[HY000]: General error: 1 near "t1": syntax error.
</div>
<p>Backtrace:</p>
<pre>#0 /var/www/html/wp-content/mu-plugins/sqlite-database-integration/wp-includes/sqlite/class-wp-sqlite-db.php(287): WP_SQLite_Translator->get_error_message()
#1 /var/www/html/wp-content/plugins/wpforms-lite/vendor/woocommerce/action-scheduler/classes/data-stores/ActionScheduler_DBStore.php(1014): WP_SQLite_DB->query('UPDATE wp_actio...')
#2 /var/www/html/wp-content/plugins/wpforms-lite/vendor/woocommerce/action-scheduler/classes/data-stores/ActionScheduler_DBStore.php(861): ActionScheduler_DBStore->claim_actions(4, 25, NULL, '', '')
#3 /var/www/html/wp-content/plugins/wpforms-lite/vendor/woocommerce/action-scheduler/classes/data-stores/ActionScheduler_HybridStore.php(253): ActionScheduler_DBStore->stake_claim(25, NULL, Array, '')
#4 /var/www/html/wp-content/plugins/wpforms-lite/vendor/woocommerce/action-scheduler/classes/ActionScheduler_QueueRunner.php(179): ActionScheduler_HybridStore->stake_claim(25)
#5 /var/www/html/wp-content/plugins/wpforms-lite/vendor/woocommerce/action-scheduler/classes/ActionScheduler_QueueRunner.php(158): ActionScheduler_QueueRunner->do_batch(25, 'WP Cron')
#6 /var/www/html/wp-includes/class-wp-hook.php(324): ActionScheduler_QueueRunner->run('WP Cron')
#7 /var/www/html/wp-includes/class-wp-hook.php(348): WP_Hook->apply_filters('', Array)
#8 /var/www/html/wp-includes/plugin.php(565): WP_Hook->do_action(Array)
#9 /var/www/html/wp-cron.php(191): do_action_ref_array('action_schedule...', Array)
#10 {main}</pre>
 for query UPDATE wp_actionscheduler_actions t1 JOIN ( SELECT action_id from wp_actionscheduler_actions WHERE claim_id = 0 AND scheduled_date_gmt <= '2025-08-07 23:51:00' AND status='pending' ORDER BY priority ASC, attempts ASC, scheduled_date_gmt ASC, action_id ASC LIMIT 25 FOR UPDATE ) t2 ON t1.action_id = t2.action_id SET claim_id=4, last_attempt_gmt='2025-08-07 23:51:00', last_attempt_local='2025-08-07 19:51:00' made by do_action_ref_array('action_scheduler_run_queue'), WP_Hook->do_action, WP_Hook->apply_filters, ActionScheduler_QueueRunner->run, ActionScheduler_QueueRunner->do_batch, ActionScheduler_HybridStore->stake_claim, ActionScheduler_DBStore->stake_claim, ActionScheduler_DBStore->claim_actions, WP_SQLite_DB->query, WP_SQLite_DB->print_error
[07-Aug-2025 23:51:00 UTC] PHP Fatal error:  Uncaught RuntimeException: Unable to claim actions. Database error: <div style="clear:both">&nbsp;</div>
<div class="queries" style="clear:both;margin-bottom:2px;border:red dotted thin;">
<p>MySQL query:</p>
<p>UPDATE wp_actionscheduler_actions t1 JOIN ( SELECT action_id from wp_actionscheduler_actions WHERE claim_id = 0 AND scheduled_date_gmt <= '2025-08-07 23:51:00' AND status='pending' ORDER BY priority ASC, attempts ASC, scheduled_date_gmt ASC, action_id ASC LIMIT 25 FOR UPDATE ) t2 ON t1.action_id = t2.action_id SET claim_id=4, last_attempt_gmt='2025-08-07 23:51:00', last_attempt_local='2025-08-07 19:51:00'</p>
<p>Queries made or created this session were:</p>
<ol>
<li>Executing: BEGIN | (no parameters)</li>
<li>Executing: UPDATE wp_actionscheduler_actions t1 JOIN ( SELECT action_id from wp_actionscheduler_actions WHERE claim_id = 0 AND scheduled_date_gmt &lt;= :param0  AND status=:param1  ORDER BY priority ASC, attempts ASC, scheduled_date_gmt ASC, action_id ASC LIMIT 25 FOR UPDATE ) t2 ON t1.action_id = t2.action_id SET claim_id=4, last_attempt_gmt=:param2 , last_attempt_local=:param3  | parameters: 2025-08-07 23:51:00, pending, 2025-08-07 23:51:00, 2025-08-07 19:51:00</li>
<li>Executing: ROLLBACK | (no parameters)</li>
</ol>
</div>
<div style="clear:both;margin-bottom:2px;border:red dotted thin;" class="error_message" style="border-bottom:dotted blue thin;">
Error occurred at line 4166 in Function <code>handle_error</code>. Error message was: SQLSTATE[HY000]: General error: 1 near "t1": syntax error.
</div>
<p>Backtrace:</p>
<pre>#0 /var/www/html/wp-content/mu-plugins/sqlite-database-integration/wp-includes/sqlite/class-wp-sqlite-db.php(287): WP_SQLite_Translator->get_error_message()
#1 /var/www/html/wp-content/plugins/wpforms-lite/vendor/woocommerce/action-scheduler/classes/data-stores/ActionScheduler_DBStore.php(1014): WP_SQLite_DB->query('UPDATE wp_actio...')
#2 /var/www/html/wp-content/plugins/wpforms-lite/vendor/woocommerce/action-scheduler/classes/data-stores/ActionScheduler_DBStore.php(861): ActionScheduler_DBStore->claim_actions(4, 25, NULL, '', '')
#3 /var/www/html/wp-content/plugins/wpforms-lite/vendor/woocommerce/action-scheduler/classes/data-stores/ActionScheduler_HybridStore.php(253): ActionScheduler_DBStore->stake_claim(25, NULL, Array, '')
#4 /var/www/html/wp-content/plugins/wpforms-lite/vendor/woocommerce/action-scheduler/classes/ActionScheduler_QueueRunner.php(179): ActionScheduler_HybridStore->stake_claim(25)
#5 /var/www/html/wp-content/plugins/wpforms-lite/vendor/woocommerce/action-scheduler/classes/ActionScheduler_QueueRunner.php(158): ActionScheduler_QueueRunner->do_batch(25, 'WP Cron')
#6 /var/www/html/wp-includes/class-wp-hook.php(324): ActionScheduler_QueueRunner->run('WP Cron')
#7 /var/www/html/wp-includes/class-wp-hook.php(348): WP_Hook->apply_filters('', Array)
#8 /var/www/html/wp-includes/plugin.php(565): WP_Hook->do_action(Array)
#9 /var/www/html/wp-cron.php(191): do_action_ref_array('action_schedule...', Array)
#10 {main}</pre>
. in /var/www/html/wp-content/plugins/wpforms-lite/vendor/woocommerce/action-scheduler/classes/data-stores/ActionScheduler_DBStore.php:1019
Stack trace:
#0 /var/www/html/wp-content/plugins/wpforms-lite/vendor/woocommerce/action-scheduler/classes/data-stores/ActionScheduler_DBStore.php(861): ActionScheduler_DBStore->claim_actions(4, 25, NULL, '', '')
#1 /var/www/html/wp-content/plugins/wpforms-lite/vendor/woocommerce/action-scheduler/classes/data-stores/ActionScheduler_HybridStore.php(253): ActionScheduler_DBStore->stake_claim(25, NULL, Array, '')
#2 /var/www/html/wp-content/plugins/wpforms-lite/vendor/woocommerce/action-scheduler/classes/ActionScheduler_QueueRunner.php(179): ActionScheduler_HybridStore->stake_claim(25)
#3 /var/www/html/wp-content/plugins/wpforms-lite/vendor/woocommerce/action-scheduler/classes/ActionScheduler_QueueRunner.php(158): ActionScheduler_QueueRunner->do_batch(25, 'WP Cron')
#4 /var/www/html/wp-includes/class-wp-hook.php(324): ActionScheduler_QueueRunner->run('WP Cron')
#5 /var/www/html/wp-includes/class-wp-hook.php(348): WP_Hook->apply_filters('', Array)
#6 /var/www/html/wp-includes/plugin.php(565): WP_Hook->do_action(Array)
#7 /var/www/html/wp-cron.php(191): do_action_ref_array('action_schedule...', Array)
#8 {main}
  thrown in /var/www/html/wp-content/plugins/wpforms-lite/vendor/woocommerce/action-scheduler/classes/data-stores/ActionScheduler_DBStore.php on line 1019
[07-Aug-2025 23:51:03 UTC] WordPress database error <div style="clear:both">&nbsp;</div>
<div class="queries" style="clear:both;margin-bottom:2px;border:red dotted thin;">
<p>MySQL query:</p>
<p>UPDATE wp_actionscheduler_actions t1 JOIN ( SELECT action_id from wp_actionscheduler_actions WHERE claim_id = 0 AND scheduled_date_gmt <= '2025-08-07 23:51:03' AND status='pending' ORDER BY priority ASC, attempts ASC, scheduled_date_gmt ASC, action_id ASC LIMIT 25 FOR UPDATE ) t2 ON t1.action_id = t2.action_id SET claim_id=5, last_attempt_gmt='2025-08-07 23:51:03', last_attempt_local='2025-08-07 19:51:03'</p>
<p>Queries made or created this session were:</p>
<ol>
<li>Executing: BEGIN | (no parameters)</li>
<li>Executing: UPDATE wp_actionscheduler_actions t1 JOIN ( SELECT action_id from wp_actionscheduler_actions WHERE claim_id = 0 AND scheduled_date_gmt &lt;= :param0  AND status=:param1  ORDER BY priority ASC, attempts ASC, scheduled_date_gmt ASC, action_id ASC LIMIT 25 FOR UPDATE ) t2 ON t1.action_id = t2.action_id SET claim_id=5, last_attempt_gmt=:param2 , last_attempt_local=:param3  | parameters: 2025-08-07 23:51:03, pending, 2025-08-07 23:51:03, 2025-08-07 19:51:03</li>
<li>Executing: ROLLBACK | (no parameters)</li>
</ol>
</div>
<div style="clear:both;margin-bottom:2px;border:red dotted thin;" class="error_message" style="border-bottom:dotted blue thin;">
Error occurred at line 4166 in Function <code>handle_error</code>. Error message was: SQLSTATE[HY000]: General error: 1 near "t1": syntax error.
</div>
<p>Backtrace:</p>
<pre>#0 /var/www/html/wp-content/mu-plugins/sqlite-database-integration/wp-includes/sqlite/class-wp-sqlite-db.php(287): WP_SQLite_Translator->get_error_message()
#1 /var/www/html/wp-content/plugins/wpforms-lite/vendor/woocommerce/action-scheduler/classes/data-stores/ActionScheduler_DBStore.php(1014): WP_SQLite_DB->query('UPDATE wp_actio...')
#2 /var/www/html/wp-content/plugins/wpforms-lite/vendor/woocommerce/action-scheduler/classes/data-stores/ActionScheduler_DBStore.php(861): ActionScheduler_DBStore->claim_actions(5, 25, NULL, '', '')
#3 /var/www/html/wp-content/plugins/wpforms-lite/vendor/woocommerce/action-scheduler/classes/data-stores/ActionScheduler_HybridStore.php(253): ActionScheduler_DBStore->stake_claim(25, NULL, Array, '')
#4 /var/www/html/wp-content/plugins/wpforms-lite/vendor/woocommerce/action-scheduler/classes/ActionScheduler_QueueRunner.php(179): ActionScheduler_HybridStore->stake_claim(25)
#5 /var/www/html/wp-content/plugins/wpforms-lite/vendor/woocommerce/action-scheduler/classes/ActionScheduler_QueueRunner.php(158): ActionScheduler_QueueRunner->do_batch(25, 'Async Request')
#6 /var/www/html/wp-includes/class-wp-hook.php(324): ActionScheduler_QueueRunner->run('Async Request')
#7 /var/www/html/wp-includes/class-wp-hook.php(348): WP_Hook->apply_filters('', Array)
#8 /var/www/html/wp-includes/plugin.php(517): WP_Hook->do_action(Array)
#9 /var/www/html/wp-content/plugins/wpforms-lite/vendor/woocommerce/action-scheduler/classes/ActionScheduler_AsyncRequest_QueueRunner.php(48): do_action('action_schedule...', 'Async Request')
#10 /var/www/html/wp-content/plugins/wpforms-lite/vendor/woocommerce/action-scheduler/lib/WP_Async_Request.php(174): ActionScheduler_AsyncRequest_QueueRunner->handle()
#11 /var/www/html/wp-includes/class-wp-hook.php(324): WP_Async_Request->maybe_handle('')
#12 /var/www/html/wp-includes/class-wp-hook.php(348): WP_Hook->apply_filters('', Array)
#13 /var/www/html/wp-includes/plugin.php(517): WP_Hook->do_action(Array)
#14 /var/www/html/wp-admin/admin-ajax.php(192): do_action('wp_ajax_as_asyn...')
#15 {main}</pre>
 for query UPDATE wp_actionscheduler_actions t1 JOIN ( SELECT action_id from wp_actionscheduler_actions WHERE claim_id = 0 AND scheduled_date_gmt <= '2025-08-07 23:51:03' AND status='pending' ORDER BY priority ASC, attempts ASC, scheduled_date_gmt ASC, action_id ASC LIMIT 25 FOR UPDATE ) t2 ON t1.action_id = t2.action_id SET claim_id=5, last_attempt_gmt='2025-08-07 23:51:03', last_attempt_local='2025-08-07 19:51:03' made by do_action('wp_ajax_as_async_request_queue_runner'), WP_Hook->do_action, WP_Hook->apply_filters, WP_Async_Request->maybe_handle, ActionScheduler_AsyncRequest_QueueRunner->handle, do_action('action_scheduler_run_queue'), WP_Hook->do_action, WP_Hook->apply_filters, ActionScheduler_QueueRunner->run, ActionScheduler_QueueRunner->do_batch, ActionScheduler_HybridStore->stake_claim, ActionScheduler_DBStore->stake_claim, ActionScheduler_DBStore->claim_actions, WP_SQLite_DB->query, WP_SQLite_DB->print_error
[07-Aug-2025 23:51:03 UTC] PHP Fatal error:  Uncaught RuntimeException: Unable to claim actions. Database error: <div style="clear:both">&nbsp;</div>
<div class="queries" style="clear:both;margin-bottom:2px;border:red dotted thin;">
<p>MySQL query:</p>
<p>UPDATE wp_actionscheduler_actions t1 JOIN ( SELECT action_id from wp_actionscheduler_actions WHERE claim_id = 0 AND scheduled_date_gmt <= '2025-08-07 23:51:03' AND status='pending' ORDER BY priority ASC, attempts ASC, scheduled_date_gmt ASC, action_id ASC LIMIT 25 FOR UPDATE ) t2 ON t1.action_id = t2.action_id SET claim_id=5, last_attempt_gmt='2025-08-07 23:51:03', last_attempt_local='2025-08-07 19:51:03'</p>
<p>Queries made or created this session were:</p>
<ol>
<li>Executing: BEGIN | (no parameters)</li>
<li>Executing: UPDATE wp_actionscheduler_actions t1 JOIN ( SELECT action_id from wp_actionscheduler_actions WHERE claim_id = 0 AND scheduled_date_gmt &lt;= :param0  AND status=:param1  ORDER BY priority ASC, attempts ASC, scheduled_date_gmt ASC, action_id ASC LIMIT 25 FOR UPDATE ) t2 ON t1.action_id = t2.action_id SET claim_id=5, last_attempt_gmt=:param2 , last_attempt_local=:param3  | parameters: 2025-08-07 23:51:03, pending, 2025-08-07 23:51:03, 2025-08-07 19:51:03</li>
<li>Executing: ROLLBACK | (no parameters)</li>
</ol>
</div>
<div style="clear:both;margin-bottom:2px;border:red dotted thin;" class="error_message" style="border-bottom:dotted blue thin;">
Error occurred at line 4166 in Function <code>handle_error</code>. Error message was: SQLSTATE[HY000]: General error: 1 near "t1": syntax error.
</div>
<p>Backtrace:</p>
<pre>#0 /var/www/html/wp-content/mu-plugins/sqlite-database-integration/wp-includes/sqlite/class-wp-sqlite-db.php(287): WP_SQLite_Translator->get_error_message()
#1 /var/www/html/wp-content/plugins/wpforms-lite/vendor/woocommerce/action-scheduler/classes/data-stores/ActionScheduler_DBStore.php(1014): WP_SQLite_DB->query('UPDATE wp_actio...')
#2 /var/www/html/wp-content/plugins/wpforms-lite/vendor/woocommerce/action-scheduler/classes/data-stores/ActionScheduler_DBStore.php(861): ActionScheduler_DBStore->claim_actions(5, 25, NULL, '', '')
#3 /var/www/html/wp-content/plugins/wpforms-lite/vendor/woocommerce/action-scheduler/classes/data-stores/ActionScheduler_HybridStore.php(253): ActionScheduler_DBStore->stake_claim(25, NULL, Array, '')
#4 /var/www/html/wp-content/plugins/wpforms-lite/vendor/woocommerce/action-scheduler/classes/ActionScheduler_QueueRunner.php(179): ActionScheduler_HybridStore->stake_claim(25)
#5 /var/www/html/wp-content/plugins/wpforms-lite/vendor/woocommerce/action-scheduler/classes/ActionScheduler_QueueRunner.php(158): ActionScheduler_QueueRunner->do_batch(25, 'Async Request')
#6 /var/www/html/wp-includes/class-wp-hook.php(324): ActionScheduler_QueueRunner->run('Async Request')
#7 /var/www/html/wp-includes/class-wp-hook.php(348): WP_Hook->apply_filters('', Array)
#8 /var/www/html/wp-includes/plugin.php(517): WP_Hook->do_action(Array)
#9 /var/www/html/wp-content/plugins/wpforms-lite/vendor/woocommerce/action-scheduler/classes/ActionScheduler_AsyncRequest_QueueRunner.php(48): do_action('action_schedule...', 'Async Request')
#10 /var/www/html/wp-content/plugins/wpforms-lite/vendor/woocommerce/action-scheduler/lib/WP_Async_Request.php(174): ActionScheduler_AsyncRequest_QueueRunner->handle()
#11 /var/www/html/wp-includes/class-wp-hook.php(324): WP_Async_Request->maybe_handle('')
#12 /var/www/html/wp-includes/class-wp-hook.php(348): WP_Hook->apply_filters('', Array)
#13 /var/www/html/wp-includes/plugin.php(517): WP_Hook->do_action(Array)
#14 /var/www/html/wp-admin/admin-ajax.php(192): do_action('wp_ajax_as_asyn...')
#15 {main}</pre>
. in /var/www/html/wp-content/plugins/wpforms-lite/vendor/woocommerce/action-scheduler/classes/data-stores/ActionScheduler_DBStore.php:1019
Stack trace:
#0 /var/www/html/wp-content/plugins/wpforms-lite/vendor/woocommerce/action-scheduler/classes/data-stores/ActionScheduler_DBStore.php(861): ActionScheduler_DBStore->claim_actions(5, 25, NULL, '', '')
#1 /var/www/html/wp-content/plugins/wpforms-lite/vendor/woocommerce/action-scheduler/classes/data-stores/ActionScheduler_HybridStore.php(253): ActionScheduler_DBStore->stake_claim(25, NULL, Array, '')
#2 /var/www/html/wp-content/plugins/wpforms-lite/vendor/woocommerce/action-scheduler/classes/ActionScheduler_QueueRunner.php(179): ActionScheduler_HybridStore->stake_claim(25)
#3 /var/www/html/wp-content/plugins/wpforms-lite/vendor/woocommerce/action-scheduler/classes/ActionScheduler_QueueRunner.php(158): ActionScheduler_QueueRunner->do_batch(25, 'Async Request')
#4 /var/www/html/wp-includes/class-wp-hook.php(324): ActionScheduler_QueueRunner->run('Async Request')
#5 /var/www/html/wp-includes/class-wp-hook.php(348): WP_Hook->apply_filters('', Array)
#6 /var/www/html/wp-includes/plugin.php(517): WP_Hook->do_action(Array)
#7 /var/www/html/wp-content/plugins/wpforms-lite/vendor/woocommerce/action-scheduler/classes/ActionScheduler_AsyncRequest_QueueRunner.php(48): do_action('action_schedule...', 'Async Request')
#8 /var/www/html/wp-content/plugins/wpforms-lite/vendor/woocommerce/action-scheduler/lib/WP_Async_Request.php(174): ActionScheduler_AsyncRequest_QueueRunner->handle()
#9 /var/www/html/wp-includes/class-wp-hook.php(324): WP_Async_Request->maybe_handle('')
#10 /var/www/html/wp-includes/class-wp-hook.php(348): WP_Hook->apply_filters('', Array)
#11 /var/www/html/wp-includes/plugin.php(517): WP_Hook->do_action(Array)
#12 /var/www/html/wp-admin/admin-ajax.php(192): do_action('wp_ajax_as_asyn...')
#13 {main}
  thrown in /var/www/html/wp-content/plugins/wpforms-lite/vendor/woocommerce/action-scheduler/classes/data-stores/ActionScheduler_DBStore.php on line 1019
[07-Aug-2025 23:52:12 UTC] WordPress database error <div style="clear:both">&nbsp;</div>
<div class="queries" style="clear:both;margin-bottom:2px;border:red dotted thin;">
<p>MySQL query:</p>
<p>UPDATE wp_actionscheduler_actions t1 JOIN ( SELECT action_id from wp_actionscheduler_actions WHERE claim_id = 0 AND scheduled_date_gmt <= '2025-08-07 23:52:12' AND status='pending' ORDER BY priority ASC, attempts ASC, scheduled_date_gmt ASC, action_id ASC LIMIT 25 FOR UPDATE ) t2 ON t1.action_id = t2.action_id SET claim_id=6, last_attempt_gmt='2025-08-07 23:52:12', last_attempt_local='2025-08-07 19:52:12'</p>
<p>Queries made or created this session were:</p>
<ol>
<li>Executing: BEGIN | (no parameters)</li>
<li>Executing: UPDATE wp_actionscheduler_actions t1 JOIN ( SELECT action_id from wp_actionscheduler_actions WHERE claim_id = 0 AND scheduled_date_gmt &lt;= :param0  AND status=:param1  ORDER BY priority ASC, attempts ASC, scheduled_date_gmt ASC, action_id ASC LIMIT 25 FOR UPDATE ) t2 ON t1.action_id = t2.action_id SET claim_id=6, last_attempt_gmt=:param2 , last_attempt_local=:param3  | parameters: 2025-08-07 23:52:12, pending, 2025-08-07 23:52:12, 2025-08-07 19:52:12</li>
<li>Executing: ROLLBACK | (no parameters)</li>
</ol>
</div>
<div style="clear:both;margin-bottom:2px;border:red dotted thin;" class="error_message" style="border-bottom:dotted blue thin;">
Error occurred at line 4166 in Function <code>handle_error</code>. Error message was: SQLSTATE[HY000]: General error: 1 near "t1": syntax error.
</div>
<p>Backtrace:</p>
<pre>#0 /var/www/html/wp-content/mu-plugins/sqlite-database-integration/wp-includes/sqlite/class-wp-sqlite-db.php(287): WP_SQLite_Translator->get_error_message()
#1 /var/www/html/wp-content/plugins/wpforms-lite/vendor/woocommerce/action-scheduler/classes/data-stores/ActionScheduler_DBStore.php(1014): WP_SQLite_DB->query('UPDATE wp_actio...')
#2 /var/www/html/wp-content/plugins/wpforms-lite/vendor/woocommerce/action-scheduler/classes/data-stores/ActionScheduler_DBStore.php(861): ActionScheduler_DBStore->claim_actions(6, 25, NULL, '', '')
#3 /var/www/html/wp-content/plugins/wpforms-lite/vendor/woocommerce/action-scheduler/classes/data-stores/ActionScheduler_HybridStore.php(253): ActionScheduler_DBStore->stake_claim(25, NULL, Array, '')
#4 /var/www/html/wp-content/plugins/wpforms-lite/vendor/woocommerce/action-scheduler/classes/ActionScheduler_QueueRunner.php(179): ActionScheduler_HybridStore->stake_claim(25)
#5 /var/www/html/wp-content/plugins/wpforms-lite/vendor/woocommerce/action-scheduler/classes/ActionScheduler_QueueRunner.php(158): ActionScheduler_QueueRunner->do_batch(25, 'WP Cron')
#6 /var/www/html/wp-includes/class-wp-hook.php(324): ActionScheduler_QueueRunner->run('WP Cron')
#7 /var/www/html/wp-includes/class-wp-hook.php(348): WP_Hook->apply_filters('', Array)
#8 /var/www/html/wp-includes/plugin.php(565): WP_Hook->do_action(Array)
#9 /var/www/html/wp-cron.php(191): do_action_ref_array('action_schedule...', Array)
#10 {main}</pre>
 for query UPDATE wp_actionscheduler_actions t1 JOIN ( SELECT action_id from wp_actionscheduler_actions WHERE claim_id = 0 AND scheduled_date_gmt <= '2025-08-07 23:52:12' AND status='pending' ORDER BY priority ASC, attempts ASC, scheduled_date_gmt ASC, action_id ASC LIMIT 25 FOR UPDATE ) t2 ON t1.action_id = t2.action_id SET claim_id=6, last_attempt_gmt='2025-08-07 23:52:12', last_attempt_local='2025-08-07 19:52:12' made by do_action_ref_array('action_scheduler_run_queue'), WP_Hook->do_action, WP_Hook->apply_filters, ActionScheduler_QueueRunner->run, ActionScheduler_QueueRunner->do_batch, ActionScheduler_HybridStore->stake_claim, ActionScheduler_DBStore->stake_claim, ActionScheduler_DBStore->claim_actions, WP_SQLite_DB->query, WP_SQLite_DB->print_error
[07-Aug-2025 23:52:12 UTC] PHP Fatal error:  Uncaught RuntimeException: Unable to claim actions. Database error: <div style="clear:both">&nbsp;</div>
<div class="queries" style="clear:both;margin-bottom:2px;border:red dotted thin;">
<p>MySQL query:</p>
<p>UPDATE wp_actionscheduler_actions t1 JOIN ( SELECT action_id from wp_actionscheduler_actions WHERE claim_id = 0 AND scheduled_date_gmt <= '2025-08-07 23:52:12' AND status='pending' ORDER BY priority ASC, attempts ASC, scheduled_date_gmt ASC, action_id ASC LIMIT 25 FOR UPDATE ) t2 ON t1.action_id = t2.action_id SET claim_id=6, last_attempt_gmt='2025-08-07 23:52:12', last_attempt_local='2025-08-07 19:52:12'</p>
<p>Queries made or created this session were:</p>
<ol>
<li>Executing: BEGIN | (no parameters)</li>
<li>Executing: UPDATE wp_actionscheduler_actions t1 JOIN ( SELECT action_id from wp_actionscheduler_actions WHERE claim_id = 0 AND scheduled_date_gmt &lt;= :param0  AND status=:param1  ORDER BY priority ASC, attempts ASC, scheduled_date_gmt ASC, action_id ASC LIMIT 25 FOR UPDATE ) t2 ON t1.action_id = t2.action_id SET claim_id=6, last_attempt_gmt=:param2 , last_attempt_local=:param3  | parameters: 2025-08-07 23:52:12, pending, 2025-08-07 23:52:12, 2025-08-07 19:52:12</li>
<li>Executing: ROLLBACK | (no parameters)</li>
</ol>
</div>
<div style="clear:both;margin-bottom:2px;border:red dotted thin;" class="error_message" style="border-bottom:dotted blue thin;">
Error occurred at line 4166 in Function <code>handle_error</code>. Error message was: SQLSTATE[HY000]: General error: 1 near "t1": syntax error.
</div>
<p>Backtrace:</p>
<pre>#0 /var/www/html/wp-content/mu-plugins/sqlite-database-integration/wp-includes/sqlite/class-wp-sqlite-db.php(287): WP_SQLite_Translator->get_error_message()
#1 /var/www/html/wp-content/plugins/wpforms-lite/vendor/woocommerce/action-scheduler/classes/data-stores/ActionScheduler_DBStore.php(1014): WP_SQLite_DB->query('UPDATE wp_actio...')
#2 /var/www/html/wp-content/plugins/wpforms-lite/vendor/woocommerce/action-scheduler/classes/data-stores/ActionScheduler_DBStore.php(861): ActionScheduler_DBStore->claim_actions(6, 25, NULL, '', '')
#3 /var/www/html/wp-content/plugins/wpforms-lite/vendor/woocommerce/action-scheduler/classes/data-stores/ActionScheduler_HybridStore.php(253): ActionScheduler_DBStore->stake_claim(25, NULL, Array, '')
#4 /var/www/html/wp-content/plugins/wpforms-lite/vendor/woocommerce/action-scheduler/classes/ActionScheduler_QueueRunner.php(179): ActionScheduler_HybridStore->stake_claim(25)
#5 /var/www/html/wp-content/plugins/wpforms-lite/vendor/woocommerce/action-scheduler/classes/ActionScheduler_QueueRunner.php(158): ActionScheduler_QueueRunner->do_batch(25, 'WP Cron')
#6 /var/www/html/wp-includes/class-wp-hook.php(324): ActionScheduler_QueueRunner->run('WP Cron')
#7 /var/www/html/wp-includes/class-wp-hook.php(348): WP_Hook->apply_filters('', Array)
#8 /var/www/html/wp-includes/plugin.php(565): WP_Hook->do_action(Array)
#9 /var/www/html/wp-cron.php(191): do_action_ref_array('action_schedule...', Array)
#10 {main}</pre>
. in /var/www/html/wp-content/plugins/wpforms-lite/vendor/woocommerce/action-scheduler/classes/data-stores/ActionScheduler_DBStore.php:1019
Stack trace:
#0 /var/www/html/wp-content/plugins/wpforms-lite/vendor/woocommerce/action-scheduler/classes/data-stores/ActionScheduler_DBStore.php(861): ActionScheduler_DBStore->claim_actions(6, 25, NULL, '', '')
#1 /var/www/html/wp-content/plugins/wpforms-lite/vendor/woocommerce/action-scheduler/classes/data-stores/ActionScheduler_HybridStore.php(253): ActionScheduler_DBStore->stake_claim(25, NULL, Array, '')
#2 /var/www/html/wp-content/plugins/wpforms-lite/vendor/woocommerce/action-scheduler/classes/ActionScheduler_QueueRunner.php(179): ActionScheduler_HybridStore->stake_claim(25)
#3 /var/www/html/wp-content/plugins/wpforms-lite/vendor/woocommerce/action-scheduler/classes/ActionScheduler_QueueRunner.php(158): ActionScheduler_QueueRunner->do_batch(25, 'WP Cron')
#4 /var/www/html/wp-includes/class-wp-hook.php(324): ActionScheduler_QueueRunner->run('WP Cron')
#5 /var/www/html/wp-includes/class-wp-hook.php(348): WP_Hook->apply_filters('', Array)
#6 /var/www/html/wp-includes/plugin.php(565): WP_Hook->do_action(Array)
#7 /var/www/html/wp-cron.php(191): do_action_ref_array('action_schedule...', Array)
#8 {main}
  thrown in /var/www/html/wp-content/plugins/wpforms-lite/vendor/woocommerce/action-scheduler/classes/data-stores/ActionScheduler_DBStore.php on line 1019
[07-Aug-2025 23:52:13 UTC] WordPress database error <div style="clear:both">&nbsp;</div>
<div class="queries" style="clear:both;margin-bottom:2px;border:red dotted thin;">
<p>MySQL query:</p>
<p>UPDATE wp_actionscheduler_actions t1 JOIN ( SELECT action_id from wp_actionscheduler_actions WHERE claim_id = 0 AND scheduled_date_gmt <= '2025-08-07 23:52:13' AND status='pending' ORDER BY priority ASC, attempts ASC, scheduled_date_gmt ASC, action_id ASC LIMIT 25 FOR UPDATE ) t2 ON t1.action_id = t2.action_id SET claim_id=7, last_attempt_gmt='2025-08-07 23:52:13', last_attempt_local='2025-08-07 19:52:13'</p>
<p>Queries made or created this session were:</p>
<ol>
<li>Executing: BEGIN | (no parameters)</li>
<li>Executing: UPDATE wp_actionscheduler_actions t1 JOIN ( SELECT action_id from wp_actionscheduler_actions WHERE claim_id = 0 AND scheduled_date_gmt &lt;= :param0  AND status=:param1  ORDER BY priority ASC, attempts ASC, scheduled_date_gmt ASC, action_id ASC LIMIT 25 FOR UPDATE ) t2 ON t1.action_id = t2.action_id SET claim_id=7, last_attempt_gmt=:param2 , last_attempt_local=:param3  | parameters: 2025-08-07 23:52:13, pending, 2025-08-07 23:52:13, 2025-08-07 19:52:13</li>
<li>Executing: ROLLBACK | (no parameters)</li>
</ol>
</div>
<div style="clear:both;margin-bottom:2px;border:red dotted thin;" class="error_message" style="border-bottom:dotted blue thin;">
Error occurred at line 4166 in Function <code>handle_error</code>. Error message was: SQLSTATE[HY000]: General error: 1 near "t1": syntax error.
</div>
<p>Backtrace:</p>
<pre>#0 /var/www/html/wp-content/mu-plugins/sqlite-database-integration/wp-includes/sqlite/class-wp-sqlite-db.php(287): WP_SQLite_Translator->get_error_message()
#1 /var/www/html/wp-content/plugins/wpforms-lite/vendor/woocommerce/action-scheduler/classes/data-stores/ActionScheduler_DBStore.php(1014): WP_SQLite_DB->query('UPDATE wp_actio...')
#2 /var/www/html/wp-content/plugins/wpforms-lite/vendor/woocommerce/action-scheduler/classes/data-stores/ActionScheduler_DBStore.php(861): ActionScheduler_DBStore->claim_actions(7, 25, NULL, '', '')
#3 /var/www/html/wp-content/plugins/wpforms-lite/vendor/woocommerce/action-scheduler/classes/data-stores/ActionScheduler_HybridStore.php(253): ActionScheduler_DBStore->stake_claim(25, NULL, Array, '')
#4 /var/www/html/wp-content/plugins/wpforms-lite/vendor/woocommerce/action-scheduler/classes/ActionScheduler_QueueRunner.php(179): ActionScheduler_HybridStore->stake_claim(25)
#5 /var/www/html/wp-content/plugins/wpforms-lite/vendor/woocommerce/action-scheduler/classes/ActionScheduler_QueueRunner.php(158): ActionScheduler_QueueRunner->do_batch(25, 'Async Request')
#6 /var/www/html/wp-includes/class-wp-hook.php(324): ActionScheduler_QueueRunner->run('Async Request')
#7 /var/www/html/wp-includes/class-wp-hook.php(348): WP_Hook->apply_filters('', Array)
#8 /var/www/html/wp-includes/plugin.php(517): WP_Hook->do_action(Array)
#9 /var/www/html/wp-content/plugins/wpforms-lite/vendor/woocommerce/action-scheduler/classes/ActionScheduler_AsyncRequest_QueueRunner.php(48): do_action('action_schedule...', 'Async Request')
#10 /var/www/html/wp-content/plugins/wpforms-lite/vendor/woocommerce/action-scheduler/lib/WP_Async_Request.php(174): ActionScheduler_AsyncRequest_QueueRunner->handle()
#11 /var/www/html/wp-includes/class-wp-hook.php(324): WP_Async_Request->maybe_handle('')
#12 /var/www/html/wp-includes/class-wp-hook.php(348): WP_Hook->apply_filters('', Array)
#13 /var/www/html/wp-includes/plugin.php(517): WP_Hook->do_action(Array)
#14 /var/www/html/wp-admin/admin-ajax.php(192): do_action('wp_ajax_as_asyn...')
#15 {main}</pre>
 for query UPDATE wp_actionscheduler_actions t1 JOIN ( SELECT action_id from wp_actionscheduler_actions WHERE claim_id = 0 AND scheduled_date_gmt <= '2025-08-07 23:52:13' AND status='pending' ORDER BY priority ASC, attempts ASC, scheduled_date_gmt ASC, action_id ASC LIMIT 25 FOR UPDATE ) t2 ON t1.action_id = t2.action_id SET claim_id=7, last_attempt_gmt='2025-08-07 23:52:13', last_attempt_local='2025-08-07 19:52:13' made by do_action('wp_ajax_as_async_request_queue_runner'), WP_Hook->do_action, WP_Hook->apply_filters, WP_Async_Request->maybe_handle, ActionScheduler_AsyncRequest_QueueRunner->handle, do_action('action_scheduler_run_queue'), WP_Hook->do_action, WP_Hook->apply_filters, ActionScheduler_QueueRunner->run, ActionScheduler_QueueRunner->do_batch, ActionScheduler_HybridStore->stake_claim, ActionScheduler_DBStore->stake_claim, ActionScheduler_DBStore->claim_actions, WP_SQLite_DB->query, WP_SQLite_DB->print_error
[07-Aug-2025 23:52:13 UTC] PHP Fatal error:  Uncaught RuntimeException: Unable to claim actions. Database error: <div style="clear:both">&nbsp;</div>
<div class="queries" style="clear:both;margin-bottom:2px;border:red dotted thin;">
<p>MySQL query:</p>
<p>UPDATE wp_actionscheduler_actions t1 JOIN ( SELECT action_id from wp_actionscheduler_actions WHERE claim_id = 0 AND scheduled_date_gmt <= '2025-08-07 23:52:13' AND status='pending' ORDER BY priority ASC, attempts ASC, scheduled_date_gmt ASC, action_id ASC LIMIT 25 FOR UPDATE ) t2 ON t1.action_id = t2.action_id SET claim_id=7, last_attempt_gmt='2025-08-07 23:52:13', last_attempt_local='2025-08-07 19:52:13'</p>
<p>Queries made or created this session were:</p>
<ol>
<li>Executing: BEGIN | (no parameters)</li>
<li>Executing: UPDATE wp_actionscheduler_actions t1 JOIN ( SELECT action_id from wp_actionscheduler_actions WHERE claim_id = 0 AND scheduled_date_gmt &lt;= :param0  AND status=:param1  ORDER BY priority ASC, attempts ASC, scheduled_date_gmt ASC, action_id ASC LIMIT 25 FOR UPDATE ) t2 ON t1.action_id = t2.action_id SET claim_id=7, last_attempt_gmt=:param2 , last_attempt_local=:param3  | parameters: 2025-08-07 23:52:13, pending, 2025-08-07 23:52:13, 2025-08-07 19:52:13</li>
<li>Executing: ROLLBACK | (no parameters)</li>
</ol>
</div>
<div style="clear:both;margin-bottom:2px;border:red dotted thin;" class="error_message" style="border-bottom:dotted blue thin;">
Error occurred at line 4166 in Function <code>handle_error</code>. Error message was: SQLSTATE[HY000]: General error: 1 near "t1": syntax error.
</div>
<p>Backtrace:</p>
<pre>#0 /var/www/html/wp-content/mu-plugins/sqlite-database-integration/wp-includes/sqlite/class-wp-sqlite-db.php(287): WP_SQLite_Translator->get_error_message()
#1 /var/www/html/wp-content/plugins/wpforms-lite/vendor/woocommerce/action-scheduler/classes/data-stores/ActionScheduler_DBStore.php(1014): WP_SQLite_DB->query('UPDATE wp_actio...')
#2 /var/www/html/wp-content/plugins/wpforms-lite/vendor/woocommerce/action-scheduler/classes/data-stores/ActionScheduler_DBStore.php(861): ActionScheduler_DBStore->claim_actions(7, 25, NULL, '', '')
#3 /var/www/html/wp-content/plugins/wpforms-lite/vendor/woocommerce/action-scheduler/classes/data-stores/ActionScheduler_HybridStore.php(253): ActionScheduler_DBStore->stake_claim(25, NULL, Array, '')
#4 /var/www/html/wp-content/plugins/wpforms-lite/vendor/woocommerce/action-scheduler/classes/ActionScheduler_QueueRunner.php(179): ActionScheduler_HybridStore->stake_claim(25)
#5 /var/www/html/wp-content/plugins/wpforms-lite/vendor/woocommerce/action-scheduler/classes/ActionScheduler_QueueRunner.php(158): ActionScheduler_QueueRunner->do_batch(25, 'Async Request')
#6 /var/www/html/wp-includes/class-wp-hook.php(324): ActionScheduler_QueueRunner->run('Async Request')
#7 /var/www/html/wp-includes/class-wp-hook.php(348): WP_Hook->apply_filters('', Array)
#8 /var/www/html/wp-includes/plugin.php(517): WP_Hook->do_action(Array)
#9 /var/www/html/wp-content/plugins/wpforms-lite/vendor/woocommerce/action-scheduler/classes/ActionScheduler_AsyncRequest_QueueRunner.php(48): do_action('action_schedule...', 'Async Request')
#10 /var/www/html/wp-content/plugins/wpforms-lite/vendor/woocommerce/action-scheduler/lib/WP_Async_Request.php(174): ActionScheduler_AsyncRequest_QueueRunner->handle()
#11 /var/www/html/wp-includes/class-wp-hook.php(324): WP_Async_Request->maybe_handle('')
#12 /var/www/html/wp-includes/class-wp-hook.php(348): WP_Hook->apply_filters('', Array)
#13 /var/www/html/wp-includes/plugin.php(517): WP_Hook->do_action(Array)
#14 /var/www/html/wp-admin/admin-ajax.php(192): do_action('wp_ajax_as_asyn...')
#15 {main}</pre>
. in /var/www/html/wp-content/plugins/wpforms-lite/vendor/woocommerce/action-scheduler/classes/data-stores/ActionScheduler_DBStore.php:1019
Stack trace:
#0 /var/www/html/wp-content/plugins/wpforms-lite/vendor/woocommerce/action-scheduler/classes/data-stores/ActionScheduler_DBStore.php(861): ActionScheduler_DBStore->claim_actions(7, 25, NULL, '', '')
#1 /var/www/html/wp-content/plugins/wpforms-lite/vendor/woocommerce/action-scheduler/classes/data-stores/ActionScheduler_HybridStore.php(253): ActionScheduler_DBStore->stake_claim(25, NULL, Array, '')
#2 /var/www/html/wp-content/plugins/wpforms-lite/vendor/woocommerce/action-scheduler/classes/ActionScheduler_QueueRunner.php(179): ActionScheduler_HybridStore->stake_claim(25)
#3 /var/www/html/wp-content/plugins/wpforms-lite/vendor/woocommerce/action-scheduler/classes/ActionScheduler_QueueRunner.php(158): ActionScheduler_QueueRunner->do_batch(25, 'Async Request')
#4 /var/www/html/wp-includes/class-wp-hook.php(324): ActionScheduler_QueueRunner->run('Async Request')
#5 /var/www/html/wp-includes/class-wp-hook.php(348): WP_Hook->apply_filters('', Array)
#6 /var/www/html/wp-includes/plugin.php(517): WP_Hook->do_action(Array)
#7 /var/www/html/wp-content/plugins/wpforms-lite/vendor/woocommerce/action-scheduler/classes/ActionScheduler_AsyncRequest_QueueRunner.php(48): do_action('action_schedule...', 'Async Request')
#8 /var/www/html/wp-content/plugins/wpforms-lite/vendor/woocommerce/action-scheduler/lib/WP_Async_Request.php(174): ActionScheduler_AsyncRequest_QueueRunner->handle()
#9 /var/www/html/wp-includes/class-wp-hook.php(324): WP_Async_Request->maybe_handle('')
#10 /var/www/html/wp-includes/class-wp-hook.php(348): WP_Hook->apply_filters('', Array)
#11 /var/www/html/wp-includes/plugin.php(517): WP_Hook->do_action(Array)
#12 /var/www/html/wp-admin/admin-ajax.php(192): do_action('wp_ajax_as_asyn...')
#13 {main}
  thrown in /var/www/html/wp-content/plugins/wpforms-lite/vendor/woocommerce/action-scheduler/classes/data-stores/ActionScheduler_DBStore.php on line 1019
[07-Aug-2025 23:53:53 UTC] WordPress database error <div style="clear:both">&nbsp;</div>
<div class="queries" style="clear:both;margin-bottom:2px;border:red dotted thin;">
<p>MySQL query:</p>
<p>UPDATE wp_actionscheduler_actions t1 JOIN ( SELECT action_id from wp_actionscheduler_actions WHERE claim_id = 0 AND scheduled_date_gmt <= '2025-08-07 23:53:53' AND status='pending' ORDER BY priority ASC, attempts ASC, scheduled_date_gmt ASC, action_id ASC LIMIT 25 FOR UPDATE ) t2 ON t1.action_id = t2.action_id SET claim_id=8, last_attempt_gmt='2025-08-07 23:53:53', last_attempt_local='2025-08-07 19:53:53'</p>
<p>Queries made or created this session were:</p>
<ol>
<li>Executing: BEGIN | (no parameters)</li>
<li>Executing: UPDATE wp_actionscheduler_actions t1 JOIN ( SELECT action_id from wp_actionscheduler_actions WHERE claim_id = 0 AND scheduled_date_gmt &lt;= :param0  AND status=:param1  ORDER BY priority ASC, attempts ASC, scheduled_date_gmt ASC, action_id ASC LIMIT 25 FOR UPDATE ) t2 ON t1.action_id = t2.action_id SET claim_id=8, last_attempt_gmt=:param2 , last_attempt_local=:param3  | parameters: 2025-08-07 23:53:53, pending, 2025-08-07 23:53:53, 2025-08-07 19:53:53</li>
<li>Executing: ROLLBACK | (no parameters)</li>
</ol>
</div>
<div style="clear:both;margin-bottom:2px;border:red dotted thin;" class="error_message" style="border-bottom:dotted blue thin;">
Error occurred at line 4166 in Function <code>handle_error</code>. Error message was: SQLSTATE[HY000]: General error: 1 near "t1": syntax error.
</div>
<p>Backtrace:</p>
<pre>#0 /var/www/html/wp-content/mu-plugins/sqlite-database-integration/wp-includes/sqlite/class-wp-sqlite-db.php(287): WP_SQLite_Translator->get_error_message()
#1 /var/www/html/wp-content/plugins/wpforms-lite/vendor/woocommerce/action-scheduler/classes/data-stores/ActionScheduler_DBStore.php(1014): WP_SQLite_DB->query('UPDATE wp_actio...')
#2 /var/www/html/wp-content/plugins/wpforms-lite/vendor/woocommerce/action-scheduler/classes/data-stores/ActionScheduler_DBStore.php(861): ActionScheduler_DBStore->claim_actions(8, 25, NULL, '', '')
#3 /var/www/html/wp-content/plugins/wpforms-lite/vendor/woocommerce/action-scheduler/classes/data-stores/ActionScheduler_HybridStore.php(253): ActionScheduler_DBStore->stake_claim(25, NULL, Array, '')
#4 /var/www/html/wp-content/plugins/wpforms-lite/vendor/woocommerce/action-scheduler/classes/ActionScheduler_QueueRunner.php(179): ActionScheduler_HybridStore->stake_claim(25)
#5 /var/www/html/wp-content/plugins/wpforms-lite/vendor/woocommerce/action-scheduler/classes/ActionScheduler_QueueRunner.php(158): ActionScheduler_QueueRunner->do_batch(25, 'WP Cron')
#6 /var/www/html/wp-includes/class-wp-hook.php(324): ActionScheduler_QueueRunner->run('WP Cron')
#7 /var/www/html/wp-includes/class-wp-hook.php(348): WP_Hook->apply_filters('', Array)
#8 /var/www/html/wp-includes/plugin.php(565): WP_Hook->do_action(Array)
#9 /var/www/html/wp-cron.php(191): do_action_ref_array('action_schedule...', Array)
#10 {main}</pre>
 for query UPDATE wp_actionscheduler_actions t1 JOIN ( SELECT action_id from wp_actionscheduler_actions WHERE claim_id = 0 AND scheduled_date_gmt <= '2025-08-07 23:53:53' AND status='pending' ORDER BY priority ASC, attempts ASC, scheduled_date_gmt ASC, action_id ASC LIMIT 25 FOR UPDATE ) t2 ON t1.action_id = t2.action_id SET claim_id=8, last_attempt_gmt='2025-08-07 23:53:53', last_attempt_local='2025-08-07 19:53:53' made by do_action_ref_array('action_scheduler_run_queue'), WP_Hook->do_action, WP_Hook->apply_filters, ActionScheduler_QueueRunner->run, ActionScheduler_QueueRunner->do_batch, ActionScheduler_HybridStore->stake_claim, ActionScheduler_DBStore->stake_claim, ActionScheduler_DBStore->claim_actions, WP_SQLite_DB->query, WP_SQLite_DB->print_error
[07-Aug-2025 23:53:53 UTC] PHP Fatal error:  Uncaught RuntimeException: Unable to claim actions. Database error: <div style="clear:both">&nbsp;</div>
<div class="queries" style="clear:both;margin-bottom:2px;border:red dotted thin;">
<p>MySQL query:</p>
<p>UPDATE wp_actionscheduler_actions t1 JOIN ( SELECT action_id from wp_actionscheduler_actions WHERE claim_id = 0 AND scheduled_date_gmt <= '2025-08-07 23:53:53' AND status='pending' ORDER BY priority ASC, attempts ASC, scheduled_date_gmt ASC, action_id ASC LIMIT 25 FOR UPDATE ) t2 ON t1.action_id = t2.action_id SET claim_id=8, last_attempt_gmt='2025-08-07 23:53:53', last_attempt_local='2025-08-07 19:53:53'</p>
<p>Queries made or created this session were:</p>
<ol>
<li>Executing: BEGIN | (no parameters)</li>
<li>Executing: UPDATE wp_actionscheduler_actions t1 JOIN ( SELECT action_id from wp_actionscheduler_actions WHERE claim_id = 0 AND scheduled_date_gmt &lt;= :param0  AND status=:param1  ORDER BY priority ASC, attempts ASC, scheduled_date_gmt ASC, action_id ASC LIMIT 25 FOR UPDATE ) t2 ON t1.action_id = t2.action_id SET claim_id=8, last_attempt_gmt=:param2 , last_attempt_local=:param3  | parameters: 2025-08-07 23:53:53, pending, 2025-08-07 23:53:53, 2025-08-07 19:53:53</li>
<li>Executing: ROLLBACK | (no parameters)</li>
</ol>
</div>
<div style="clear:both;margin-bottom:2px;border:red dotted thin;" class="error_message" style="border-bottom:dotted blue thin;">
Error occurred at line 4166 in Function <code>handle_error</code>. Error message was: SQLSTATE[HY000]: General error: 1 near "t1": syntax error.
</div>
<p>Backtrace:</p>
<pre>#0 /var/www/html/wp-content/mu-plugins/sqlite-database-integration/wp-includes/sqlite/class-wp-sqlite-db.php(287): WP_SQLite_Translator->get_error_message()
#1 /var/www/html/wp-content/plugins/wpforms-lite/vendor/woocommerce/action-scheduler/classes/data-stores/ActionScheduler_DBStore.php(1014): WP_SQLite_DB->query('UPDATE wp_actio...')
#2 /var/www/html/wp-content/plugins/wpforms-lite/vendor/woocommerce/action-scheduler/classes/data-stores/ActionScheduler_DBStore.php(861): ActionScheduler_DBStore->claim_actions(8, 25, NULL, '', '')
#3 /var/www/html/wp-content/plugins/wpforms-lite/vendor/woocommerce/action-scheduler/classes/data-stores/ActionScheduler_HybridStore.php(253): ActionScheduler_DBStore->stake_claim(25, NULL, Array, '')
#4 /var/www/html/wp-content/plugins/wpforms-lite/vendor/woocommerce/action-scheduler/classes/ActionScheduler_QueueRunner.php(179): ActionScheduler_HybridStore->stake_claim(25)
#5 /var/www/html/wp-content/plugins/wpforms-lite/vendor/woocommerce/action-scheduler/classes/ActionScheduler_QueueRunner.php(158): ActionScheduler_QueueRunner->do_batch(25, 'WP Cron')
#6 /var/www/html/wp-includes/class-wp-hook.php(324): ActionScheduler_QueueRunner->run('WP Cron')
#7 /var/www/html/wp-includes/class-wp-hook.php(348): WP_Hook->apply_filters('', Array)
#8 /var/www/html/wp-includes/plugin.php(565): WP_Hook->do_action(Array)
#9 /var/www/html/wp-cron.php(191): do_action_ref_array('action_schedule...', Array)
#10 {main}</pre>
. in /var/www/html/wp-content/plugins/wpforms-lite/vendor/woocommerce/action-scheduler/classes/data-stores/ActionScheduler_DBStore.php:1019
Stack trace:
#0 /var/www/html/wp-content/plugins/wpforms-lite/vendor/woocommerce/action-scheduler/classes/data-stores/ActionScheduler_DBStore.php(861): ActionScheduler_DBStore->claim_actions(8, 25, NULL, '', '')
#1 /var/www/html/wp-content/plugins/wpforms-lite/vendor/woocommerce/action-scheduler/classes/data-stores/ActionScheduler_HybridStore.php(253): ActionScheduler_DBStore->stake_claim(25, NULL, Array, '')
#2 /var/www/html/wp-content/plugins/wpforms-lite/vendor/woocommerce/action-scheduler/classes/ActionScheduler_QueueRunner.php(179): ActionScheduler_HybridStore->stake_claim(25)
#3 /var/www/html/wp-content/plugins/wpforms-lite/vendor/woocommerce/action-scheduler/classes/ActionScheduler_QueueRunner.php(158): ActionScheduler_QueueRunner->do_batch(25, 'WP Cron')
#4 /var/www/html/wp-includes/class-wp-hook.php(324): ActionScheduler_QueueRunner->run('WP Cron')
#5 /var/www/html/wp-includes/class-wp-hook.php(348): WP_Hook->apply_filters('', Array)
#6 /var/www/html/wp-includes/plugin.php(565): WP_Hook->do_action(Array)
#7 /var/www/html/wp-cron.php(191): do_action_ref_array('action_schedule...', Array)
#8 {main}
  thrown in /var/www/html/wp-content/plugins/wpforms-lite/vendor/woocommerce/action-scheduler/classes/data-stores/ActionScheduler_DBStore.php on line 1019
[07-Aug-2025 23:53:54 UTC] WordPress database error <div style="clear:both">&nbsp;</div>
<div class="queries" style="clear:both;margin-bottom:2px;border:red dotted thin;">
<p>MySQL query:</p>
<p>UPDATE wp_actionscheduler_actions t1 JOIN ( SELECT action_id from wp_actionscheduler_actions WHERE claim_id = 0 AND scheduled_date_gmt <= '2025-08-07 23:53:54' AND status='pending' ORDER BY priority ASC, attempts ASC, scheduled_date_gmt ASC, action_id ASC LIMIT 25 FOR UPDATE ) t2 ON t1.action_id = t2.action_id SET claim_id=9, last_attempt_gmt='2025-08-07 23:53:54', last_attempt_local='2025-08-07 19:53:54'</p>
<p>Queries made or created this session were:</p>
<ol>
<li>Executing: BEGIN | (no parameters)</li>
<li>Executing: UPDATE wp_actionscheduler_actions t1 JOIN ( SELECT action_id from wp_actionscheduler_actions WHERE claim_id = 0 AND scheduled_date_gmt &lt;= :param0  AND status=:param1  ORDER BY priority ASC, attempts ASC, scheduled_date_gmt ASC, action_id ASC LIMIT 25 FOR UPDATE ) t2 ON t1.action_id = t2.action_id SET claim_id=9, last_attempt_gmt=:param2 , last_attempt_local=:param3  | parameters: 2025-08-07 23:53:54, pending, 2025-08-07 23:53:54, 2025-08-07 19:53:54</li>
<li>Executing: ROLLBACK | (no parameters)</li>
</ol>
</div>
<div style="clear:both;margin-bottom:2px;border:red dotted thin;" class="error_message" style="border-bottom:dotted blue thin;">
Error occurred at line 4166 in Function <code>handle_error</code>. Error message was: SQLSTATE[HY000]: General error: 1 near "t1": syntax error.
</div>
<p>Backtrace:</p>
<pre>#0 /var/www/html/wp-content/mu-plugins/sqlite-database-integration/wp-includes/sqlite/class-wp-sqlite-db.php(287): WP_SQLite_Translator->get_error_message()
#1 /var/www/html/wp-content/plugins/wpforms-lite/vendor/woocommerce/action-scheduler/classes/data-stores/ActionScheduler_DBStore.php(1014): WP_SQLite_DB->query('UPDATE wp_actio...')
#2 /var/www/html/wp-content/plugins/wpforms-lite/vendor/woocommerce/action-scheduler/classes/data-stores/ActionScheduler_DBStore.php(861): ActionScheduler_DBStore->claim_actions(9, 25, NULL, '', '')
#3 /var/www/html/wp-content/plugins/wpforms-lite/vendor/woocommerce/action-scheduler/classes/data-stores/ActionScheduler_HybridStore.php(253): ActionScheduler_DBStore->stake_claim(25, NULL, Array, '')
#4 /var/www/html/wp-content/plugins/wpforms-lite/vendor/woocommerce/action-scheduler/classes/ActionScheduler_QueueRunner.php(179): ActionScheduler_HybridStore->stake_claim(25)
#5 /var/www/html/wp-content/plugins/wpforms-lite/vendor/woocommerce/action-scheduler/classes/ActionScheduler_QueueRunner.php(158): ActionScheduler_QueueRunner->do_batch(25, 'Async Request')
#6 /var/www/html/wp-includes/class-wp-hook.php(324): ActionScheduler_QueueRunner->run('Async Request')
#7 /var/www/html/wp-includes/class-wp-hook.php(348): WP_Hook->apply_filters('', Array)
#8 /var/www/html/wp-includes/plugin.php(517): WP_Hook->do_action(Array)
#9 /var/www/html/wp-content/plugins/wpforms-lite/vendor/woocommerce/action-scheduler/classes/ActionScheduler_AsyncRequest_QueueRunner.php(48): do_action('action_schedule...', 'Async Request')
#10 /var/www/html/wp-content/plugins/wpforms-lite/vendor/woocommerce/action-scheduler/lib/WP_Async_Request.php(174): ActionScheduler_AsyncRequest_QueueRunner->handle()
#11 /var/www/html/wp-includes/class-wp-hook.php(324): WP_Async_Request->maybe_handle('')
#12 /var/www/html/wp-includes/class-wp-hook.php(348): WP_Hook->apply_filters('', Array)
#13 /var/www/html/wp-includes/plugin.php(517): WP_Hook->do_action(Array)
#14 /var/www/html/wp-admin/admin-ajax.php(192): do_action('wp_ajax_as_asyn...')
#15 {main}</pre>
 for query UPDATE wp_actionscheduler_actions t1 JOIN ( SELECT action_id from wp_actionscheduler_actions WHERE claim_id = 0 AND scheduled_date_gmt <= '2025-08-07 23:53:54' AND status='pending' ORDER BY priority ASC, attempts ASC, scheduled_date_gmt ASC, action_id ASC LIMIT 25 FOR UPDATE ) t2 ON t1.action_id = t2.action_id SET claim_id=9, last_attempt_gmt='2025-08-07 23:53:54', last_attempt_local='2025-08-07 19:53:54' made by do_action('wp_ajax_as_async_request_queue_runner'), WP_Hook->do_action, WP_Hook->apply_filters, WP_Async_Request->maybe_handle, ActionScheduler_AsyncRequest_QueueRunner->handle, do_action('action_scheduler_run_queue'), WP_Hook->do_action, WP_Hook->apply_filters, ActionScheduler_QueueRunner->run, ActionScheduler_QueueRunner->do_batch, ActionScheduler_HybridStore->stake_claim, ActionScheduler_DBStore->stake_claim, ActionScheduler_DBStore->claim_actions, WP_SQLite_DB->query, WP_SQLite_DB->print_error
[07-Aug-2025 23:53:54 UTC] PHP Fatal error:  Uncaught RuntimeException: Unable to claim actions. Database error: <div style="clear:both">&nbsp;</div>
<div class="queries" style="clear:both;margin-bottom:2px;border:red dotted thin;">
<p>MySQL query:</p>
<p>UPDATE wp_actionscheduler_actions t1 JOIN ( SELECT action_id from wp_actionscheduler_actions WHERE claim_id = 0 AND scheduled_date_gmt <= '2025-08-07 23:53:54' AND status='pending' ORDER BY priority ASC, attempts ASC, scheduled_date_gmt ASC, action_id ASC LIMIT 25 FOR UPDATE ) t2 ON t1.action_id = t2.action_id SET claim_id=9, last_attempt_gmt='2025-08-07 23:53:54', last_attempt_local='2025-08-07 19:53:54'</p>
<p>Queries made or created this session were:</p>
<ol>
<li>Executing: BEGIN | (no parameters)</li>
<li>Executing: UPDATE wp_actionscheduler_actions t1 JOIN ( SELECT action_id from wp_actionscheduler_actions WHERE claim_id = 0 AND scheduled_date_gmt &lt;= :param0  AND status=:param1  ORDER BY priority ASC, attempts ASC, scheduled_date_gmt ASC, action_id ASC LIMIT 25 FOR UPDATE ) t2 ON t1.action_id = t2.action_id SET claim_id=9, last_attempt_gmt=:param2 , last_attempt_local=:param3  | parameters: 2025-08-07 23:53:54, pending, 2025-08-07 23:53:54, 2025-08-07 19:53:54</li>
<li>Executing: ROLLBACK | (no parameters)</li>
</ol>
</div>
<div style="clear:both;margin-bottom:2px;border:red dotted thin;" class="error_message" style="border-bottom:dotted blue thin;">
Error occurred at line 4166 in Function <code>handle_error</code>. Error message was: SQLSTATE[HY000]: General error: 1 near "t1": syntax error.
</div>
<p>Backtrace:</p>
<pre>#0 /var/www/html/wp-content/mu-plugins/sqlite-database-integration/wp-includes/sqlite/class-wp-sqlite-db.php(287): WP_SQLite_Translator->get_error_message()
#1 /var/www/html/wp-content/plugins/wpforms-lite/vendor/woocommerce/action-scheduler/classes/data-stores/ActionScheduler_DBStore.php(1014): WP_SQLite_DB->query('UPDATE wp_actio...')
#2 /var/www/html/wp-content/plugins/wpforms-lite/vendor/woocommerce/action-scheduler/classes/data-stores/ActionScheduler_DBStore.php(861): ActionScheduler_DBStore->claim_actions(9, 25, NULL, '', '')
#3 /var/www/html/wp-content/plugins/wpforms-lite/vendor/woocommerce/action-scheduler/classes/data-stores/ActionScheduler_HybridStore.php(253): ActionScheduler_DBStore->stake_claim(25, NULL, Array, '')
#4 /var/www/html/wp-content/plugins/wpforms-lite/vendor/woocommerce/action-scheduler/classes/ActionScheduler_QueueRunner.php(179): ActionScheduler_HybridStore->stake_claim(25)
#5 /var/www/html/wp-content/plugins/wpforms-lite/vendor/woocommerce/action-scheduler/classes/ActionScheduler_QueueRunner.php(158): ActionScheduler_QueueRunner->do_batch(25, 'Async Request')
#6 /var/www/html/wp-includes/class-wp-hook.php(324): ActionScheduler_QueueRunner->run('Async Request')
#7 /var/www/html/wp-includes/class-wp-hook.php(348): WP_Hook->apply_filters('', Array)
#8 /var/www/html/wp-includes/plugin.php(517): WP_Hook->do_action(Array)
#9 /var/www/html/wp-content/plugins/wpforms-lite/vendor/woocommerce/action-scheduler/classes/ActionScheduler_AsyncRequest_QueueRunner.php(48): do_action('action_schedule...', 'Async Request')
#10 /var/www/html/wp-content/plugins/wpforms-lite/vendor/woocommerce/action-scheduler/lib/WP_Async_Request.php(174): ActionScheduler_AsyncRequest_QueueRunner->handle()
#11 /var/www/html/wp-includes/class-wp-hook.php(324): WP_Async_Request->maybe_handle('')
#12 /var/www/html/wp-includes/class-wp-hook.php(348): WP_Hook->apply_filters('', Array)
#13 /var/www/html/wp-includes/plugin.php(517): WP_Hook->do_action(Array)
#14 /var/www/html/wp-admin/admin-ajax.php(192): do_action('wp_ajax_as_asyn...')
#15 {main}</pre>
. in /var/www/html/wp-content/plugins/wpforms-lite/vendor/woocommerce/action-scheduler/classes/data-stores/ActionScheduler_DBStore.php:1019
Stack trace:
#0 /var/www/html/wp-content/plugins/wpforms-lite/vendor/woocommerce/action-scheduler/classes/data-stores/ActionScheduler_DBStore.php(861): ActionScheduler_DBStore->claim_actions(9, 25, NULL, '', '')
#1 /var/www/html/wp-content/plugins/wpforms-lite/vendor/woocommerce/action-scheduler/classes/data-stores/ActionScheduler_HybridStore.php(253): ActionScheduler_DBStore->stake_claim(25, NULL, Array, '')
#2 /var/www/html/wp-content/plugins/wpforms-lite/vendor/woocommerce/action-scheduler/classes/ActionScheduler_QueueRunner.php(179): ActionScheduler_HybridStore->stake_claim(25)
#3 /var/www/html/wp-content/plugins/wpforms-lite/vendor/woocommerce/action-scheduler/classes/ActionScheduler_QueueRunner.php(158): ActionScheduler_QueueRunner->do_batch(25, 'Async Request')
#4 /var/www/html/wp-includes/class-wp-hook.php(324): ActionScheduler_QueueRunner->run('Async Request')
#5 /var/www/html/wp-includes/class-wp-hook.php(348): WP_Hook->apply_filters('', Array)
#6 /var/www/html/wp-includes/plugin.php(517): WP_Hook->do_action(Array)
#7 /var/www/html/wp-content/plugins/wpforms-lite/vendor/woocommerce/action-scheduler/classes/ActionScheduler_AsyncRequest_QueueRunner.php(48): do_action('action_schedule...', 'Async Request')
#8 /var/www/html/wp-content/plugins/wpforms-lite/vendor/woocommerce/action-scheduler/lib/WP_Async_Request.php(174): ActionScheduler_AsyncRequest_QueueRunner->handle()
#9 /var/www/html/wp-includes/class-wp-hook.php(324): WP_Async_Request->maybe_handle('')
#10 /var/www/html/wp-includes/class-wp-hook.php(348): WP_Hook->apply_filters('', Array)
#11 /var/www/html/wp-includes/plugin.php(517): WP_Hook->do_action(Array)
#12 /var/www/html/wp-admin/admin-ajax.php(192): do_action('wp_ajax_as_asyn...')
#13 {main}
  thrown in /var/www/html/wp-content/plugins/wpforms-lite/vendor/woocommerce/action-scheduler/classes/data-stores/ActionScheduler_DBStore.php on line 1019
[07-Aug-2025 23:55:09 UTC] WordPress database error <div style="clear:both">&nbsp;</div>
<div class="queries" style="clear:both;margin-bottom:2px;border:red dotted thin;">
<p>MySQL query:</p>
<p>UPDATE wp_actionscheduler_actions t1 JOIN ( SELECT action_id from wp_actionscheduler_actions WHERE claim_id = 0 AND scheduled_date_gmt <= '2025-08-07 23:55:09' AND status='pending' ORDER BY priority ASC, attempts ASC, scheduled_date_gmt ASC, action_id ASC LIMIT 25 FOR UPDATE ) t2 ON t1.action_id = t2.action_id SET claim_id=10, last_attempt_gmt='2025-08-07 23:55:09', last_attempt_local='2025-08-07 19:55:09'</p>
<p>Queries made or created this session were:</p>
<ol>
<li>Executing: BEGIN | (no parameters)</li>
<li>Executing: UPDATE wp_actionscheduler_actions t1 JOIN ( SELECT action_id from wp_actionscheduler_actions WHERE claim_id = 0 AND scheduled_date_gmt &lt;= :param0  AND status=:param1  ORDER BY priority ASC, attempts ASC, scheduled_date_gmt ASC, action_id ASC LIMIT 25 FOR UPDATE ) t2 ON t1.action_id = t2.action_id SET claim_id=10, last_attempt_gmt=:param2 , last_attempt_local=:param3  | parameters: 2025-08-07 23:55:09, pending, 2025-08-07 23:55:09, 2025-08-07 19:55:09</li>
<li>Executing: ROLLBACK | (no parameters)</li>
</ol>
</div>
<div style="clear:both;margin-bottom:2px;border:red dotted thin;" class="error_message" style="border-bottom:dotted blue thin;">
Error occurred at line 4166 in Function <code>handle_error</code>. Error message was: SQLSTATE[HY000]: General error: 1 near "t1": syntax error.
</div>
<p>Backtrace:</p>
<pre>#0 /var/www/html/wp-content/mu-plugins/sqlite-database-integration/wp-includes/sqlite/class-wp-sqlite-db.php(287): WP_SQLite_Translator->get_error_message()
#1 /var/www/html/wp-content/plugins/wpforms-lite/vendor/woocommerce/action-scheduler/classes/data-stores/ActionScheduler_DBStore.php(1014): WP_SQLite_DB->query('UPDATE wp_actio...')
#2 /var/www/html/wp-content/plugins/wpforms-lite/vendor/woocommerce/action-scheduler/classes/data-stores/ActionScheduler_DBStore.php(861): ActionScheduler_DBStore->claim_actions(10, 25, NULL, '', '')
#3 /var/www/html/wp-content/plugins/wpforms-lite/vendor/woocommerce/action-scheduler/classes/data-stores/ActionScheduler_HybridStore.php(253): ActionScheduler_DBStore->stake_claim(25, NULL, Array, '')
#4 /var/www/html/wp-content/plugins/wpforms-lite/vendor/woocommerce/action-scheduler/classes/ActionScheduler_QueueRunner.php(179): ActionScheduler_HybridStore->stake_claim(25)
#5 /var/www/html/wp-content/plugins/wpforms-lite/vendor/woocommerce/action-scheduler/classes/ActionScheduler_QueueRunner.php(158): ActionScheduler_QueueRunner->do_batch(25, 'WP Cron')
#6 /var/www/html/wp-includes/class-wp-hook.php(324): ActionScheduler_QueueRunner->run('WP Cron')
#7 /var/www/html/wp-includes/class-wp-hook.php(348): WP_Hook->apply_filters('', Array)
#8 /var/www/html/wp-includes/plugin.php(565): WP_Hook->do_action(Array)
#9 /var/www/html/wp-cron.php(191): do_action_ref_array('action_schedule...', Array)
#10 {main}</pre>
 for query UPDATE wp_actionscheduler_actions t1 JOIN ( SELECT action_id from wp_actionscheduler_actions WHERE claim_id = 0 AND scheduled_date_gmt <= '2025-08-07 23:55:09' AND status='pending' ORDER BY priority ASC, attempts ASC, scheduled_date_gmt ASC, action_id ASC LIMIT 25 FOR UPDATE ) t2 ON t1.action_id = t2.action_id SET claim_id=10, last_attempt_gmt='2025-08-07 23:55:09', last_attempt_local='2025-08-07 19:55:09' made by do_action_ref_array('action_scheduler_run_queue'), WP_Hook->do_action, WP_Hook->apply_filters, ActionScheduler_QueueRunner->run, ActionScheduler_QueueRunner->do_batch, ActionScheduler_HybridStore->stake_claim, ActionScheduler_DBStore->stake_claim, ActionScheduler_DBStore->claim_actions, WP_SQLite_DB->query, WP_SQLite_DB->print_error
[07-Aug-2025 23:55:09 UTC] PHP Fatal error:  Uncaught RuntimeException: Unable to claim actions. Database error: <div style="clear:both">&nbsp;</div>
<div class="queries" style="clear:both;margin-bottom:2px;border:red dotted thin;">
<p>MySQL query:</p>
<p>UPDATE wp_actionscheduler_actions t1 JOIN ( SELECT action_id from wp_actionscheduler_actions WHERE claim_id = 0 AND scheduled_date_gmt <= '2025-08-07 23:55:09' AND status='pending' ORDER BY priority ASC, attempts ASC, scheduled_date_gmt ASC, action_id ASC LIMIT 25 FOR UPDATE ) t2 ON t1.action_id = t2.action_id SET claim_id=10, last_attempt_gmt='2025-08-07 23:55:09', last_attempt_local='2025-08-07 19:55:09'</p>
<p>Queries made or created this session were:</p>
<ol>
<li>Executing: BEGIN | (no parameters)</li>
<li>Executing: UPDATE wp_actionscheduler_actions t1 JOIN ( SELECT action_id from wp_actionscheduler_actions WHERE claim_id = 0 AND scheduled_date_gmt &lt;= :param0  AND status=:param1  ORDER BY priority ASC, attempts ASC, scheduled_date_gmt ASC, action_id ASC LIMIT 25 FOR UPDATE ) t2 ON t1.action_id = t2.action_id SET claim_id=10, last_attempt_gmt=:param2 , last_attempt_local=:param3  | parameters: 2025-08-07 23:55:09, pending, 2025-08-07 23:55:09, 2025-08-07 19:55:09</li>
<li>Executing: ROLLBACK | (no parameters)</li>
</ol>
</div>
<div style="clear:both;margin-bottom:2px;border:red dotted thin;" class="error_message" style="border-bottom:dotted blue thin;">
Error occurred at line 4166 in Function <code>handle_error</code>. Error message was: SQLSTATE[HY000]: General error: 1 near "t1": syntax error.
</div>
<p>Backtrace:</p>
<pre>#0 /var/www/html/wp-content/mu-plugins/sqlite-database-integration/wp-includes/sqlite/class-wp-sqlite-db.php(287): WP_SQLite_Translator->get_error_message()
#1 /var/www/html/wp-content/plugins/wpforms-lite/vendor/woocommerce/action-scheduler/classes/data-stores/ActionScheduler_DBStore.php(1014): WP_SQLite_DB->query('UPDATE wp_actio...')
#2 /var/www/html/wp-content/plugins/wpforms-lite/vendor/woocommerce/action-scheduler/classes/data-stores/ActionScheduler_DBStore.php(861): ActionScheduler_DBStore->claim_actions(10, 25, NULL, '', '')
#3 /var/www/html/wp-content/plugins/wpforms-lite/vendor/woocommerce/action-scheduler/classes/data-stores/ActionScheduler_HybridStore.php(253): ActionScheduler_DBStore->stake_claim(25, NULL, Array, '')
#4 /var/www/html/wp-content/plugins/wpforms-lite/vendor/woocommerce/action-scheduler/classes/ActionScheduler_QueueRunner.php(179): ActionScheduler_HybridStore->stake_claim(25)
#5 /var/www/html/wp-content/plugins/wpforms-lite/vendor/woocommerce/action-scheduler/classes/ActionScheduler_QueueRunner.php(158): ActionScheduler_QueueRunner->do_batch(25, 'WP Cron')
#6 /var/www/html/wp-includes/class-wp-hook.php(324): ActionScheduler_QueueRunner->run('WP Cron')
#7 /var/www/html/wp-includes/class-wp-hook.php(348): WP_Hook->apply_filters('', Array)
#8 /var/www/html/wp-includes/plugin.php(565): WP_Hook->do_action(Array)
#9 /var/www/html/wp-cron.php(191): do_action_ref_array('action_schedule...', Array)
#10 {main}</pre>
. in /var/www/html/wp-content/plugins/wpforms-lite/vendor/woocommerce/action-scheduler/classes/data-stores/ActionScheduler_DBStore.php:1019
Stack trace:
#0 /var/www/html/wp-content/plugins/wpforms-lite/vendor/woocommerce/action-scheduler/classes/data-stores/ActionScheduler_DBStore.php(861): ActionScheduler_DBStore->claim_actions(10, 25, NULL, '', '')
#1 /var/www/html/wp-content/plugins/wpforms-lite/vendor/woocommerce/action-scheduler/classes/data-stores/ActionScheduler_HybridStore.php(253): ActionScheduler_DBStore->stake_claim(25, NULL, Array, '')
#2 /var/www/html/wp-content/plugins/wpforms-lite/vendor/woocommerce/action-scheduler/classes/ActionScheduler_QueueRunner.php(179): ActionScheduler_HybridStore->stake_claim(25)
#3 /var/www/html/wp-content/plugins/wpforms-lite/vendor/woocommerce/action-scheduler/classes/ActionScheduler_QueueRunner.php(158): ActionScheduler_QueueRunner->do_batch(25, 'WP Cron')
#4 /var/www/html/wp-includes/class-wp-hook.php(324): ActionScheduler_QueueRunner->run('WP Cron')
#5 /var/www/html/wp-includes/class-wp-hook.php(348): WP_Hook->apply_filters('', Array)
#6 /var/www/html/wp-includes/plugin.php(565): WP_Hook->do_action(Array)
#7 /var/www/html/wp-cron.php(191): do_action_ref_array('action_schedule...', Array)
#8 {main}
  thrown in /var/www/html/wp-content/plugins/wpforms-lite/vendor/woocommerce/action-scheduler/classes/data-stores/ActionScheduler_DBStore.php on line 1019
[07-Aug-2025 23:55:12 UTC] WordPress database error <div style="clear:both">&nbsp;</div>
<div class="queries" style="clear:both;margin-bottom:2px;border:red dotted thin;">
<p>MySQL query:</p>
<p>UPDATE wp_actionscheduler_actions t1 JOIN ( SELECT action_id from wp_actionscheduler_actions WHERE claim_id = 0 AND scheduled_date_gmt <= '2025-08-07 23:55:12' AND status='pending' ORDER BY priority ASC, attempts ASC, scheduled_date_gmt ASC, action_id ASC LIMIT 25 FOR UPDATE ) t2 ON t1.action_id = t2.action_id SET claim_id=11, last_attempt_gmt='2025-08-07 23:55:12', last_attempt_local='2025-08-07 19:55:12'</p>
<p>Queries made or created this session were:</p>
<ol>
<li>Executing: BEGIN | (no parameters)</li>
<li>Executing: UPDATE wp_actionscheduler_actions t1 JOIN ( SELECT action_id from wp_actionscheduler_actions WHERE claim_id = 0 AND scheduled_date_gmt &lt;= :param0  AND status=:param1  ORDER BY priority ASC, attempts ASC, scheduled_date_gmt ASC, action_id ASC LIMIT 25 FOR UPDATE ) t2 ON t1.action_id = t2.action_id SET claim_id=11, last_attempt_gmt=:param2 , last_attempt_local=:param3  | parameters: 2025-08-07 23:55:12, pending, 2025-08-07 23:55:12, 2025-08-07 19:55:12</li>
<li>Executing: ROLLBACK | (no parameters)</li>
</ol>
</div>
<div style="clear:both;margin-bottom:2px;border:red dotted thin;" class="error_message" style="border-bottom:dotted blue thin;">
Error occurred at line 4166 in Function <code>handle_error</code>. Error message was: SQLSTATE[HY000]: General error: 1 near "t1": syntax error.
</div>
<p>Backtrace:</p>
<pre>#0 /var/www/html/wp-content/mu-plugins/sqlite-database-integration/wp-includes/sqlite/class-wp-sqlite-db.php(287): WP_SQLite_Translator->get_error_message()
#1 /var/www/html/wp-content/plugins/wpforms-lite/vendor/woocommerce/action-scheduler/classes/data-stores/ActionScheduler_DBStore.php(1014): WP_SQLite_DB->query('UPDATE wp_actio...')
#2 /var/www/html/wp-content/plugins/wpforms-lite/vendor/woocommerce/action-scheduler/classes/data-stores/ActionScheduler_DBStore.php(861): ActionScheduler_DBStore->claim_actions(11, 25, NULL, '', '')
#3 /var/www/html/wp-content/plugins/wpforms-lite/vendor/woocommerce/action-scheduler/classes/data-stores/ActionScheduler_HybridStore.php(253): ActionScheduler_DBStore->stake_claim(25, NULL, Array, '')
#4 /var/www/html/wp-content/plugins/wpforms-lite/vendor/woocommerce/action-scheduler/classes/ActionScheduler_QueueRunner.php(179): ActionScheduler_HybridStore->stake_claim(25)
#5 /var/www/html/wp-content/plugins/wpforms-lite/vendor/woocommerce/action-scheduler/classes/ActionScheduler_QueueRunner.php(158): ActionScheduler_QueueRunner->do_batch(25, 'Async Request')
#6 /var/www/html/wp-includes/class-wp-hook.php(324): ActionScheduler_QueueRunner->run('Async Request')
#7 /var/www/html/wp-includes/class-wp-hook.php(348): WP_Hook->apply_filters('', Array)
#8 /var/www/html/wp-includes/plugin.php(517): WP_Hook->do_action(Array)
#9 /var/www/html/wp-content/plugins/wpforms-lite/vendor/woocommerce/action-scheduler/classes/ActionScheduler_AsyncRequest_QueueRunner.php(48): do_action('action_schedule...', 'Async Request')
#10 /var/www/html/wp-content/plugins/wpforms-lite/vendor/woocommerce/action-scheduler/lib/WP_Async_Request.php(174): ActionScheduler_AsyncRequest_QueueRunner->handle()
#11 /var/www/html/wp-includes/class-wp-hook.php(324): WP_Async_Request->maybe_handle('')
#12 /var/www/html/wp-includes/class-wp-hook.php(348): WP_Hook->apply_filters('', Array)
#13 /var/www/html/wp-includes/plugin.php(517): WP_Hook->do_action(Array)
#14 /var/www/html/wp-admin/admin-ajax.php(192): do_action('wp_ajax_as_asyn...')
#15 {main}</pre>
 for query UPDATE wp_actionscheduler_actions t1 JOIN ( SELECT action_id from wp_actionscheduler_actions WHERE claim_id = 0 AND scheduled_date_gmt <= '2025-08-07 23:55:12' AND status='pending' ORDER BY priority ASC, attempts ASC, scheduled_date_gmt ASC, action_id ASC LIMIT 25 FOR UPDATE ) t2 ON t1.action_id = t2.action_id SET claim_id=11, last_attempt_gmt='2025-08-07 23:55:12', last_attempt_local='2025-08-07 19:55:12' made by do_action('wp_ajax_as_async_request_queue_runner'), WP_Hook->do_action, WP_Hook->apply_filters, WP_Async_Request->maybe_handle, ActionScheduler_AsyncRequest_QueueRunner->handle, do_action('action_scheduler_run_queue'), WP_Hook->do_action, WP_Hook->apply_filters, ActionScheduler_QueueRunner->run, ActionScheduler_QueueRunner->do_batch, ActionScheduler_HybridStore->stake_claim, ActionScheduler_DBStore->stake_claim, ActionScheduler_DBStore->claim_actions, WP_SQLite_DB->query, WP_SQLite_DB->print_error
[07-Aug-2025 23:55:12 UTC] PHP Fatal error:  Uncaught RuntimeException: Unable to claim actions. Database error: <div style="clear:both">&nbsp;</div>
<div class="queries" style="clear:both;margin-bottom:2px;border:red dotted thin;">
<p>MySQL query:</p>
<p>UPDATE wp_actionscheduler_actions t1 JOIN ( SELECT action_id from wp_actionscheduler_actions WHERE claim_id = 0 AND scheduled_date_gmt <= '2025-08-07 23:55:12' AND status='pending' ORDER BY priority ASC, attempts ASC, scheduled_date_gmt ASC, action_id ASC LIMIT 25 FOR UPDATE ) t2 ON t1.action_id = t2.action_id SET claim_id=11, last_attempt_gmt='2025-08-07 23:55:12', last_attempt_local='2025-08-07 19:55:12'</p>
<p>Queries made or created this session were:</p>
<ol>
<li>Executing: BEGIN | (no parameters)</li>
<li>Executing: UPDATE wp_actionscheduler_actions t1 JOIN ( SELECT action_id from wp_actionscheduler_actions WHERE claim_id = 0 AND scheduled_date_gmt &lt;= :param0  AND status=:param1  ORDER BY priority ASC, attempts ASC, scheduled_date_gmt ASC, action_id ASC LIMIT 25 FOR UPDATE ) t2 ON t1.action_id = t2.action_id SET claim_id=11, last_attempt_gmt=:param2 , last_attempt_local=:param3  | parameters: 2025-08-07 23:55:12, pending, 2025-08-07 23:55:12, 2025-08-07 19:55:12</li>
<li>Executing: ROLLBACK | (no parameters)</li>
</ol>
</div>
<div style="clear:both;margin-bottom:2px;border:red dotted thin;" class="error_message" style="border-bottom:dotted blue thin;">
Error occurred at line 4166 in Function <code>handle_error</code>. Error message was: SQLSTATE[HY000]: General error: 1 near "t1": syntax error.
</div>
<p>Backtrace:</p>
<pre>#0 /var/www/html/wp-content/mu-plugins/sqlite-database-integration/wp-includes/sqlite/class-wp-sqlite-db.php(287): WP_SQLite_Translator->get_error_message()
#1 /var/www/html/wp-content/plugins/wpforms-lite/vendor/woocommerce/action-scheduler/classes/data-stores/ActionScheduler_DBStore.php(1014): WP_SQLite_DB->query('UPDATE wp_actio...')
#2 /var/www/html/wp-content/plugins/wpforms-lite/vendor/woocommerce/action-scheduler/classes/data-stores/ActionScheduler_DBStore.php(861): ActionScheduler_DBStore->claim_actions(11, 25, NULL, '', '')
#3 /var/www/html/wp-content/plugins/wpforms-lite/vendor/woocommerce/action-scheduler/classes/data-stores/ActionScheduler_HybridStore.php(253): ActionScheduler_DBStore->stake_claim(25, NULL, Array, '')
#4 /var/www/html/wp-content/plugins/wpforms-lite/vendor/woocommerce/action-scheduler/classes/ActionScheduler_QueueRunner.php(179): ActionScheduler_HybridStore->stake_claim(25)
#5 /var/www/html/wp-content/plugins/wpforms-lite/vendor/woocommerce/action-scheduler/classes/ActionScheduler_QueueRunner.php(158): ActionScheduler_QueueRunner->do_batch(25, 'Async Request')
#6 /var/www/html/wp-includes/class-wp-hook.php(324): ActionScheduler_QueueRunner->run('Async Request')
#7 /var/www/html/wp-includes/class-wp-hook.php(348): WP_Hook->apply_filters('', Array)
#8 /var/www/html/wp-includes/plugin.php(517): WP_Hook->do_action(Array)
#9 /var/www/html/wp-content/plugins/wpforms-lite/vendor/woocommerce/action-scheduler/classes/ActionScheduler_AsyncRequest_QueueRunner.php(48): do_action('action_schedule...', 'Async Request')
#10 /var/www/html/wp-content/plugins/wpforms-lite/vendor/woocommerce/action-scheduler/lib/WP_Async_Request.php(174): ActionScheduler_AsyncRequest_QueueRunner->handle()
#11 /var/www/html/wp-includes/class-wp-hook.php(324): WP_Async_Request->maybe_handle('')
#12 /var/www/html/wp-includes/class-wp-hook.php(348): WP_Hook->apply_filters('', Array)
#13 /var/www/html/wp-includes/plugin.php(517): WP_Hook->do_action(Array)
#14 /var/www/html/wp-admin/admin-ajax.php(192): do_action('wp_ajax_as_asyn...')
#15 {main}</pre>
. in /var/www/html/wp-content/plugins/wpforms-lite/vendor/woocommerce/action-scheduler/classes/data-stores/ActionScheduler_DBStore.php:1019
Stack trace:
#0 /var/www/html/wp-content/plugins/wpforms-lite/vendor/woocommerce/action-scheduler/classes/data-stores/ActionScheduler_DBStore.php(861): ActionScheduler_DBStore->claim_actions(11, 25, NULL, '', '')
#1 /var/www/html/wp-content/plugins/wpforms-lite/vendor/woocommerce/action-scheduler/classes/data-stores/ActionScheduler_HybridStore.php(253): ActionScheduler_DBStore->stake_claim(25, NULL, Array, '')
#2 /var/www/html/wp-content/plugins/wpforms-lite/vendor/woocommerce/action-scheduler/classes/ActionScheduler_QueueRunner.php(179): ActionScheduler_HybridStore->stake_claim(25)
#3 /var/www/html/wp-content/plugins/wpforms-lite/vendor/woocommerce/action-scheduler/classes/ActionScheduler_QueueRunner.php(158): ActionScheduler_QueueRunner->do_batch(25, 'Async Request')
#4 /var/www/html/wp-includes/class-wp-hook.php(324): ActionScheduler_QueueRunner->run('Async Request')
#5 /var/www/html/wp-includes/class-wp-hook.php(348): WP_Hook->apply_filters('', Array)
#6 /var/www/html/wp-includes/plugin.php(517): WP_Hook->do_action(Array)
#7 /var/www/html/wp-content/plugins/wpforms-lite/vendor/woocommerce/action-scheduler/classes/ActionScheduler_AsyncRequest_QueueRunner.php(48): do_action('action_schedule...', 'Async Request')
#8 /var/www/html/wp-content/plugins/wpforms-lite/vendor/woocommerce/action-scheduler/lib/WP_Async_Request.php(174): ActionScheduler_AsyncRequest_QueueRunner->handle()
#9 /var/www/html/wp-includes/class-wp-hook.php(324): WP_Async_Request->maybe_handle('')
#10 /var/www/html/wp-includes/class-wp-hook.php(348): WP_Hook->apply_filters('', Array)
#11 /var/www/html/wp-includes/plugin.php(517): WP_Hook->do_action(Array)
#12 /var/www/html/wp-admin/admin-ajax.php(192): do_action('wp_ajax_as_asyn...')
#13 {main}
  thrown in /var/www/html/wp-content/plugins/wpforms-lite/vendor/woocommerce/action-scheduler/classes/data-stores/ActionScheduler_DBStore.php on line 1019
